latitude_deg,longitude_deg_east,elevation_m,hemisphere
88.875,1.125,-1483.5,North
88.875,3.125,-1500.0,North
88.875,5.125,-1487.0,North
88.875,7.125,-1488.0,North
88.875,9.125,-1514.0,North
88.875,11.125,-1495.0,North
88.875,13.125,-1497.5,North
88.875,15.125,-1495.5,North
88.875,17.125,-1518.5,North
88.875,19.125,-1514.5,North
88.875,21.125,-1514.0,North
88.875,23.125,-1528.5,North
88.875,25.125,-1525.0,North
88.875,27.125,-1508.5,North
88.875,29.125,-1525.0,North
88.875,31.125,-1581.0,North
88.875,33.125,-1565.0,North
88.875,35.125,-1541.5,North
88.875,37.125,-1525.0,North
88.875,39.125,-1512.0,North
88.875,41.125,-1487.5,North
88.875,43.125,-1449.0,North
88.875,45.125,-1454.0,North
88.875,47.125,-1465.0,North
88.875,49.125,-1478.0,North
88.875,51.125,-1450.5,North
88.875,53.125,-1435.0,North
88.875,55.125,-1453.5,North
88.875,57.125,-1448.0,North
88.875,59.125,-1431.0,North
88.875,61.125,-1435.5,North
88.875,63.125,-1410.0,North
88.875,65.125,-1383.0,North
88.875,67.125,-1389.5,North
88.875,69.125,-1336.0,North
88.875,71.125,-1338.5,North
88.875,73.125,-1333.5,North
88.875,75.125,-1299.5,North
88.875,77.125,-1127.0,North
88.875,79.125,-1069.5,North
88.875,81.125,-1099.0,North
88.875,83.125,-950.5,North
88.875,85.125,-884.5,North
88.875,87.125,-942.5,North
88.875,89.125,-1206.0,North
88.875,91.125,-1054.0,North
88.875,93.125,-1136.0,North
88.875,95.125,-1119.5,North
88.875,97.125,-994.0,North
88.875,99.125,-831.5,North
88.875,101.125,-615.0,North
88.875,103.125,-576.0,North
88.875,105.125,-473.0,North
88.875,107.125,-484.5,North
88.875,109.125,-637.5,North
88.875,111.125,-437.5,North
88.875,113.125,-177.5,North
88.875,115.125,-472.0,North
88.875,117.125,-637.5,North
88.875,119.125,-725.5,North
88.875,121.125,-748.0,North
88.875,123.125,-820.0,North
88.875,125.125,-789.5,North
88.875,127.125,-754.5,North
88.875,129.125,-656.5,North
88.875,131.125,-760.0,North
88.875,133.125,-776.5,North
88.875,135.125,-748.0,North
88.875,137.125,-769.0,North
88.875,139.125,-768.0,North
88.875,141.125,-770.5,North
88.875,143.125,-821.5,North
88.875,145.125,-998.5,North
88.875,147.125,-977.0,North
88.875,149.125,-928.5,North
88.875,151.125,-880.5,North
88.875,153.125,-833.0,North
88.875,155.125,-829.0,North
88.875,157.125,-822.5,North
88.875,159.125,-927.0,North
88.875,161.125,-932.5,North
88.875,163.125,-880.5,North
88.875,165.125,-786.0,North
88.875,167.125,-688.5,North
88.875,169.125,-672.5,North
88.875,171.125,-658.0,North
88.875,173.125,-859.0,North
88.875,175.125,-805.0,North
88.875,177.125,-796.5,North
88.875,179.125,-805.0,North
88.875,181.125,-856.0,North
88.875,183.125,-810.5,North
88.875,185.125,-896.5,North
88.875,187.125,-819.5,North
88.875,189.125,-803.5,North
88.875,191.125,-683.0,North
88.875,193.125,-589.0,North
88.875,195.125,-480.0,North
88.875,197.125,-389.5,North
88.875,199.125,-376.0,North
88.875,201.125,-341.0,North
88.875,203.125,-518.0,North
88.875,205.125,-529.0,North
88.875,207.125,-583.0,North
88.875,209.125,-557.5,North
88.875,211.125,-584.5,North
88.875,213.125,-407.5,North
88.875,215.125,-569.0,North
88.875,217.125,-599.0,North
88.875,219.125,-564.5,North
88.875,221.125,-629.0,North
88.875,223.125,-615.5,North
88.875,225.125,-363.0,North
88.875,227.125,-339.5,North
88.875,229.125,-417.0,North
88.875,231.125,-631.5,North
88.875,233.125,-856.5,North
88.875,235.125,-818.0,North
88.875,237.125,-725.5,North
88.875,239.125,-550.0,North
88.875,241.125,-616.0,North
88.875,243.125,-727.5,North
88.875,245.125,-853.5,North
88.875,247.125,-969.0,North
88.875,249.125,-745.5,North
88.875,251.125,-879.5,North
88.875,253.125,-1067.5,North
88.875,255.125,-1022.0,North
88.875,257.125,-851.5,North
88.875,259.125,-852.5,North
88.875,261.125,-1000.5,North
88.875,263.125,-1169.5,North
88.875,265.125,-1192.0,North
88.875,267.125,-1231.0,North
88.875,269.125,-1311.5,North
88.875,271.125,-1271.0,North
88.875,273.125,-1317.5,North
88.875,275.125,-1360.5,North
88.875,277.125,-1297.5,North
88.875,279.125,-1222.0,North
88.875,281.125,-1156.0,North
88.875,283.125,-1168.0,North
88.875,285.125,-1193.5,North
88.875,287.125,-1261.0,North
88.875,289.125,-1274.0,North
88.875,291.125,-1240.5,North
88.875,293.125,-1272.0,North
88.875,295.125,-1290.0,North
88.875,297.125,-1138.5,North
88.875,299.125,-1003.5,North
88.875,301.125,-1056.5,North
88.875,303.125,-1070.0,North
88.875,305.125,-1061.0,North
88.875,307.125,-1151.5,North
88.875,309.125,-1126.5,North
88.875,311.125,-1101.5,North
88.875,313.125,-970.0,North
88.875,315.125,-1028.5,North
88.875,317.125,-1145.5,North
88.875,319.125,-1205.0,North
88.875,321.125,-1253.0,North
88.875,323.125,-1258.5,North
88.875,325.125,-1189.0,North
88.875,327.125,-1071.0,North
88.875,329.125,-1164.5,North
88.875,331.125,-1282.0,North
88.875,333.125,-1323.0,North
88.875,335.125,-1345.5,North
88.875,337.125,-1362.5,North
88.875,339.125,-1386.5,North
88.875,341.125,-1382.0,North
88.875,343.125,-1374.0,North
88.875,345.125,-1368.5,North
88.875,347.125,-1378.5,North
88.875,349.125,-1386.0,North
88.875,351.125,-1404.0,North
88.875,353.125,-1439.5,North
88.875,355.125,-1448.5,North
88.875,357.125,-1458.5,North
88.875,359.125,-1463.0,North
86.875,1.125,711.5,North
86.875,3.125,720.5,North
86.875,5.125,-386.0,North
86.875,7.125,46.5,North
86.875,9.125,994.5,North
86.875,11.125,480.0,North
86.875,13.125,-12.5,North
86.875,15.125,-340.0,North
86.875,17.125,215.5,North
86.875,19.125,-308.0,North
86.875,21.125,-352.5,North
86.875,23.125,-231.0,North
86.875,25.125,-261.0,North
86.875,27.125,-747.0,North
86.875,29.125,-1073.5,North
86.875,31.125,-493.5,North
86.875,33.125,-540.0,North
86.875,35.125,-578.5,North
86.875,37.125,-550.5,North
86.875,39.125,-524.5,North
86.875,41.125,-570.5,North
86.875,43.125,-553.0,North
86.875,45.125,-412.5,North
86.875,47.125,-468.5,North
86.875,49.125,-508.0,North
86.875,51.125,-488.5,North
86.875,53.125,-473.0,North
86.875,55.125,-458.5,North
86.875,57.125,-845.5,North
86.875,59.125,-394.0,North
86.875,61.125,-891.5,North
86.875,63.125,-1090.5,North
86.875,65.125,-1209.0,North
86.875,67.125,-1206.5,North
86.875,69.125,-1253.5,North
86.875,71.125,-1256.5,North
86.875,73.125,-1304.5,North
86.875,75.125,-1230.5,North
86.875,77.125,-1236.0,North
86.875,79.125,-1142.0,North
86.875,81.125,-1030.0,North
86.875,83.125,-1118.0,North
86.875,85.125,-1119.0,North
86.875,87.125,-1174.5,North
86.875,89.125,-1270.5,North
86.875,91.125,-1205.5,North
86.875,93.125,-1246.5,North
86.875,95.125,-1152.0,North
86.875,97.125,-1004.0,North
86.875,99.125,-1033.0,North
86.875,101.125,-955.0,North
86.875,103.125,-1088.5,North
86.875,105.125,-1057.5,North
86.875,107.125,-1023.5,North
86.875,109.125,-1135.0,North
86.875,111.125,-1224.0,North
86.875,113.125,-1210.0,North
86.875,115.125,-1178.5,North
86.875,117.125,-1164.5,North
86.875,119.125,-1199.0,North
86.875,121.125,-1148.0,North
86.875,123.125,-1158.0,North
86.875,125.125,-1077.0,North
86.875,127.125,-716.0,North
86.875,129.125,-1114.0,North
86.875,131.125,-1245.0,North
86.875,133.125,-1269.5,North
86.875,135.125,-1262.5,North
86.875,137.125,-926.0,North
86.875,139.125,17.0,North
86.875,141.125,-732.0,North
86.875,143.125,-746.0,North
86.875,145.125,-305.0,North
86.875,147.125,-173.5,North
86.875,149.125,193.5,North
86.875,151.125,-272.0,North
86.875,153.125,315.0,North
86.875,155.125,-371.0,North
86.875,157.125,-597.0,North
86.875,159.125,-82.5,North
86.875,161.125,419.0,North
86.875,163.125,-112.0,North
86.875,165.125,-204.5,North
86.875,167.125,399.5,North
86.875,169.125,141.5,North
86.875,171.125,-357.0,North
86.875,173.125,-579.0,North
86.875,175.125,-1028.5,North
86.875,177.125,-1238.5,North
86.875,179.125,-1515.0,North
86.875,181.125,-1791.5,North
86.875,183.125,-2378.0,North
86.875,185.125,-2191.0,North
86.875,187.125,-2040.0,North
86.875,189.125,-2433.5,North
86.875,191.125,-2734.5,North
86.875,193.125,-2696.5,North
86.875,195.125,-2720.5,North
86.875,197.125,-2689.0,North
86.875,199.125,-2694.5,North
86.875,201.125,-2701.0,North
86.875,203.125,-2694.5,North
86.875,205.125,-2696.0,North
86.875,207.125,-2680.0,North
86.875,209.125,-2672.0,North
86.875,211.125,-2648.0,North
86.875,213.125,-2654.0,North
86.875,215.125,-2656.0,North
86.875,217.125,-2658.5,North
86.875,219.125,-2544.5,North
86.875,221.125,-2180.5,North
86.875,223.125,-1777.5,North
86.875,225.125,-1423.5,North
86.875,227.125,-901.0,North
86.875,229.125,-473.5,North
86.875,231.125,588.5,North
86.875,233.125,792.0,North
86.875,235.125,655.5,North
86.875,237.125,282.0,North
86.875,239.125,300.5,North
86.875,241.125,-2.5,North
86.875,243.125,-875.0,North
86.875,245.125,-1403.5,North
86.875,247.125,-2005.0,North
86.875,249.125,-2177.0,North
86.875,251.125,-2234.0,North
86.875,253.125,-2220.5,North
86.875,255.125,-2233.5,North
86.875,257.125,-2290.5,North
86.875,259.125,-2269.0,North
86.875,261.125,-2257.0,North
86.875,263.125,-2269.0,North
86.875,265.125,-2199.0,North
86.875,267.125,-2225.0,North
86.875,269.125,-2119.0,North
86.875,271.125,-2147.5,North
86.875,273.125,-2152.0,North
86.875,275.125,-2184.0,North
86.875,277.125,-2200.0,North
86.875,279.125,-2210.5,North
86.875,281.125,-2218.5,North
86.875,283.125,-2187.5,North
86.875,285.125,-2151.5,North
86.875,287.125,-2106.0,North
86.875,289.125,-1129.5,North
86.875,291.125,-845.5,North
86.875,293.125,-352.5,North
86.875,295.125,343.0,North
86.875,297.125,489.0,North
86.875,299.125,659.0,North
86.875,301.125,798.5,North
86.875,303.125,622.5,North
86.875,305.125,517.0,North
86.875,307.125,260.0,North
86.875,309.125,42.0,North
86.875,311.125,-105.5,North
86.875,313.125,308.0,North
86.875,315.125,195.0,North
86.875,317.125,511.5,North
86.875,319.125,193.0,North
86.875,321.125,-370.5,North
86.875,323.125,-824.5,North
86.875,325.125,-941.0,North
86.875,327.125,-1008.5,North
86.875,329.125,-1095.5,North
86.875,331.125,-1133.0,North
86.875,333.125,-1114.5,North
86.875,335.125,-1116.5,North
86.875,337.125,-1211.5,North
86.875,339.125,-1233.0,North
86.875,341.125,-1111.0,North
86.875,343.125,-1149.5,North
86.875,345.125,-1140.5,North
86.875,347.125,-1214.5,North
86.875,349.125,-1129.0,North
86.875,351.125,-1068.0,North
86.875,353.125,-1049.0,North
86.875,355.125,-724.5,North
86.875,357.125,-468.5,North
86.875,359.125,129.0,North
84.875,1.125,-1394.0,North
84.875,3.125,-1421.5,North
84.875,5.125,-1405.5,North
84.875,7.125,-1440.0,North
84.875,9.125,-1421.0,North
84.875,11.125,-1380.5,North
84.875,13.125,-1310.0,North
84.875,15.125,-1307.5,North
84.875,17.125,-1265.5,North
84.875,19.125,-1229.0,North
84.875,21.125,-1205.0,North
84.875,23.125,-1073.0,North
84.875,25.125,-613.5,North
84.875,27.125,-1042.5,North
84.875,29.125,-1133.0,North
84.875,31.125,-1227.5,North
84.875,33.125,-1116.5,North
84.875,35.125,-2092.5,North
84.875,37.125,-137.0,North
84.875,39.125,-1181.5,North
84.875,41.125,-1271.0,North
84.875,43.125,-1211.5,North
84.875,45.125,-1303.0,North
84.875,47.125,-1353.0,North
84.875,49.125,-1238.0,North
84.875,51.125,-471.0,North
84.875,53.125,-1187.5,North
84.875,55.125,-2392.0,North
84.875,57.125,-3072.5,North
84.875,59.125,-3146.0,North
84.875,61.125,-3148.0,North
84.875,63.125,-3122.5,North
84.875,65.125,-3082.0,North
84.875,67.125,-3053.5,North
84.875,69.125,-2986.5,North
84.875,71.125,-2004.0,North
84.875,73.125,-476.5,North
84.875,75.125,-316.0,North
84.875,77.125,-511.5,North
84.875,79.125,-378.5,North
84.875,81.125,-679.0,North
84.875,83.125,-803.0,North
84.875,85.125,-837.5,North
84.875,87.125,-564.0,North
84.875,89.125,-1429.0,North
84.875,91.125,-1668.5,North
84.875,93.125,-1733.0,North
84.875,95.125,-1608.0,North
84.875,97.125,-1600.5,North
84.875,99.125,-1501.5,North
84.875,101.125,-941.0,North
84.875,103.125,-496.5,North
84.875,105.125,-333.5,North
84.875,107.125,-29.5,North
84.875,109.125,23.5,North
84.875,111.125,-686.5,North
84.875,113.125,-1174.5,North
84.875,115.125,-604.5,North
84.875,117.125,-898.5,North
84.875,119.125,-1096.5,North
84.875,121.125,-663.5,North
84.875,123.125,-723.0,North
84.875,125.125,-520.5,North
84.875,127.125,-1077.5,North
84.875,129.125,-1133.5,North
84.875,131.125,-993.0,North
84.875,133.125,-1039.0,North
84.875,135.125,-1076.0,North
84.875,137.125,-1024.0,North
84.875,139.125,-968.5,North
84.875,141.125,-772.5,North
84.875,143.125,75.5,North
84.875,145.125,-787.5,North
84.875,147.125,-1994.5,North
84.875,149.125,-2577.5,North
84.875,151.125,-2876.5,North
84.875,153.125,-2727.0,North
84.875,155.125,-2703.0,North
84.875,157.125,-1642.5,North
84.875,159.125,-292.0,North
84.875,161.125,414.5,North
84.875,163.125,245.0,North
84.875,165.125,121.5,North
84.875,167.125,-14.0,North
84.875,169.125,279.0,North
84.875,171.125,-518.0,North
84.875,173.125,-1524.0,North
84.875,175.125,-2064.5,North
84.875,177.125,-2503.0,North
84.875,179.125,-2716.0,North
84.875,181.125,-2807.5,North
84.875,183.125,-2799.0,North
84.875,185.125,-2410.5,North
84.875,187.125,-4541.5,North
84.875,189.125,-3425.0,North
84.875,191.125,-2580.5,North
84.875,193.125,-2776.5,North
84.875,195.125,-2167.0,North
84.875,197.125,-2071.5,North
84.875,199.125,-2664.0,North
84.875,201.125,-2776.0,North
84.875,203.125,-2817.5,North
84.875,205.125,-2768.0,North
84.875,207.125,-2774.5,North
84.875,209.125,-2792.5,North
84.875,211.125,-2740.0,North
84.875,213.125,-2710.5,North
84.875,215.125,-2710.5,North
84.875,217.125,-2724.5,North
84.875,219.125,-2756.5,North
84.875,221.125,-2727.5,North
84.875,223.125,-2673.5,North
84.875,225.125,-2472.0,North
84.875,227.125,-1634.0,North
84.875,229.125,-865.5,North
84.875,231.125,-452.0,North
84.875,233.125,-623.5,North
84.875,235.125,-120.0,North
84.875,237.125,-119.5,North
84.875,239.125,-102.0,North
84.875,241.125,37.0,North
84.875,243.125,-715.0,North
84.875,245.125,-841.5,North
84.875,247.125,-1936.0,North
84.875,249.125,-2038.5,North
84.875,251.125,-2069.0,North
84.875,253.125,-2180.5,North
84.875,255.125,-1459.5,North
84.875,257.125,-832.0,North
84.875,259.125,-1493.0,North
84.875,261.125,-2050.5,North
84.875,263.125,-1765.0,North
84.875,265.125,-2047.0,North
84.875,267.125,-2068.0,North
84.875,269.125,-2111.0,North
84.875,271.125,-2056.5,North
84.875,273.125,-1927.5,North
84.875,275.125,-762.0,North
84.875,277.125,-931.0,North
84.875,279.125,-1147.0,North
84.875,281.125,449.0,North
84.875,283.125,521.5,North
84.875,285.125,385.0,North
84.875,287.125,234.5,North
84.875,289.125,-31.5,North
84.875,291.125,-366.0,North
84.875,293.125,-406.0,North
84.875,295.125,-572.5,North
84.875,297.125,-671.0,North
84.875,299.125,-581.5,North
84.875,301.125,-893.5,North
84.875,303.125,-807.0,North
84.875,305.125,-722.0,North
84.875,307.125,-720.0,North
84.875,309.125,-736.0,North
84.875,311.125,-286.5,North
84.875,313.125,-564.5,North
84.875,315.125,-457.5,North
84.875,317.125,-71.0,North
84.875,319.125,-776.5,North
84.875,321.125,-952.0,North
84.875,323.125,-893.0,North
84.875,325.125,-543.0,North
84.875,327.125,-684.0,North
84.875,329.125,-1231.0,North
84.875,331.125,-1341.0,North
84.875,333.125,-1335.5,North
84.875,335.125,-1341.0,North
84.875,337.125,-1324.0,North
84.875,339.125,-1258.0,North
84.875,341.125,-1079.5,North
84.875,343.125,-1010.5,North
84.875,345.125,-321.0,North
84.875,347.125,-1130.5,North
84.875,349.125,-1356.0,North
84.875,351.125,-1273.5,North
84.875,353.125,-1280.5,North
84.875,355.125,-1271.5,North
84.875,357.125,-1286.0,North
84.875,359.125,-1332.5,North
82.875,1.125,-820.5,North
82.875,3.125,-884.0,North
82.875,5.125,-526.5,North
82.875,7.125,-156.0,North
82.875,9.125,113.5,North
82.875,11.125,505.0,North
82.875,13.125,-709.5,North
82.875,15.125,-766.5,North
82.875,17.125,-710.0,North
82.875,19.125,204.0,North
82.875,21.125,80.0,North
82.875,23.125,89.5,North
82.875,25.125,241.5,North
82.875,27.125,-324.5,North
82.875,29.125,-1004.0,North
82.875,31.125,-1042.5,North
82.875,33.125,-903.0,North
82.875,35.125,-1169.5,North
82.875,37.125,-1208.5,North
82.875,39.125,-1083.0,North
82.875,41.125,-1108.0,North
82.875,43.125,-1120.5,North
82.875,45.125,-972.0,North
82.875,47.125,-879.0,North
82.875,49.125,-74.0,North
82.875,51.125,906.0,North
82.875,53.125,382.0,North
82.875,55.125,-834.5,North
82.875,57.125,-1293.5,North
82.875,59.125,-848.5,North
82.875,61.125,-2226.0,North
82.875,63.125,-2873.0,North
82.875,65.125,-2703.0,North
82.875,67.125,-2681.5,North
82.875,69.125,-1921.0,North
82.875,71.125,-816.5,North
82.875,73.125,-608.0,North
82.875,75.125,-937.5,North
82.875,77.125,-1145.5,North
82.875,79.125,-904.5,North
82.875,81.125,-633.5,North
82.875,83.125,-553.0,North
82.875,85.125,-498.5,North
82.875,87.125,-749.0,North
82.875,89.125,-471.5,North
82.875,91.125,-122.0,North
82.875,93.125,-141.5,North
82.875,95.125,-44.0,North
82.875,97.125,-935.0,North
82.875,99.125,-2589.5,North
82.875,101.125,-315.5,North
82.875,103.125,914.0,North
82.875,105.125,446.0,North
82.875,107.125,6.0,North
82.875,109.125,-151.0,North
82.875,111.125,-53.0,North
82.875,113.125,-360.5,North
82.875,115.125,-334.0,North
82.875,117.125,-6.0,North
82.875,119.125,1.0,North
82.875,121.125,-244.5,North
82.875,123.125,-1458.0,North
82.875,125.125,-445.5,North
82.875,127.125,-913.5,North
82.875,129.125,-724.5,North
82.875,131.125,-696.5,North
82.875,133.125,-917.5,North
82.875,135.125,-786.5,North
82.875,137.125,-535.5,North
82.875,139.125,-632.0,North
82.875,141.125,-1573.0,North
82.875,143.125,-284.0,North
82.875,145.125,-1699.5,North
82.875,147.125,-1802.0,North
82.875,149.125,-1844.0,North
82.875,151.125,-1773.5,North
82.875,153.125,-1652.0,North
82.875,155.125,-1268.0,North
82.875,157.125,209.5,North
82.875,159.125,207.5,North
82.875,161.125,229.0,North
82.875,163.125,865.5,North
82.875,165.125,1106.0,North
82.875,167.125,276.5,North
82.875,169.125,-778.5,North
82.875,171.125,-1424.5,North
82.875,173.125,-1997.0,North
82.875,175.125,-2741.0,North
82.875,177.125,-2763.0,North
82.875,179.125,-2524.0,North
82.875,181.125,-2291.0,North
82.875,183.125,-1276.5,North
82.875,185.125,-155.5,North
82.875,187.125,1141.5,North
82.875,189.125,1028.0,North
82.875,191.125,-746.0,North
82.875,193.125,-1082.5,North
82.875,195.125,-2305.5,North
82.875,197.125,-2819.5,North
82.875,199.125,-2765.5,North
82.875,201.125,-2833.5,North
82.875,203.125,-2853.0,North
82.875,205.125,-2629.0,North
82.875,207.125,-2338.5,North
82.875,209.125,-1547.5,North
82.875,211.125,-1361.0,North
82.875,213.125,-1336.0,North
82.875,215.125,-891.0,North
82.875,217.125,-868.5,North
82.875,219.125,-463.5,North
82.875,221.125,-343.0,North
82.875,223.125,-836.5,North
82.875,225.125,-417.0,North
82.875,227.125,-443.5,North
82.875,229.125,-183.0,North
82.875,231.125,17.5,North
82.875,233.125,880.0,North
82.875,235.125,1050.5,North
82.875,237.125,693.0,North
82.875,239.125,273.5,North
82.875,241.125,-246.0,North
82.875,243.125,-220.5,North
82.875,245.125,198.0,North
82.875,247.125,-144.0,North
82.875,249.125,-519.5,North
82.875,251.125,-136.0,North
82.875,253.125,426.5,North
82.875,255.125,508.0,North
82.875,257.125,429.5,North
82.875,259.125,356.5,North
82.875,261.125,-556.0,North
82.875,263.125,-1311.0,North
82.875,265.125,-1129.5,North
82.875,267.125,-1034.0,North
82.875,269.125,-519.0,North
82.875,271.125,-146.0,North
82.875,273.125,-2259.5,North
82.875,275.125,-2896.5,North
82.875,277.125,-2933.0,North
82.875,279.125,-2946.5,North
82.875,281.125,-2919.5,North
82.875,283.125,-2117.5,North
82.875,285.125,46.0,North
82.875,287.125,792.5,North
82.875,289.125,70.0,North
82.875,291.125,23.5,North
82.875,293.125,-338.0,North
82.875,295.125,-672.0,North
82.875,297.125,-668.0,North
82.875,299.125,-907.0,North
82.875,301.125,-1055.5,North
82.875,303.125,-1053.5,North
82.875,305.125,-556.5,North
82.875,307.125,-463.0,North
82.875,309.125,-608.0,North
82.875,311.125,-580.0,North
82.875,313.125,-1131.5,North
82.875,315.125,-1077.0,North
82.875,317.125,-1167.0,North
82.875,319.125,-1178.0,North
82.875,321.125,-1140.5,North
82.875,323.125,-1050.5,North
82.875,325.125,-1096.0,North
82.875,327.125,-825.0,North
82.875,329.125,-781.5,North
82.875,331.125,-946.0,North
82.875,333.125,-1055.0,North
82.875,335.125,-1055.0,North
82.875,337.125,-1086.5,North
82.875,339.125,-779.5,North
82.875,341.125,-879.5,North
82.875,343.125,-852.5,North
82.875,345.125,-979.0,North
82.875,347.125,-967.5,North
82.875,349.125,-964.5,North
82.875,351.125,-788.5,North
82.875,353.125,-719.5,North
82.875,355.125,-471.0,North
82.875,357.125,110.0,North
82.875,359.125,-787.5,North
80.875,1.125,-588.0,North
80.875,3.125,-567.5,North
80.875,5.125,-345.0,North
80.875,7.125,-1356.5,North
80.875,9.125,-1359.5,North
80.875,11.125,-1437.5,North
80.875,13.125,-1434.0,North
80.875,15.125,-1261.5,North
80.875,17.125,-678.0,North
80.875,19.125,-772.0,North
80.875,21.125,-799.0,North
80.875,23.125,-620.0,North
80.875,25.125,-444.0,North
80.875,27.125,-134.0,North
80.875,29.125,311.0,North
80.875,31.125,-1331.0,North
80.875,33.125,-2343.0,North
80.875,35.125,-2091.0,North
80.875,37.125,-2049.0,North
80.875,39.125,-1777.5,North
80.875,41.125,-1792.0,North
80.875,43.125,-1149.5,North
80.875,45.125,264.5,North
80.875,47.125,357.0,North
80.875,49.125,62.5,North
80.875,51.125,-246.0,North
80.875,53.125,-946.0,North
80.875,55.125,-872.0,North
80.875,57.125,-1408.0,North
80.875,59.125,-1076.0,North
80.875,61.125,-1662.0,North
80.875,63.125,-1099.0,North
80.875,65.125,-1212.5,North
80.875,67.125,-735.5,North
80.875,69.125,-567.5,North
80.875,71.125,-347.0,North
80.875,73.125,-695.5,North
80.875,75.125,-878.5,North
80.875,77.125,-635.5,North
80.875,79.125,-450.0,North
80.875,81.125,-874.0,North
80.875,83.125,370.5,North
80.875,85.125,-702.0,North
80.875,87.125,-2659.0,North
80.875,89.125,-3235.0,North
80.875,91.125,-3267.5,North
80.875,93.125,-3273.5,North
80.875,95.125,-3260.5,North
80.875,97.125,-3125.5,North
80.875,99.125,-2901.0,North
80.875,101.125,-3007.5,North
80.875,103.125,-2912.5,North
80.875,105.125,-1975.0,North
80.875,107.125,-480.5,North
80.875,109.125,-66.0,North
80.875,111.125,250.0,North
80.875,113.125,149.0,North
80.875,115.125,328.5,North
80.875,117.125,-104.5,North
80.875,119.125,-623.5,North
80.875,121.125,-2761.0,North
80.875,123.125,-2372.5,North
80.875,125.125,-990.5,North
80.875,127.125,-283.0,North
80.875,129.125,-1452.5,North
80.875,131.125,-1788.0,North
80.875,133.125,-1809.5,North
80.875,135.125,-1748.0,North
80.875,137.125,-1515.0,North
80.875,139.125,-401.5,North
80.875,141.125,-879.5,North
80.875,143.125,-1013.0,North
80.875,145.125,-954.0,North
80.875,147.125,-974.5,North
80.875,149.125,7.0,North
80.875,151.125,-1028.0,North
80.875,153.125,92.0,North
80.875,155.125,-1316.5,North
80.875,157.125,-1429.5,North
80.875,159.125,-1040.5,North
80.875,161.125,-801.5,North
80.875,163.125,-376.0,North
80.875,165.125,808.0,North
80.875,167.125,6.5,North
80.875,169.125,-1321.0,North
80.875,171.125,-2908.0,North
80.875,173.125,-3038.5,North
80.875,175.125,-2923.0,North
80.875,177.125,-2874.5,North
80.875,179.125,-2901.0,North
80.875,181.125,-2783.5,North
80.875,183.125,-2630.5,North
80.875,185.125,-1381.5,North
80.875,187.125,253.5,North
80.875,189.125,1559.5,North
80.875,191.125,1415.0,North
80.875,193.125,575.0,North
80.875,195.125,674.0,North
80.875,197.125,64.0,North
80.875,199.125,-169.0,North
80.875,201.125,310.0,North
80.875,203.125,43.0,North
80.875,205.125,196.5,North
80.875,207.125,487.0,North
80.875,209.125,469.5,North
80.875,211.125,-102.5,North
80.875,213.125,-16.5,North
80.875,215.125,87.0,North
80.875,217.125,-330.5,North
80.875,219.125,-43.0,North
80.875,221.125,-160.0,North
80.875,223.125,-412.5,North
80.875,225.125,-188.0,North
80.875,227.125,490.0,North
80.875,229.125,299.0,North
80.875,231.125,96.0,North
80.875,233.125,-582.5,North
80.875,235.125,-724.0,North
80.875,237.125,-806.5,North
80.875,239.125,-544.5,North
80.875,241.125,-568.0,North
80.875,243.125,-301.5,North
80.875,245.125,324.5,North
80.875,247.125,510.0,North
80.875,249.125,-177.0,North
80.875,251.125,194.0,North
80.875,253.125,142.0,North
80.875,255.125,459.0,North
80.875,257.125,-418.0,North
80.875,259.125,-186.5,North
80.875,261.125,29.0,North
80.875,263.125,-264.0,North
80.875,265.125,-513.5,North
80.875,267.125,-561.0,North
80.875,269.125,-665.5,North
80.875,271.125,-911.0,North
80.875,273.125,-500.5,North
80.875,275.125,206.0,North
80.875,277.125,-28.5,North
80.875,279.125,-484.0,North
80.875,281.125,-503.5,North
80.875,283.125,-295.5,North
80.875,285.125,24.5,North
80.875,287.125,82.0,North
80.875,289.125,-7.5,North
80.875,291.125,474.0,North
80.875,293.125,770.0,North
80.875,295.125,347.5,North
80.875,297.125,-118.5,North
80.875,299.125,-269.5,North
80.875,301.125,-357.5,North
80.875,303.125,-546.0,North
80.875,305.125,-888.0,North
80.875,307.125,-957.5,North
80.875,309.125,-888.0,North
80.875,311.125,-971.5,North
80.875,313.125,-912.0,North
80.875,315.125,-1077.0,North
80.875,317.125,-1001.5,North
80.875,319.125,-1013.0,North
80.875,321.125,-562.5,North
80.875,323.125,-394.0,North
80.875,325.125,-253.5,North
80.875,327.125,-904.0,North
80.875,329.125,-961.5,North
80.875,331.125,-961.0,North
80.875,333.125,-939.5,North
80.875,335.125,-512.5,North
80.875,337.125,-668.0,North
80.875,339.125,-1053.0,North
80.875,341.125,-956.5,North
80.875,343.125,-894.0,North
80.875,345.125,-851.5,North
80.875,347.125,-329.0,North
80.875,349.125,-633.0,North
80.875,351.125,-319.5,North
80.875,353.125,-722.5,North
80.875,355.125,-487.0,North
80.875,357.125,-486.0,North
80.875,359.125,-551.0,North
78.875,1.125,-498.5,North
78.875,3.125,-327.5,North
78.875,5.125,-20.5,North
78.875,7.125,20.0,North
78.875,9.125,-890.0,North
78.875,11.125,-196.0,North
78.875,13.125,329.0,North
78.875,15.125,156.5,North
78.875,17.125,-90.0,North
78.875,19.125,-541.0,North
78.875,21.125,-710.5,North
78.875,23.125,-694.5,North
78.875,25.125,-601.5,North
78.875,27.125,-692.0,North
78.875,29.125,-1216.5,North
78.875,31.125,-1673.0,North
78.875,33.125,-1232.5,North
78.875,35.125,-994.0,North
78.875,37.125,-1078.0,North
78.875,39.125,-181.0,North
78.875,41.125,657.0,North
78.875,43.125,-5.0,North
78.875,45.125,-418.5,North
78.875,47.125,-428.5,North
78.875,49.125,-425.5,North
78.875,51.125,-854.0,North
78.875,53.125,-1490.0,North
78.875,55.125,-235.0,North
78.875,57.125,-1505.5,North
78.875,59.125,-1123.0,North
78.875,61.125,-1524.5,North
78.875,63.125,-1529.0,North
78.875,65.125,-1513.5,North
78.875,67.125,-1486.5,North
78.875,69.125,-302.0,North
78.875,71.125,-253.0,North
78.875,73.125,-1089.5,North
78.875,75.125,-1197.0,North
78.875,77.125,-1215.5,North
78.875,79.125,-1320.0,North
78.875,81.125,-1345.5,North
78.875,83.125,-1026.0,North
78.875,85.125,-902.5,North
78.875,87.125,-874.0,North
78.875,89.125,82.0,North
78.875,91.125,-401.5,North
78.875,93.125,84.5,North
78.875,95.125,-627.5,North
78.875,97.125,-399.0,North
78.875,99.125,-521.0,North
78.875,101.125,-883.0,North
78.875,103.125,-771.0,North
78.875,105.125,-156.5,North
78.875,107.125,-30.0,North
78.875,109.125,-381.5,North
78.875,111.125,-1217.0,North
78.875,113.125,-1015.0,North
78.875,115.125,-372.5,North
78.875,117.125,-2250.5,North
78.875,119.125,-2202.0,North
78.875,121.125,-711.5,North
78.875,123.125,-2368.0,North
78.875,125.125,-2648.5,North
78.875,127.125,-630.5,North
78.875,129.125,-336.0,North
78.875,131.125,-1085.0,North
78.875,133.125,-219.0,North
78.875,135.125,-493.0,North
78.875,137.125,-844.5,North
78.875,139.125,-839.5,North
78.875,141.125,-1159.0,North
78.875,143.125,-1695.0,North
78.875,145.125,-1171.0,North
78.875,147.125,-1689.0,North
78.875,149.125,-1562.0,North
78.875,151.125,-1514.5,North
78.875,153.125,-146.5,North
78.875,155.125,-326.0,North
78.875,157.125,-47.0,North
78.875,159.125,567.5,North
78.875,161.125,-189.0,North
78.875,163.125,-1105.5,North
78.875,165.125,-1000.5,North
78.875,167.125,-2761.5,North
78.875,169.125,-2350.5,North
78.875,171.125,-1951.5,North
78.875,173.125,-2051.5,North
78.875,175.125,-2380.5,North
78.875,177.125,-2374.5,North
78.875,179.125,-2564.5,North
78.875,181.125,-1272.5,North
78.875,183.125,-97.0,North
78.875,185.125,730.5,North
78.875,187.125,-587.0,North
78.875,189.125,-331.0,North
78.875,191.125,-391.0,North
78.875,193.125,133.5,North
78.875,195.125,516.5,North
78.875,197.125,-333.0,North
78.875,199.125,2.5,North
78.875,201.125,-382.0,North
78.875,203.125,-15.0,North
78.875,205.125,-538.0,North
78.875,207.125,-682.0,North
78.875,209.125,-1324.5,North
78.875,211.125,-2781.5,North
78.875,213.125,-2723.0,North
78.875,215.125,-2669.0,North
78.875,217.125,-2268.5,North
78.875,219.125,526.5,North
78.875,221.125,-128.5,North
78.875,223.125,-753.0,North
78.875,225.125,-348.0,North
78.875,227.125,-934.0,North
78.875,229.125,-162.0,North
78.875,231.125,-628.5,North
78.875,233.125,-713.5,North
78.875,235.125,-850.5,North
78.875,237.125,-925.5,North
78.875,239.125,-940.5,North
78.875,241.125,-809.5,North
78.875,243.125,-835.0,North
78.875,245.125,-734.5,North
78.875,247.125,-476.5,North
78.875,249.125,-327.0,North
78.875,251.125,-940.5,North
78.875,253.125,-1197.0,North
78.875,255.125,-1155.5,North
78.875,257.125,-995.0,North
78.875,259.125,-877.0,North
78.875,261.125,-716.0,North
78.875,263.125,-817.0,North
78.875,265.125,-761.5,North
78.875,267.125,-682.5,North
78.875,269.125,-657.5,North
78.875,271.125,-466.0,North
78.875,273.125,-436.0,North
78.875,275.125,-507.5,North
78.875,277.125,88.5,North
78.875,279.125,11.0,North
78.875,281.125,-43.0,North
78.875,283.125,178.5,North
78.875,285.125,91.5,North
78.875,287.125,-204.5,North
78.875,289.125,-252.0,North
78.875,291.125,-156.5,North
78.875,293.125,-188.5,North
78.875,295.125,-813.0,North
78.875,297.125,-815.5,North
78.875,299.125,-458.0,North
78.875,301.125,57.5,North
78.875,303.125,-188.0,North
78.875,305.125,-169.0,North
78.875,307.125,-229.5,North
78.875,309.125,-1113.5,North
78.875,311.125,-1163.5,North
78.875,313.125,-745.5,North
78.875,315.125,-278.0,North
78.875,317.125,-210.5,North
78.875,319.125,-1738.0,North
78.875,321.125,193.5,North
78.875,323.125,66.0,North
78.875,325.125,0.0,North
78.875,327.125,-333.0,North
78.875,329.125,-938.0,North
78.875,331.125,-1092.0,North
78.875,333.125,-1100.5,North
78.875,335.125,-1052.0,North
78.875,337.125,-988.0,North
78.875,339.125,-868.5,North
78.875,341.125,-686.5,North
78.875,343.125,-288.0,North
78.875,345.125,-435.0,North
78.875,347.125,-402.5,North
78.875,349.125,-498.0,North
78.875,351.125,-622.0,North
78.875,353.125,-664.0,North
78.875,355.125,-650.0,North
78.875,357.125,-650.0,North
78.875,359.125,-509.5,North
76.875,1.125,-736.0,North
76.875,3.125,-149.5,North
76.875,5.125,-91.0,North
76.875,7.125,-70.0,North
76.875,9.125,57.5,North
76.875,11.125,202.5,North
76.875,13.125,273.5,North
76.875,15.125,713.5,North
76.875,17.125,168.5,North
76.875,19.125,-404.5,North
76.875,21.125,-503.0,North
76.875,23.125,-680.0,North
76.875,25.125,-662.5,North
76.875,27.125,-26.5,North
76.875,29.125,-1321.0,North
76.875,31.125,-1296.5,North
76.875,33.125,-1180.0,North
76.875,35.125,-434.5,North
76.875,37.125,-356.0,North
76.875,39.125,-1597.5,North
76.875,41.125,-431.5,North
76.875,43.125,-220.0,North
76.875,45.125,-240.0,North
76.875,47.125,-204.0,North
76.875,49.125,171.5,North
76.875,51.125,-247.5,North
76.875,53.125,131.0,North
76.875,55.125,204.0,North
76.875,57.125,-683.5,North
76.875,59.125,-180.0,North
76.875,61.125,-504.5,North
76.875,63.125,-33.5,North
76.875,65.125,-1506.0,North
76.875,67.125,-1670.0,North
76.875,69.125,-183.0,North
76.875,71.125,-102.5,North
76.875,73.125,-1374.5,North
76.875,75.125,-949.5,North
76.875,77.125,-1240.5,North
76.875,79.125,-1109.0,North
76.875,81.125,-1072.5,North
76.875,83.125,-2014.0,North
76.875,85.125,-1173.5,North
76.875,87.125,-46.0,North
76.875,89.125,-499.5,North
76.875,91.125,-621.5,North
76.875,93.125,-2302.5,North
76.875,95.125,-1084.5,North
76.875,97.125,-1400.5,North
76.875,99.125,-471.5,North
76.875,101.125,-263.0,North
76.875,103.125,-711.0,North
76.875,105.125,-1343.0,North
76.875,107.125,-1118.5,North
76.875,109.125,-869.5,North
76.875,111.125,-880.5,North
76.875,113.125,-967.0,North
76.875,115.125,-981.0,North
76.875,117.125,-748.5,North
76.875,119.125,-733.5,North
76.875,121.125,-778.0,North
76.875,123.125,-2917.0,North
76.875,125.125,-1261.5,North
76.875,127.125,-665.0,North
76.875,129.125,-280.5,North
76.875,131.125,308.0,North
76.875,133.125,-120.5,North
76.875,135.125,-1514.5,North
76.875,137.125,-1751.0,North
76.875,139.125,833.5,North
76.875,141.125,910.5,North
76.875,143.125,163.5,North
76.875,145.125,288.0,North
76.875,147.125,-934.0,North
76.875,149.125,-1319.0,North
76.875,151.125,-54.0,North
76.875,153.125,283.0,North
76.875,155.125,-716.0,North
76.875,157.125,352.0,North
76.875,159.125,476.0,North
76.875,161.125,1180.5,North
76.875,163.125,586.5,North
76.875,165.125,-2638.5,North
76.875,167.125,-3978.5,North
76.875,169.125,-4287.5,North
76.875,171.125,-4456.5,North
76.875,173.125,-4354.5,North
76.875,175.125,-4294.5,North
76.875,177.125,-1823.0,North
76.875,179.125,-972.0,North
76.875,181.125,-617.5,North
76.875,183.125,234.5,North
76.875,185.125,1320.5,North
76.875,187.125,819.5,North
76.875,189.125,217.5,North
76.875,191.125,-245.5,North
76.875,193.125,-489.5,North
76.875,195.125,-498.5,North
76.875,197.125,353.0,North
76.875,199.125,-160.5,North
76.875,201.125,-580.0,North
76.875,203.125,-1329.0,North
76.875,205.125,-1095.0,North
76.875,207.125,-461.5,North
76.875,209.125,-385.0,North
76.875,211.125,-577.5,North
76.875,213.125,-64.5,North
76.875,215.125,-495.5,North
76.875,217.125,-518.0,North
76.875,219.125,-681.0,North
76.875,221.125,-853.0,North
76.875,223.125,-285.0,North
76.875,225.125,-600.5,North
76.875,227.125,-1266.5,North
76.875,229.125,-1005.0,North
76.875,231.125,-504.5,North
76.875,233.125,-623.5,North
76.875,235.125,-1003.0,North
76.875,237.125,-143.0,North
76.875,239.125,-1675.5,North
76.875,241.125,-750.5,North
76.875,243.125,-485.0,North
76.875,245.125,-259.5,North
76.875,247.125,-508.5,North
76.875,249.125,-705.5,North
76.875,251.125,-536.0,North
76.875,253.125,-784.0,North
76.875,255.125,-862.5,North
76.875,257.125,-524.0,North
76.875,259.125,229.5,North
76.875,261.125,-204.0,North
76.875,263.125,-850.0,North
76.875,265.125,-855.0,North
76.875,267.125,542.5,North
76.875,269.125,400.5,North
76.875,271.125,-2436.5,North
76.875,273.125,-2836.0,North
76.875,275.125,-1039.5,North
76.875,277.125,756.5,North
76.875,279.125,585.5,North
76.875,281.125,764.5,North
76.875,283.125,-831.5,North
76.875,285.125,-1668.0,North
76.875,287.125,-1784.0,North
76.875,289.125,313.0,North
76.875,291.125,724.0,North
76.875,293.125,117.5,North
76.875,295.125,220.5,North
76.875,297.125,-13.5,North
76.875,299.125,237.5,North
76.875,301.125,-221.5,North
76.875,303.125,-205.5,North
76.875,305.125,-1019.5,North
76.875,307.125,-1011.5,North
76.875,309.125,-1118.5,North
76.875,311.125,-1062.0,North
76.875,313.125,-1031.0,North
76.875,315.125,-77.5,North
76.875,317.125,-992.5,North
76.875,319.125,-1170.5,North
76.875,321.125,-1153.0,North
76.875,323.125,-1140.5,North
76.875,325.125,-1102.5,North
76.875,327.125,-1055.5,North
76.875,329.125,-34.5,North
76.875,331.125,-209.5,North
76.875,333.125,-796.5,North
76.875,335.125,-664.5,North
76.875,337.125,-823.0,North
76.875,339.125,-832.5,North
76.875,341.125,-738.0,North
76.875,343.125,-555.5,North
76.875,345.125,-612.0,North
76.875,347.125,-547.5,North
76.875,349.125,-595.0,North
76.875,351.125,-624.5,North
76.875,353.125,-530.5,North
76.875,355.125,-553.5,North
76.875,357.125,-549.5,North
76.875,359.125,-813.0,North
74.875,1.125,-730.5,North
74.875,3.125,-803.0,North
74.875,5.125,-902.0,North
74.875,7.125,-1065.0,North
74.875,9.125,-1067.0,North
74.875,11.125,-950.0,North
74.875,13.125,-875.5,North
74.875,15.125,-1145.5,North
74.875,17.125,-1157.5,North
74.875,19.125,-1242.0,North
74.875,21.125,-1231.5,North
74.875,23.125,-1194.5,North
74.875,25.125,-353.0,North
74.875,27.125,7.5,North
74.875,29.125,-311.5,North
74.875,31.125,-107.5,North
74.875,33.125,-1128.5,North
74.875,35.125,-1215.5,North
74.875,37.125,-1203.0,North
74.875,39.125,-1198.0,North
74.875,41.125,-1067.0,North
74.875,43.125,98.0,North
74.875,45.125,-933.0,North
74.875,47.125,-957.5,North
74.875,49.125,-1364.0,North
74.875,51.125,-1936.0,North
74.875,53.125,-1735.5,North
74.875,55.125,-1521.5,North
74.875,57.125,-1506.0,North
74.875,59.125,-1875.5,North
74.875,61.125,-2175.0,North
74.875,63.125,-700.0,North
74.875,65.125,-2704.0,North
74.875,67.125,-2841.5,North
74.875,69.125,-2831.0,North
74.875,71.125,-1713.5,North
74.875,73.125,-653.5,North
74.875,75.125,-724.0,North
74.875,77.125,-880.0,North
74.875,79.125,-324.0,North
74.875,81.125,-76.5,North
74.875,83.125,281.5,North
74.875,85.125,-1296.5,North
74.875,87.125,-2038.5,North
74.875,89.125,278.5,North
74.875,91.125,-1081.0,North
74.875,93.125,-97.5,North
74.875,95.125,-938.5,North
74.875,97.125,-1546.0,North
74.875,99.125,-572.5,North
74.875,101.125,-1027.5,North
74.875,103.125,-613.5,North
74.875,105.125,-967.0,North
74.875,107.125,-1096.5,North
74.875,109.125,-2695.5,North
74.875,111.125,-2932.5,North
74.875,113.125,-923.0,North
74.875,115.125,-1728.0,North
74.875,117.125,-1702.5,North
74.875,119.125,-920.5,North
74.875,121.125,-2079.0,North
74.875,123.125,-575.5,North
74.875,125.125,-1189.5,North
74.875,127.125,-773.0,North
74.875,129.125,-237.0,North
74.875,131.125,-1674.0,North
74.875,133.125,-950.0,North
74.875,135.125,-1805.0,North
74.875,137.125,-2950.0,North
74.875,139.125,-2406.5,North
74.875,141.125,-1690.5,North
74.875,143.125,-893.0,North
74.875,145.125,-2191.0,North
74.875,147.125,-2733.0,North
74.875,149.125,-1832.5,North
74.875,151.125,-1211.5,North
74.875,153.125,707.5,North
74.875,155.125,501.5,North
74.875,157.125,899.0,North
74.875,159.125,108.5,North
74.875,161.125,-1008.5,North
74.875,163.125,-2529.0,North
74.875,165.125,-1362.5,North
74.875,167.125,-1098.5,North
74.875,169.125,-689.5,North
74.875,171.125,-63.0,North
74.875,173.125,531.5,North
74.875,175.125,-2674.0,North
74.875,177.125,-2299.5,North
74.875,179.125,-2093.5,North
74.875,181.125,1695.0,North
74.875,183.125,1057.5,North
74.875,185.125,-375.5,North
74.875,187.125,-308.5,North
74.875,189.125,-2146.5,North
74.875,191.125,-2591.5,North
74.875,193.125,-1312.0,North
74.875,195.125,1257.5,North
74.875,197.125,246.5,North
74.875,199.125,-838.0,North
74.875,201.125,-1199.5,North
74.875,203.125,-1784.0,North
74.875,205.125,-2099.0,North
74.875,207.125,-375.0,North
74.875,209.125,-424.5,North
74.875,211.125,-194.5,North
74.875,213.125,-1669.0,North
74.875,215.125,-2449.5,North
74.875,217.125,-1666.5,North
74.875,219.125,-37.5,North
74.875,221.125,-344.0,North
74.875,223.125,-1056.0,North
74.875,225.125,-2800.5,North
74.875,227.125,-2503.0,North
74.875,229.125,-92.0,North
74.875,231.125,-688.5,North
74.875,233.125,-862.0,North
74.875,235.125,-897.0,North
74.875,237.125,-536.0,North
74.875,239.125,-53.5,North
74.875,241.125,-3332.0,North
74.875,243.125,-3402.0,North
74.875,245.125,-1441.0,North
74.875,247.125,-55.0,North
74.875,249.125,-656.5,North
74.875,251.125,-948.5,North
74.875,253.125,-505.0,North
74.875,255.125,-45.0,North
74.875,257.125,168.5,North
74.875,259.125,519.0,North
74.875,261.125,97.0,North
74.875,263.125,841.0,North
74.875,265.125,-1644.5,North
74.875,267.125,-2656.5,North
74.875,269.125,-2497.0,North
74.875,271.125,-3071.5,North
74.875,273.125,-2587.5,North
74.875,275.125,-2723.5,North
74.875,277.125,-2565.5,North
74.875,279.125,-1362.0,North
74.875,281.125,1306.0,North
74.875,283.125,1096.0,North
74.875,285.125,-2095.0,North
74.875,287.125,-2764.5,North
74.875,289.125,-2840.0,North
74.875,291.125,-2848.0,North
74.875,293.125,-2551.5,North
74.875,295.125,816.0,North
74.875,297.125,118.5,North
74.875,299.125,-398.0,North
74.875,301.125,-963.5,North
74.875,303.125,-912.5,North
74.875,305.125,-666.0,North
74.875,307.125,-34.0,North
74.875,309.125,-645.5,North
74.875,311.125,-705.0,North
74.875,313.125,-1662.0,North
74.875,315.125,-953.5,North
74.875,317.125,-1115.0,North
74.875,319.125,-808.5,North
74.875,321.125,-1008.0,North
74.875,323.125,-908.0,North
74.875,325.125,-282.0,North
74.875,327.125,-713.0,North
74.875,329.125,-1221.5,North
74.875,331.125,-1171.5,North
74.875,333.125,-1210.5,North
74.875,335.125,-1148.5,North
74.875,337.125,-803.0,North
74.875,339.125,-1119.0,North
74.875,341.125,-762.0,North
74.875,343.125,1287.5,North
74.875,345.125,-393.5,North
74.875,347.125,-476.0,North
74.875,349.125,-517.5,North
74.875,351.125,-367.5,North
74.875,353.125,908.5,North
74.875,355.125,37.5,North
74.875,357.125,-639.5,North
74.875,359.125,-542.5,North
72.875,1.125,-1425.0,North
72.875,3.125,14.5,North
72.875,5.125,1004.5,North
72.875,7.125,-8.5,North
72.875,9.125,-289.5,North
72.875,11.125,-1154.0,North
72.875,13.125,-414.0,North
72.875,15.125,-1193.5,North
72.875,17.125,-1372.0,North
72.875,19.125,-1394.0,North
72.875,21.125,-1300.0,North
72.875,23.125,-1351.5,North
72.875,25.125,-1305.0,North
72.875,27.125,-1034.0,North
72.875,29.125,-373.0,North
72.875,31.125,-571.0,North
72.875,33.125,-1148.0,North
72.875,35.125,-407.5,North
72.875,37.125,-809.5,North
72.875,39.125,-218.0,North
72.875,41.125,-181.0,North
72.875,43.125,170.5,North
72.875,45.125,-913.5,North
72.875,47.125,-395.0,North
72.875,49.125,-1066.5,North
72.875,51.125,63.0,North
72.875,53.125,-1068.5,North
72.875,55.125,-549.0,North
72.875,57.125,-1500.5,North
72.875,59.125,-1307.0,North
72.875,61.125,-305.0,North
72.875,63.125,-188.5,North
72.875,65.125,10.0,North
72.875,67.125,-72.5,North
72.875,69.125,461.5,North
72.875,71.125,-50.0,North
72.875,73.125,-1698.5,North
72.875,75.125,-2123.5,North
72.875,77.125,-2166.5,North
72.875,79.125,-1036.0,North
72.875,81.125,-2486.0,North
72.875,83.125,-2658.0,North
72.875,85.125,-2837.5,North
72.875,87.125,-2680.5,North
72.875,89.125,-2204.0,North
72.875,91.125,-2423.0,North
72.875,93.125,-1240.0,North
72.875,95.125,-1228.0,North
72.875,97.125,-271.5,North
72.875,99.125,-1251.5,North
72.875,101.125,-1084.5,North
72.875,103.125,-1820.0,North
72.875,105.125,-1370.0,North
72.875,107.125,-757.5,North
72.875,109.125,-1022.0,North
72.875,111.125,-741.5,North
72.875,113.125,-697.0,North
72.875,115.125,-1316.5,North
72.875,117.125,-3025.0,North
72.875,119.125,-3440.0,North
72.875,121.125,-3421.0,North
72.875,123.125,-3215.5,North
72.875,125.125,-1856.5,North
72.875,127.125,-1258.0,North
72.875,129.125,-2225.0,North
72.875,131.125,-20.0,North
72.875,133.125,-517.5,North
72.875,135.125,137.5,North
72.875,137.125,211.5,North
72.875,139.125,728.0,North
72.875,141.125,1535.5,North
72.875,143.125,-1432.5,North
72.875,145.125,-3339.5,North
72.875,147.125,-3364.0,North
72.875,149.125,-2159.0,North
72.875,151.125,-946.0,North
72.875,153.125,388.5,North
72.875,155.125,283.0,North
72.875,157.125,774.0,North
72.875,159.125,841.0,North
72.875,161.125,-1226.0,North
72.875,163.125,-2883.5,North
72.875,165.125,-3512.5,North
72.875,167.125,-3493.5,North
72.875,169.125,-3351.0,North
72.875,171.125,-2926.5,North
72.875,173.125,-904.0,North
72.875,175.125,1139.5,North
72.875,177.125,1539.0,North
72.875,179.125,1597.5,North
72.875,181.125,899.5,North
72.875,183.125,-295.0,North
72.875,185.125,724.0,North
72.875,187.125,579.0,North
72.875,189.125,-42.5,North
72.875,191.125,-272.5,North
72.875,193.125,-2364.5,North
72.875,195.125,-657.5,North
72.875,197.125,-988.0,North
72.875,199.125,-451.5,North
72.875,201.125,245.0,North
72.875,203.125,-5.0,North
72.875,205.125,29.5,North
72.875,207.125,-133.5,North
72.875,209.125,-720.5,North
72.875,211.125,-780.5,North
72.875,213.125,-697.5,North
72.875,215.125,-260.0,North
72.875,217.125,-490.0,North
72.875,219.125,-420.0,North
72.875,221.125,-590.0,North
72.875,223.125,-179.0,North
72.875,225.125,413.0,North
72.875,227.125,534.0,North
72.875,229.125,-874.0,North
72.875,231.125,-810.5,North
72.875,233.125,381.5,North
72.875,235.125,316.5,North
72.875,237.125,690.0,North
72.875,239.125,-1341.0,North
72.875,241.125,-906.0,North
72.875,243.125,1103.0,North
72.875,245.125,543.0,North
72.875,247.125,344.0,North
72.875,249.125,-89.5,North
72.875,251.125,16.5,North
72.875,253.125,51.5,North
72.875,255.125,-591.5,North
72.875,257.125,510.5,North
72.875,259.125,-1835.0,North
72.875,261.125,-527.0,North
72.875,263.125,64.5,North
72.875,265.125,336.5,North
72.875,267.125,567.5,North
72.875,269.125,-1050.5,North
72.875,271.125,-1207.5,North
72.875,273.125,-1012.0,North
72.875,275.125,371.5,North
72.875,277.125,-55.0,North
72.875,279.125,1184.5,North
72.875,281.125,542.0,North
72.875,283.125,1049.5,North
72.875,285.125,-1867.5,North
72.875,287.125,232.0,North
72.875,289.125,-399.5,North
72.875,291.125,-606.5,North
72.875,293.125,65.0,North
72.875,295.125,-5.5,North
72.875,297.125,-610.0,North
72.875,299.125,-823.5,North
72.875,301.125,-715.0,North
72.875,303.125,-896.5,North
72.875,305.125,-950.5,North
72.875,307.125,-710.0,North
72.875,309.125,-407.0,North
72.875,311.125,-807.5,North
72.875,313.125,-1131.0,North
72.875,315.125,-1226.5,North
72.875,317.125,-1258.5,North
72.875,319.125,-731.0,North
72.875,321.125,383.0,North
72.875,323.125,583.5,North
72.875,325.125,-647.5,North
72.875,327.125,-2961.0,North
72.875,329.125,-2383.5,North
72.875,331.125,-197.0,North
72.875,333.125,-1148.5,North
72.875,335.125,-1193.5,North
72.875,337.125,-462.0,North
72.875,339.125,-1425.0,North
72.875,341.125,-1577.0,North
72.875,343.125,-5.0,North
72.875,345.125,-79.0,North
72.875,347.125,964.0,North
72.875,349.125,-441.0,North
72.875,351.125,37.0,North
72.875,353.125,-633.5,North
72.875,355.125,-1142.0,North
72.875,357.125,-1254.5,North
72.875,359.125,-1352.5,North
70.875,1.125,313.5,North
70.875,3.125,-429.0,North
70.875,5.125,-752.5,North
70.875,7.125,-1389.0,North
70.875,9.125,-1374.5,North
70.875,11.125,-1061.5,North
70.875,13.125,510.0,North
70.875,15.125,521.0,North
70.875,17.125,-1259.5,North
70.875,19.125,-1353.0,North
70.875,21.125,-1286.0,North
70.875,23.125,87.0,North
70.875,25.125,-1192.0,North
70.875,27.125,-417.0,North
70.875,29.125,-977.5,North
70.875,31.125,-1131.0,North
70.875,33.125,-931.5,North
70.875,35.125,-982.5,North
70.875,37.125,-786.5,North
70.875,39.125,-1054.0,North
70.875,41.125,-363.5,North
70.875,43.125,-1305.0,North
70.875,45.125,-1268.5,North
70.875,47.125,-1218.0,North
70.875,49.125,-1216.5,North
70.875,51.125,-1201.5,North
70.875,53.125,-1293.5,North
70.875,55.125,-884.0,North
70.875,57.125,-821.5,North
70.875,59.125,-902.0,North
70.875,61.125,-990.0,North
70.875,63.125,-663.5,North
70.875,65.125,-1011.5,North
70.875,67.125,298.5,North
70.875,69.125,238.0,North
70.875,71.125,-355.5,North
70.875,73.125,-696.0,North
70.875,75.125,-1532.0,North
70.875,77.125,-216.0,North
70.875,79.125,454.0,North
70.875,81.125,242.0,North
70.875,83.125,40.0,North
70.875,85.125,-2521.0,North
70.875,87.125,-558.0,North
70.875,89.125,-1838.5,North
70.875,91.125,-2204.5,North
70.875,93.125,-868.5,North
70.875,95.125,-432.0,North
70.875,97.125,-774.5,North
70.875,99.125,-295.0,North
70.875,101.125,-656.5,North
70.875,103.125,-815.0,North
70.875,105.125,-88.0,North
70.875,107.125,-489.0,North
70.875,109.125,266.5,North
70.875,111.125,-199.0,North
70.875,113.125,-2282.5,North
70.875,115.125,-3362.5,North
70.875,117.125,-2828.0,North
70.875,119.125,-3384.0,North
70.875,121.125,-2892.5,North
70.875,123.125,-3259.5,North
70.875,125.125,-3393.0,North
70.875,127.125,-3517.0,North
70.875,129.125,-3558.0,North
70.875,131.125,-1121.5,North
70.875,133.125,-122.0,North
70.875,135.125,-1371.5,North
70.875,137.125,-84.0,North
70.875,139.125,-219.0,North
70.875,141.125,-810.5,North
70.875,143.125,-826.5,North
70.875,145.125,-697.5,North
70.875,147.125,-646.5,North
70.875,149.125,-407.5,North
70.875,151.125,-520.5,North
70.875,153.125,-323.0,North
70.875,155.125,-89.5,North
70.875,157.125,-359.0,North
70.875,159.125,-449.0,North
70.875,161.125,-472.5,North
70.875,163.125,-195.5,North
70.875,165.125,527.0,North
70.875,167.125,893.0,North
70.875,169.125,820.0,North
70.875,171.125,443.0,North
70.875,173.125,-454.5,North
70.875,175.125,-436.0,North
70.875,177.125,594.5,North
70.875,179.125,631.5,North
70.875,181.125,1505.0,North
70.875,183.125,-1697.0,North
70.875,185.125,-2404.5,North
70.875,187.125,-2392.5,North
70.875,189.125,-1162.0,North
70.875,191.125,519.5,North
70.875,193.125,-23.5,North
70.875,195.125,-447.5,North
70.875,197.125,-638.5,North
70.875,199.125,-489.5,North
70.875,201.125,-425.5,North
70.875,203.125,-191.0,North
70.875,205.125,290.5,North
70.875,207.125,-335.5,North
70.875,209.125,-943.5,North
70.875,211.125,84.5,North
70.875,213.125,-2455.5,North
70.875,215.125,-1221.0,North
70.875,217.125,-467.0,North
70.875,219.125,-1283.0,North
70.875,221.125,146.0,North
70.875,223.125,-1276.0,North
70.875,225.125,-1780.0,North
70.875,227.125,850.0,North
70.875,229.125,-951.5,North
70.875,231.125,-1021.5,North
70.875,233.125,701.5,North
70.875,235.125,580.5,North
70.875,237.125,473.0,North
70.875,239.125,-417.0,North
70.875,241.125,-13.5,North
70.875,243.125,820.5,North
70.875,245.125,519.0,North
70.875,247.125,-115.0,North
70.875,249.125,-908.0,North
70.875,251.125,-247.5,North
70.875,253.125,-838.5,North
70.875,255.125,-2038.0,North
70.875,257.125,-324.0,North
70.875,259.125,159.5,North
70.875,261.125,-275.5,North
70.875,263.125,239.5,North
70.875,265.125,760.0,North
70.875,267.125,57.5,North
70.875,269.125,-163.5,North
70.875,271.125,-296.0,North
70.875,273.125,-299.5,North
70.875,275.125,-201.0,North
70.875,277.125,-98.0,North
70.875,279.125,-9.5,North
70.875,281.125,1011.0,North
70.875,283.125,47.0,North
70.875,285.125,-1680.0,North
70.875,287.125,-1495.0,North
70.875,289.125,-1652.0,North
70.875,291.125,-1362.0,North
70.875,293.125,-1362.0,North
70.875,295.125,-1424.0,North
70.875,297.125,-171.5,North
70.875,299.125,-583.5,North
70.875,301.125,-326.0,North
70.875,303.125,-641.5,North
70.875,305.125,-244.5,North
70.875,307.125,-344.5,North
70.875,309.125,43.0,North
70.875,311.125,-621.0,North
70.875,313.125,-541.0,North
70.875,315.125,-693.0,North
70.875,317.125,-761.0,North
70.875,319.125,-1110.5,North
70.875,321.125,-995.0,North
70.875,323.125,-1098.0,North
70.875,325.125,-803.0,North
70.875,327.125,-245.0,North
70.875,329.125,-280.5,North
70.875,331.125,-540.5,North
70.875,333.125,-179.0,North
70.875,335.125,-472.0,North
70.875,337.125,-1047.5,North
70.875,339.125,-1774.0,North
70.875,341.125,-504.0,North
70.875,343.125,-515.0,North
70.875,345.125,-641.5,North
70.875,347.125,-708.5,North
70.875,349.125,-774.0,North
70.875,351.125,-891.5,North
70.875,353.125,-767.5,North
70.875,355.125,-281.0,North
70.875,357.125,-248.0,North
70.875,359.125,371.0,North
68.875,1.125,-1111.0,North
68.875,3.125,-638.0,North
68.875,5.125,-208.0,North
68.875,7.125,-271.5,North
68.875,9.125,-157.5,North
68.875,11.125,-1276.5,North
68.875,13.125,-1297.5,North
68.875,15.125,-1293.5,North
68.875,17.125,-1215.0,North
68.875,19.125,-798.0,North
68.875,21.125,9.0,North
68.875,23.125,-788.0,North
68.875,25.125,-1382.0,North
68.875,27.125,-682.0,North
68.875,29.125,-1151.5,North
68.875,31.125,-1150.0,North
68.875,33.125,-1154.5,North
68.875,35.125,-689.5,North
68.875,37.125,-198.5,North
68.875,39.125,-1529.0,North
68.875,41.125,-1409.5,North
68.875,43.125,-983.5,North
68.875,45.125,-1404.5,North
68.875,47.125,-1157.0,North
68.875,49.125,-1229.0,North
68.875,51.125,-1304.5,North
68.875,53.125,-1050.0,North
68.875,55.125,-1003.0,North
68.875,57.125,-655.5,North
68.875,59.125,-954.5,North
68.875,61.125,-1093.0,North
68.875,63.125,-942.0,North
68.875,65.125,-202.5,North
68.875,67.125,-2139.5,North
68.875,69.125,-2167.0,North
68.875,71.125,-2303.5,North
68.875,73.125,-2283.0,North
68.875,75.125,-113.5,North
68.875,77.125,-274.5,North
68.875,79.125,-115.5,North
68.875,81.125,31.5,North
68.875,83.125,-450.5,North
68.875,85.125,-2400.5,North
68.875,87.125,-1352.5,North
68.875,89.125,-2624.5,North
68.875,91.125,-1326.5,North
68.875,93.125,-841.0,North
68.875,95.125,-441.0,North
68.875,97.125,-868.0,North
68.875,99.125,-1232.0,North
68.875,101.125,-623.0,North
68.875,103.125,-60.5,North
68.875,105.125,-2499.0,North
68.875,107.125,-2614.5,North
68.875,109.125,-1643.5,North
68.875,111.125,-1620.5,North
68.875,113.125,-2797.5,North
68.875,115.125,-3384.0,North
68.875,117.125,-3304.0,North
68.875,119.125,-3096.0,North
68.875,121.125,-4179.5,North
68.875,123.125,-4032.5,North
68.875,125.125,-3169.5,North
68.875,127.125,-3317.5,North
68.875,129.125,-1761.0,North
68.875,131.125,-309.0,North
68.875,133.125,-196.0,North
68.875,135.125,-1066.0,North
68.875,137.125,-1879.0,North
68.875,139.125,-745.0,North
68.875,141.125,-853.0,North
68.875,143.125,-835.5,North
68.875,145.125,-1204.0,North
68.875,147.125,-1538.0,North
68.875,149.125,-151.5,North
68.875,151.125,-2893.0,North
68.875,153.125,-1524.0,North
68.875,155.125,-201.5,North
68.875,157.125,-4072.5,North
68.875,159.125,-4066.0,North
68.875,161.125,22.0,North
68.875,163.125,-1057.5,North
68.875,165.125,-835.5,North
68.875,167.125,-412.5,North
68.875,169.125,-134.0,North
68.875,171.125,-739.0,North
68.875,173.125,184.0,North
68.875,175.125,685.5,North
68.875,177.125,-399.5,North
68.875,179.125,-1675.0,North
68.875,181.125,926.5,North
68.875,183.125,209.5,North
68.875,185.125,46.5,North
68.875,187.125,1854.0,North
68.875,189.125,1027.5,North
68.875,191.125,702.5,North
68.875,193.125,490.5,North
68.875,195.125,-1303.0,North
68.875,197.125,324.5,North
68.875,199.125,1264.5,North
68.875,201.125,707.0,North
68.875,203.125,-2310.5,North
68.875,205.125,-785.0,North
68.875,207.125,721.0,North
68.875,209.125,170.5,North
68.875,211.125,-454.5,North
68.875,213.125,741.0,North
68.875,215.125,595.0,North
68.875,217.125,827.5,North
68.875,219.125,528.0,North
68.875,221.125,600.0,North
68.875,223.125,-577.5,North
68.875,225.125,29.0,North
68.875,227.125,-417.0,North
68.875,229.125,18.0,North
68.875,231.125,-1739.0,North
68.875,233.125,-2988.5,North
68.875,235.125,418.5,North
68.875,237.125,917.0,North
68.875,239.125,-239.0,North
68.875,241.125,490.0,North
68.875,243.125,-1472.5,North
68.875,245.125,87.0,North
68.875,247.125,-1654.5,North
68.875,249.125,-677.0,North
68.875,251.125,-318.0,North
68.875,253.125,-496.5,North
68.875,255.125,-808.0,North
68.875,257.125,-953.0,North
68.875,259.125,-464.5,North
68.875,261.125,-304.5,North
68.875,263.125,-441.0,North
68.875,265.125,226.5,North
68.875,267.125,829.5,North
68.875,269.125,-702.0,North
68.875,271.125,868.5,North
68.875,273.125,-448.0,North
68.875,275.125,-1103.0,North
68.875,277.125,-1161.0,North
68.875,279.125,-623.0,North
68.875,281.125,-600.5,North
68.875,283.125,78.0,North
68.875,285.125,-108.5,North
68.875,287.125,-583.5,North
68.875,289.125,-386.5,North
68.875,291.125,-155.0,North
68.875,293.125,-327.0,North
68.875,295.125,-540.5,North
68.875,297.125,-1236.5,North
68.875,299.125,-1737.0,North
68.875,301.125,-1742.0,North
68.875,303.125,-1633.5,North
68.875,305.125,-1472.0,North
68.875,307.125,-1446.5,North
68.875,309.125,-1966.5,North
68.875,311.125,1105.5,North
68.875,313.125,-840.0,North
68.875,315.125,-1010.5,North
68.875,317.125,-1059.5,North
68.875,319.125,-1253.0,North
68.875,321.125,-1110.0,North
68.875,323.125,-1215.5,North
68.875,325.125,-1351.5,North
68.875,327.125,-1379.0,North
68.875,329.125,-1446.0,North
68.875,331.125,-1178.0,North
68.875,333.125,-2432.5,North
68.875,335.125,-2290.5,North
68.875,337.125,-2439.0,North
68.875,339.125,-2203.0,North
68.875,341.125,-1654.5,North
68.875,343.125,-1358.0,North
68.875,345.125,-1343.5,North
68.875,347.125,-1262.0,North
68.875,349.125,-1346.0,North
68.875,351.125,-996.0,North
68.875,353.125,-976.0,North
68.875,355.125,-644.5,North
68.875,357.125,-576.5,North
68.875,359.125,-418.0,North
66.875,1.125,-1532.0,North
66.875,3.125,-1594.0,North
66.875,5.125,-1479.0,North
66.875,7.125,-1374.0,North
66.875,9.125,-1152.0,North
66.875,11.125,-1447.5,North
66.875,13.125,-1404.0,North
66.875,15.125,-1399.0,North
66.875,17.125,-1226.0,North
66.875,19.125,-1038.0,North
66.875,21.125,-1554.0,North
66.875,23.125,-1424.5,North
66.875,25.125,-981.5,North
66.875,27.125,-1343.0,North
66.875,29.125,-732.5,North
66.875,31.125,-1124.5,North
66.875,33.125,-1862.5,North
66.875,35.125,-2047.0,North
66.875,37.125,-1965.0,North
66.875,39.125,-1779.5,North
66.875,41.125,-1602.0,North
66.875,43.125,-1855.5,North
66.875,45.125,-1719.5,North
66.875,47.125,-1800.0,North
66.875,49.125,-1721.5,North
66.875,51.125,-1639.5,North
66.875,53.125,-1907.5,North
66.875,55.125,-1925.0,North
66.875,57.125,-1337.0,North
66.875,59.125,-859.0,North
66.875,61.125,-1921.0,North
66.875,63.125,-2047.0,North
66.875,65.125,-2776.5,North
66.875,67.125,-2721.5,North
66.875,69.125,-765.5,North
66.875,71.125,174.5,North
66.875,73.125,-963.5,North
66.875,75.125,-1637.0,North
66.875,77.125,-1404.5,North
66.875,79.125,-229.5,North
66.875,81.125,-214.5,North
66.875,83.125,-610.5,North
66.875,85.125,-1353.5,North
66.875,87.125,-1252.5,North
66.875,89.125,-842.5,North
66.875,91.125,-375.5,North
66.875,93.125,-88.0,North
66.875,95.125,-3045.0,North
66.875,97.125,-1252.0,North
66.875,99.125,-2689.0,North
66.875,101.125,-2352.0,North
66.875,103.125,-1886.0,North
66.875,105.125,-2003.5,North
66.875,107.125,-3298.5,North
66.875,109.125,-2800.5,North
66.875,111.125,-1912.0,North
66.875,113.125,-1327.0,North
66.875,115.125,904.0,North
66.875,117.125,1874.5,North
66.875,119.125,6.0,North
66.875,121.125,655.5,North
66.875,123.125,357.0,North
66.875,125.125,-1181.5,North
66.875,127.125,-178.0,North
66.875,129.125,197.0,North
66.875,131.125,-1069.0,North
66.875,133.125,-72.5,North
66.875,135.125,-607.5,North
66.875,137.125,246.0,North
66.875,139.125,741.0,North
66.875,141.125,218.0,North
66.875,143.125,-302.0,North
66.875,145.125,-751.0,North
66.875,147.125,260.0,North
66.875,149.125,705.5,North
66.875,151.125,-434.5,North
66.875,153.125,338.5,North
66.875,155.125,546.5,North
66.875,157.125,-407.0,North
66.875,159.125,-418.0,North
66.875,161.125,-462.5,North
66.875,163.125,-873.0,North
66.875,165.125,-42.0,North
66.875,167.125,-61.5,North
66.875,169.125,-432.5,North
66.875,171.125,177.0,North
66.875,173.125,-662.0,North
66.875,175.125,-661.5,North
66.875,177.125,-54.0,North
66.875,179.125,-1519.5,North
66.875,181.125,368.5,North
66.875,183.125,622.0,North
66.875,185.125,1326.5,North
66.875,187.125,1255.5,North
66.875,189.125,1499.5,North
66.875,191.125,-1327.5,North
66.875,193.125,-1250.0,North
66.875,195.125,1098.5,North
66.875,197.125,1323.0,North
66.875,199.125,964.5,North
66.875,201.125,2290.5,North
66.875,203.125,1742.0,North
66.875,205.125,1029.5,North
66.875,207.125,1704.5,North
66.875,209.125,2339.0,North
66.875,211.125,1348.5,North
66.875,213.125,1241.0,North
66.875,215.125,1838.0,North
66.875,217.125,1371.5,North
66.875,219.125,2496.0,North
66.875,221.125,999.5,North
66.875,223.125,-218.5,North
66.875,225.125,184.0,North
66.875,227.125,446.0,North
66.875,229.125,1286.0,North
66.875,231.125,68.0,North
66.875,233.125,-178.5,North
66.875,235.125,431.0,North
66.875,237.125,-601.5,North
66.875,239.125,554.5,North
66.875,241.125,-1222.5,North
66.875,243.125,724.5,North
66.875,245.125,-1986.5,North
66.875,247.125,-2081.0,North
66.875,249.125,-592.0,North
66.875,251.125,-818.5,North
66.875,253.125,-1839.0,North
66.875,255.125,-2865.5,North
66.875,257.125,-1304.5,North
66.875,259.125,-980.0,North
66.875,261.125,-685.5,North
66.875,263.125,-586.0,North
66.875,265.125,267.0,North
66.875,267.125,-2197.0,North
66.875,269.125,-2936.5,North
66.875,271.125,-2916.0,North
66.875,273.125,304.0,North
66.875,275.125,-640.5,North
66.875,277.125,-1418.5,North
66.875,279.125,-1423.5,North
66.875,281.125,-351.0,North
66.875,283.125,-886.0,North
66.875,285.125,-548.0,North
66.875,287.125,-616.5,North
66.875,289.125,-738.0,North
66.875,291.125,-1081.5,North
66.875,293.125,-895.5,North
66.875,295.125,-506.5,North
66.875,297.125,23.5,North
66.875,299.125,-1081.0,North
66.875,301.125,197.5,North
66.875,303.125,-1540.5,North
66.875,305.125,-729.5,North
66.875,307.125,-1890.5,North
66.875,309.125,-1936.5,North
66.875,311.125,-559.0,North
66.875,313.125,-942.5,North
66.875,315.125,-1069.5,North
66.875,317.125,-1143.5,North
66.875,319.125,-1242.0,North
66.875,321.125,-1427.5,North
66.875,323.125,-1723.0,North
66.875,325.125,-1445.5,North
66.875,327.125,-1422.0,North
66.875,329.125,-1668.0,North
66.875,331.125,-1804.0,North
66.875,333.125,-1884.5,North
66.875,335.125,-2588.5,North
66.875,337.125,-2614.0,North
66.875,339.125,-2214.0,North
66.875,341.125,-2072.0,North
66.875,343.125,-2085.0,North
66.875,345.125,-2014.0,North
66.875,347.125,-2000.0,North
66.875,349.125,-1904.5,North
66.875,351.125,-1526.0,North
66.875,353.125,-861.0,North
66.875,355.125,-2621.0,North
66.875,357.125,-1156.0,North
66.875,359.125,-1505.0,North
64.875,1.125,-1760.0,North
64.875,3.125,-1547.5,North
64.875,5.125,-1534.0,North
64.875,7.125,-1290.0,North
64.875,9.125,-1330.5,North
64.875,11.125,-1376.5,North
64.875,13.125,-1201.5,North
64.875,15.125,-614.0,North
64.875,17.125,-1305.5,North
64.875,19.125,-1727.5,North
64.875,21.125,-1734.5,North
64.875,23.125,-1711.5,North
64.875,25.125,-1596.0,North
64.875,27.125,-1032.5,North
64.875,29.125,-780.5,North
64.875,31.125,-1490.5,North
64.875,33.125,-1342.5,North
64.875,35.125,-1549.5,North
64.875,37.125,-1644.0,North
64.875,39.125,-1528.0,North
64.875,41.125,-1682.5,North
64.875,43.125,-1850.5,North
64.875,45.125,-1791.0,North
64.875,47.125,-658.5,North
64.875,49.125,-853.0,North
64.875,51.125,-343.0,North
64.875,53.125,-1227.0,North
64.875,55.125,-1411.5,North
64.875,57.125,-1758.0,North
64.875,59.125,-702.5,North
64.875,61.125,-534.0,North
64.875,63.125,-622.5,North
64.875,65.125,-612.0,North
64.875,67.125,-1520.5,North
64.875,69.125,-1828.5,North
64.875,71.125,-1695.5,North
64.875,73.125,-2240.5,North
64.875,75.125,-2884.0,North
64.875,77.125,-2455.5,North
64.875,79.125,-2971.0,North
64.875,81.125,-1517.0,North
64.875,83.125,-4714.5,North
64.875,85.125,-4684.0,North
64.875,87.125,211.0,North
64.875,89.125,-1998.0,North
64.875,91.125,-1958.5,North
64.875,93.125,-1979.0,North
64.875,95.125,-1265.5,North
64.875,97.125,-490.0,North
64.875,99.125,-1004.5,North
64.875,101.125,-2041.5,North
64.875,103.125,-1422.5,North
64.875,105.125,-1152.5,North
64.875,107.125,-1982.5,North
64.875,109.125,-2933.0,North
64.875,111.125,-2738.0,North
64.875,113.125,-665.0,North
64.875,115.125,-150.5,North
64.875,117.125,-673.0,North
64.875,119.125,-2774.5,North
64.875,121.125,-2643.0,North
64.875,123.125,-534.5,North
64.875,125.125,-2720.5,North
64.875,127.125,-1007.5,North
64.875,129.125,-671.0,North
64.875,131.125,-1311.0,North
64.875,133.125,-1260.5,North
64.875,135.125,154.5,North
64.875,137.125,-701.0,North
64.875,139.125,297.5,North
64.875,141.125,-73.0,North
64.875,143.125,-2816.0,North
64.875,145.125,-2886.0,North
64.875,147.125,-2665.5,North
64.875,149.125,363.5,North
64.875,151.125,-798.5,North
64.875,153.125,1751.5,North
64.875,155.125,1016.5,North
64.875,157.125,224.5,North
64.875,159.125,-170.0,North
64.875,161.125,1157.5,North
64.875,163.125,715.0,North
64.875,165.125,-1142.0,North
64.875,167.125,353.0,North
64.875,169.125,1464.5,North
64.875,171.125,-232.0,North
64.875,173.125,57.0,North
64.875,175.125,534.0,North
64.875,177.125,784.0,North
64.875,179.125,1125.5,North
64.875,181.125,1058.5,North
64.875,183.125,331.0,North
64.875,185.125,1173.5,North
64.875,187.125,623.5,North
64.875,189.125,1217.0,North
64.875,191.125,1812.0,North
64.875,193.125,2068.5,North
64.875,195.125,-1934.0,North
64.875,197.125,-1966.0,North
64.875,199.125,-1935.5,North
64.875,201.125,-1714.0,North
64.875,203.125,1306.5,North
64.875,205.125,3180.5,North
64.875,207.125,2900.0,North
64.875,209.125,2380.5,North
64.875,211.125,290.0,North
64.875,213.125,-437.5,North
64.875,215.125,-2161.0,North
64.875,217.125,-2010.0,North
64.875,219.125,-2166.5,North
64.875,221.125,564.0,North
64.875,223.125,2588.0,North
64.875,225.125,1557.0,North
64.875,227.125,1491.0,North
64.875,229.125,1487.5,North
64.875,231.125,667.5,North
64.875,233.125,32.0,North
64.875,235.125,-223.0,North
64.875,237.125,750.5,North
64.875,239.125,142.5,North
64.875,241.125,-319.0,North
64.875,243.125,-442.0,North
64.875,245.125,664.0,North
64.875,247.125,-62.0,North
64.875,249.125,-656.5,North
64.875,251.125,-97.0,North
64.875,253.125,-297.5,North
64.875,255.125,-603.5,North
64.875,257.125,-23.0,North
64.875,259.125,-2054.0,North
64.875,261.125,-906.0,North
64.875,263.125,-17.0,North
64.875,265.125,-1544.5,North
64.875,267.125,-863.5,North
64.875,269.125,-1875.0,North
64.875,271.125,-396.0,North
64.875,273.125,-649.0,North
64.875,275.125,-514.0,North
64.875,277.125,-794.0,North
64.875,279.125,-962.5,North
64.875,281.125,-965.5,North
64.875,283.125,-1520.0,North
64.875,285.125,-1625.5,North
64.875,287.125,-1173.5,North
64.875,289.125,-1146.5,North
64.875,291.125,-1215.5,North
64.875,293.125,-324.5,North
64.875,295.125,-3532.0,North
64.875,297.125,-3379.0,North
64.875,299.125,-2925.0,North
64.875,301.125,-197.0,North
64.875,303.125,-92.5,North
64.875,305.125,-461.0,North
64.875,307.125,-618.0,North
64.875,309.125,-2107.5,North
64.875,311.125,-2074.0,North
64.875,313.125,-736.0,North
64.875,315.125,-907.5,North
64.875,317.125,-1326.5,North
64.875,319.125,-1143.5,North
64.875,321.125,-1258.0,North
64.875,323.125,-1553.5,North
64.875,325.125,-1940.0,North
64.875,327.125,-2079.5,North
64.875,329.125,-2075.5,North
64.875,331.125,-2227.0,North
64.875,333.125,-1908.5,North
64.875,335.125,-2346.5,North
64.875,337.125,-2638.5,North
64.875,339.125,-1490.5,North
64.875,341.125,-1927.0,North
64.875,343.125,-2243.0,North
64.875,345.125,-1073.0,North
64.875,347.125,-1784.0,North
64.875,349.125,-1834.0,North
64.875,351.125,-1897.5,North
64.875,353.125,-965.5,North
64.875,355.125,-1432.0,North
64.875,357.125,-1127.0,North
64.875,359.125,-1887.5,North
62.875,1.125,-1635.5,North
62.875,3.125,-1617.5,North
62.875,5.125,-1854.0,North
62.875,7.125,-1809.5,North
62.875,9.125,-2564.0,North
62.875,11.125,-1671.5,North
62.875,13.125,-738.0,North
62.875,15.125,-1351.5,North
62.875,17.125,-2406.0,North
62.875,19.125,-1445.5,North
62.875,21.125,-1267.0,North
62.875,23.125,-1662.5,North
62.875,25.125,-1726.0,North
62.875,27.125,-1665.5,North
62.875,29.125,-1122.0,North
62.875,31.125,-1698.5,North
62.875,33.125,-1478.0,North
62.875,35.125,-1265.0,North
62.875,37.125,-1681.0,North
62.875,39.125,-1302.5,North
62.875,41.125,-1490.0,North
62.875,43.125,-788.0,North
62.875,45.125,-611.0,North
62.875,47.125,-298.5,North
62.875,49.125,-715.0,North
62.875,51.125,-868.0,North
62.875,53.125,-780.0,North
62.875,55.125,-706.0,North
62.875,57.125,98.5,North
62.875,59.125,-2726.0,North
62.875,61.125,-2830.0,North
62.875,63.125,-2416.5,North
62.875,65.125,-2626.5,North
62.875,67.125,-2369.5,North
62.875,69.125,-1843.0,North
62.875,71.125,-4239.5,North
62.875,73.125,-1552.5,North
62.875,75.125,-3076.5,North
62.875,77.125,-3135.0,North
62.875,79.125,-2832.5,North
62.875,81.125,-551.5,North
62.875,83.125,85.0,North
62.875,85.125,-2425.5,North
62.875,87.125,-2927.0,North
62.875,89.125,-3476.5,North
62.875,91.125,-3421.5,North
62.875,93.125,-2957.5,North
62.875,95.125,-3456.5,North
62.875,97.125,-1350.5,North
62.875,99.125,-2783.0,North
62.875,101.125,-2436.5,North
62.875,103.125,-2501.5,North
62.875,105.125,-3606.5,North
62.875,107.125,-2898.0,North
62.875,109.125,-2336.5,North
62.875,111.125,-1215.0,North
62.875,113.125,-894.5,North
62.875,115.125,-2048.0,North
62.875,117.125,-1396.5,North
62.875,119.125,-1376.0,North
62.875,121.125,-1176.5,North
62.875,123.125,-615.0,North
62.875,125.125,-567.5,North
62.875,127.125,-1930.5,North
62.875,129.125,-864.5,North
62.875,131.125,-228.0,North
62.875,133.125,58.5,North
62.875,135.125,708.0,North
62.875,137.125,-1652.5,North
62.875,139.125,-718.0,North
62.875,141.125,796.5,North
62.875,143.125,385.0,North
62.875,145.125,164.0,North
62.875,147.125,119.0,North
62.875,149.125,1175.5,North
62.875,151.125,31.5,North
62.875,153.125,1327.5,North
62.875,155.125,-1206.5,North
62.875,157.125,1670.5,North
62.875,159.125,1213.5,North
62.875,161.125,1054.5,North
62.875,163.125,-2488.0,North
62.875,165.125,-1172.0,North
62.875,167.125,-1619.5,North
62.875,169.125,352.5,North
62.875,171.125,2586.5,North
62.875,173.125,898.5,North
62.875,175.125,998.5,North
62.875,177.125,-159.0,North
62.875,179.125,1397.0,North
62.875,181.125,-1853.0,North
62.875,183.125,-1331.5,North
62.875,185.125,-1908.5,North
62.875,187.125,1007.0,North
62.875,189.125,-710.0,North
62.875,191.125,1022.5,North
62.875,193.125,860.5,North
62.875,195.125,2402.0,North
62.875,197.125,1084.5,North
62.875,199.125,629.0,North
62.875,201.125,526.5,North
62.875,203.125,3311.0,North
62.875,205.125,3285.0,North
62.875,207.125,2244.5,North
62.875,209.125,751.0,North
62.875,211.125,1243.0,North
62.875,213.125,1623.0,North
62.875,215.125,-1426.5,North
62.875,217.125,-1858.0,North
62.875,219.125,-88.0,North
62.875,221.125,3738.5,North
62.875,223.125,2767.0,North
62.875,225.125,2085.5,North
62.875,227.125,516.0,North
62.875,229.125,2363.0,North
62.875,231.125,2300.5,North
62.875,233.125,969.0,North
62.875,235.125,1491.0,North
62.875,237.125,2926.0,North
62.875,239.125,2445.5,North
62.875,241.125,-313.5,North
62.875,243.125,2010.0,North
62.875,245.125,-364.5,North
62.875,247.125,-138.5,North
62.875,249.125,213.5,North
62.875,251.125,15.5,North
62.875,253.125,-882.5,North
62.875,255.125,-1066.5,North
62.875,257.125,-2499.0,North
62.875,259.125,-875.5,North
62.875,261.125,-212.0,North
62.875,263.125,645.5,North
62.875,265.125,-2584.0,North
62.875,267.125,148.5,North
62.875,269.125,125.0,North
62.875,271.125,599.5,North
62.875,273.125,-219.0,North
62.875,275.125,-1984.0,North
62.875,277.125,-896.5,North
62.875,279.125,-3002.5,North
62.875,281.125,-123.5,North
62.875,283.125,-2608.5,North
62.875,285.125,-1679.5,North
62.875,287.125,-1559.0,North
62.875,289.125,-1770.5,North
62.875,291.125,-1440.5,North
62.875,293.125,-1684.0,North
62.875,295.125,-3631.5,North
62.875,297.125,-3673.5,North
62.875,299.125,-3573.0,North
62.875,301.125,-80.5,North
62.875,303.125,-604.0,North
62.875,305.125,-708.5,North
62.875,307.125,-873.5,North
62.875,309.125,-1087.5,North
62.875,311.125,-1204.0,North
62.875,313.125,-1482.5,North
62.875,315.125,-2259.5,North
62.875,317.125,-2118.5,North
62.875,319.125,-2082.5,North
62.875,321.125,-2109.0,North
62.875,323.125,-2354.5,North
62.875,325.125,-1482.5,North
62.875,327.125,-1908.5,North
62.875,329.125,-2437.0,North
62.875,331.125,-2334.5,North
62.875,333.125,-2544.0,North
62.875,335.125,-2207.5,North
62.875,337.125,-2681.5,North
62.875,339.125,-1408.5,North
62.875,341.125,-3106.0,North
62.875,343.125,-2608.0,North
62.875,345.125,-2674.5,North
62.875,347.125,-2666.5,North
62.875,349.125,-1779.5,North
62.875,351.125,-1637.5,North
62.875,353.125,-1571.5,North
62.875,355.125,-1581.5,North
62.875,357.125,-2034.5,North
62.875,359.125,-3490.5,North
60.875,1.125,-2603.5,North
60.875,3.125,-2402.5,North
60.875,5.125,-2496.5,North
60.875,7.125,-1774.0,North
60.875,9.125,-1555.0,North
60.875,11.125,-1182.0,North
60.875,13.125,-1130.5,North
60.875,15.125,-1161.0,North
60.875,17.125,-1225.0,North
60.875,19.125,-1479.5,North
60.875,21.125,-2005.0,North
60.875,23.125,-2028.5,North
60.875,25.125,-1954.0,North
60.875,27.125,-1833.5,North
60.875,29.125,-1929.5,North
60.875,31.125,-2026.0,North
60.875,33.125,-1852.0,North
60.875,35.125,-1122.0,North
60.875,37.125,-1363.0,North
60.875,39.125,-1888.5,North
60.875,41.125,-1773.5,North
60.875,43.125,-1456.0,North
60.875,45.125,-1231.0,North
60.875,47.125,-1559.0,North
60.875,49.125,-1240.0,North
60.875,51.125,-968.0,North
60.875,53.125,-713.0,North
60.875,55.125,7.0,North
60.875,57.125,490.5,North
60.875,59.125,-885.0,North
60.875,61.125,-2247.0,North
60.875,63.125,-1738.5,North
60.875,65.125,-3107.5,North
60.875,67.125,-2415.0,North
60.875,69.125,-2736.5,North
60.875,71.125,-2297.5,North
60.875,73.125,-1568.0,North
60.875,75.125,-1902.5,North
60.875,77.125,-3788.5,North
60.875,79.125,-3855.5,North
60.875,81.125,-3987.5,North
60.875,83.125,-3536.0,North
60.875,85.125,-4298.0,North
60.875,87.125,-4198.5,North
60.875,89.125,-3948.0,North
60.875,91.125,-3930.0,North
60.875,93.125,-4070.5,North
60.875,95.125,-3904.0,North
60.875,97.125,-2355.5,North
60.875,99.125,-2126.5,North
60.875,101.125,-2932.5,North
60.875,103.125,-3664.5,North
60.875,105.125,-3246.5,North
60.875,107.125,-3383.5,North
60.875,109.125,-3499.5,North
60.875,111.125,-2300.0,North
60.875,113.125,-2605.5,North
60.875,115.125,-1935.0,North
60.875,117.125,-848.0,North
60.875,119.125,-67.0,North
60.875,121.125,-3430.0,North
60.875,123.125,-3059.5,North
60.875,125.125,-816.5,North
60.875,127.125,-3061.0,North
60.875,129.125,-2349.5,North
60.875,131.125,1071.5,North
60.875,133.125,626.5,North
60.875,135.125,363.5,North
60.875,137.125,338.0,North
60.875,139.125,254.5,North
60.875,141.125,1458.0,North
60.875,143.125,-566.5,North
60.875,145.125,-364.0,North
60.875,147.125,-149.0,North
60.875,149.125,-552.5,North
60.875,151.125,1602.0,North
60.875,153.125,713.5,North
60.875,155.125,1828.0,North
60.875,157.125,1437.5,North
60.875,159.125,1568.5,North
60.875,161.125,2023.0,North
60.875,163.125,1332.0,North
60.875,165.125,3224.0,North
60.875,167.125,2595.0,North
60.875,169.125,1677.5,North
60.875,171.125,5.5,North
60.875,173.125,-670.0,North
60.875,175.125,1455.0,North
60.875,177.125,1387.0,North
60.875,179.125,1776.0,North
60.875,181.125,1119.5,North
60.875,183.125,-1748.5,North
60.875,185.125,1351.5,North
60.875,187.125,845.5,North
60.875,189.125,582.5,North
60.875,191.125,939.5,North
60.875,193.125,1036.0,North
60.875,195.125,1582.5,North
60.875,197.125,2328.0,North
60.875,199.125,2639.5,North
60.875,201.125,3182.5,North
60.875,203.125,2932.5,North
60.875,205.125,1288.0,North
60.875,207.125,-181.5,North
60.875,209.125,-2135.0,North
60.875,211.125,-2209.0,North
60.875,213.125,-1724.5,North
60.875,215.125,1217.5,North
60.875,217.125,420.0,North
60.875,219.125,-1937.5,North
60.875,221.125,-5.5,North
60.875,223.125,3080.5,North
60.875,225.125,2815.5,North
60.875,227.125,667.0,North
60.875,229.125,1612.0,North
60.875,231.125,2507.5,North
60.875,233.125,-1005.0,North
60.875,235.125,2222.0,North
60.875,237.125,161.0,North
60.875,239.125,-768.5,North
60.875,241.125,-16.0,North
60.875,243.125,-1782.5,North
60.875,245.125,1153.0,North
60.875,247.125,929.0,North
60.875,249.125,1242.5,North
60.875,251.125,1312.5,North
60.875,253.125,1048.5,North
60.875,255.125,457.5,North
60.875,257.125,-874.0,North
60.875,259.125,-326.5,North
60.875,261.125,-1218.0,North
60.875,263.125,-2865.5,North
60.875,265.125,158.5,North
60.875,267.125,641.0,North
60.875,269.125,608.5,North
60.875,271.125,-1524.0,North
60.875,273.125,-132.0,North
60.875,275.125,-435.5,North
60.875,277.125,-857.0,North
60.875,279.125,-927.0,North
60.875,281.125,-689.0,North
60.875,283.125,-3296.0,North
60.875,285.125,-1119.0,North
60.875,287.125,-1845.5,North
60.875,289.125,-1759.0,North
60.875,291.125,-1701.5,North
60.875,293.125,-1293.5,North
60.875,295.125,-1192.0,North
60.875,297.125,-732.5,North
60.875,299.125,-123.0,North
60.875,301.125,-1617.5,North
60.875,303.125,-1687.0,North
60.875,305.125,-1977.0,North
60.875,307.125,-782.0,North
60.875,309.125,-954.5,North
60.875,311.125,-889.0,North
60.875,313.125,-776.5,North
60.875,315.125,-2634.0,North
60.875,317.125,-2377.0,North
60.875,319.125,-2221.5,North
60.875,321.125,-2600.5,North
60.875,323.125,-1768.5,North
60.875,325.125,-1429.0,North
60.875,327.125,-1395.5,North
60.875,329.125,-2320.5,North
60.875,331.125,-2616.0,North
60.875,333.125,-2734.5,North
60.875,335.125,-2604.5,North
60.875,337.125,-2629.0,North
60.875,339.125,-2614.5,North
60.875,341.125,-2712.0,North
60.875,343.125,-2646.0,North
60.875,345.125,-2637.5,North
60.875,347.125,-2519.0,North
60.875,349.125,-2458.5,North
60.875,351.125,-2512.0,North
60.875,353.125,-2108.5,North
60.875,355.125,-2594.5,North
60.875,357.125,-2585.0,North
60.875,359.125,-2661.5,North
58.875,1.125,-2505.0,North
58.875,3.125,-2463.0,North
58.875,5.125,-4136.0,North
58.875,7.125,-2482.5,North
58.875,9.125,-2329.5,North
58.875,11.125,-2288.0,North
58.875,13.125,-2031.5,North
58.875,15.125,-2255.5,North
58.875,17.125,-2105.5,North
58.875,19.125,-2328.5,North
58.875,21.125,-2247.0,North
58.875,23.125,-2263.5,North
58.875,25.125,-2127.0,North
58.875,27.125,-2219.5,North
58.875,29.125,-2231.0,North
58.875,31.125,-2279.0,North
58.875,33.125,-2344.0,North
58.875,35.125,-2302.5,North
58.875,37.125,-2210.0,North
58.875,39.125,-2049.0,North
58.875,41.125,-1628.0,North
58.875,43.125,-1445.5,North
58.875,45.125,-1721.5,North
58.875,47.125,-1687.5,North
58.875,49.125,-1470.0,North
58.875,51.125,-1532.5,North
58.875,53.125,-1698.5,North
58.875,55.125,-1427.0,North
58.875,57.125,564.0,North
58.875,59.125,-153.5,North
58.875,61.125,961.5,North
58.875,63.125,-1069.0,North
58.875,65.125,-3134.0,North
58.875,67.125,-2692.0,North
58.875,69.125,-1849.5,North
58.875,71.125,-2335.0,North
58.875,73.125,-2405.0,North
58.875,75.125,-2990.0,North
58.875,77.125,-3932.5,North
58.875,79.125,-4333.5,North
58.875,81.125,-4196.0,North
58.875,83.125,-4089.0,North
58.875,85.125,-4251.0,North
58.875,87.125,-4554.5,North
58.875,89.125,-3659.0,North
58.875,91.125,-4288.0,North
58.875,93.125,-3974.0,North
58.875,95.125,-1969.5,North
58.875,97.125,-2019.5,North
58.875,99.125,-1877.0,North
58.875,101.125,-2673.5,North
58.875,103.125,-2734.5,North
58.875,105.125,-2743.5,North
58.875,107.125,-3179.0,North
58.875,109.125,-3215.0,North
58.875,111.125,-1950.0,North
58.875,113.125,-2083.0,North
58.875,115.125,-2491.0,North
58.875,117.125,-2357.0,North
58.875,119.125,-1253.0,North
58.875,121.125,-709.0,North
58.875,123.125,-783.5,North
58.875,125.125,-642.0,North
58.875,127.125,-347.5,North
58.875,129.125,-585.5,North
58.875,131.125,-1363.5,North
58.875,133.125,339.0,North
58.875,135.125,1059.0,North
58.875,137.125,-1939.5,North
58.875,139.125,-2074.0,North
58.875,141.125,1422.0,North
58.875,143.125,972.5,North
58.875,145.125,1104.5,North
58.875,147.125,2015.0,North
58.875,149.125,513.0,North
58.875,151.125,-163.5,North
58.875,153.125,-336.5,North
58.875,155.125,1787.0,North
58.875,157.125,2445.0,North
58.875,159.125,-137.0,North
58.875,161.125,-2104.0,North
58.875,163.125,-2239.0,North
58.875,165.125,-1106.0,North
58.875,167.125,388.5,North
58.875,169.125,455.0,North
58.875,171.125,2575.5,North
58.875,173.125,1531.5,North
58.875,175.125,776.0,North
58.875,177.125,430.0,North
58.875,179.125,1210.0,North
58.875,181.125,374.5,North
58.875,183.125,1802.0,North
58.875,185.125,1360.0,North
58.875,187.125,2112.0,North
58.875,189.125,1332.5,North
58.875,191.125,939.5,North
58.875,193.125,2403.0,North
58.875,195.125,1775.0,North
58.875,197.125,-1964.5,North
58.875,199.125,-391.0,North
58.875,201.125,2425.5,North
58.875,203.125,3260.0,North
58.875,205.125,67.5,North
58.875,207.125,-747.5,North
58.875,209.125,-82.0,North
58.875,211.125,-1029.5,North
58.875,213.125,-918.5,North
58.875,215.125,-1325.5,North
58.875,217.125,-1373.0,North
58.875,219.125,-2574.0,North
58.875,221.125,-1078.0,North
58.875,223.125,1353.5,North
58.875,225.125,3316.0,North
58.875,227.125,2456.0,North
58.875,229.125,2137.0,North
58.875,231.125,2315.5,North
58.875,233.125,-1154.0,North
58.875,235.125,-1102.5,North
58.875,237.125,2064.0,North
58.875,239.125,720.5,North
58.875,241.125,682.5,North
58.875,243.125,1708.0,North
58.875,245.125,1157.5,North
58.875,247.125,591.0,North
58.875,249.125,928.0,North
58.875,251.125,1034.0,North
58.875,253.125,-770.0,North
58.875,255.125,-2414.5,North
58.875,257.125,-1275.0,North
58.875,259.125,-650.5,North
58.875,261.125,-1066.5,North
58.875,263.125,-1223.0,North
58.875,265.125,-814.0,North
58.875,267.125,-962.5,North
58.875,269.125,491.5,North
58.875,271.125,190.0,North
58.875,273.125,-623.5,North
58.875,275.125,-568.0,North
58.875,277.125,-2610.0,North
58.875,279.125,-3119.5,North
58.875,281.125,-912.0,North
58.875,283.125,-1176.5,North
58.875,285.125,-1664.5,North
58.875,287.125,-1729.5,North
58.875,289.125,-1679.5,North
58.875,291.125,-1492.0,North
58.875,293.125,-1328.0,North
58.875,295.125,-1240.0,North
58.875,297.125,-1543.5,North
58.875,299.125,-1927.0,North
58.875,301.125,-1954.5,North
58.875,303.125,-1484.0,North
58.875,305.125,-1708.5,North
58.875,307.125,-1891.0,North
58.875,309.125,-2192.0,North
58.875,311.125,-1681.5,North
58.875,313.125,-501.5,North
58.875,315.125,-410.5,North
58.875,317.125,-871.0,North
58.875,319.125,-3925.0,North
58.875,321.125,-2409.0,North
58.875,323.125,-2509.0,North
58.875,325.125,-2179.0,North
58.875,327.125,-2508.5,North
58.875,329.125,-2367.5,North
58.875,331.125,-2605.0,North
58.875,333.125,-2685.0,North
58.875,335.125,-2709.5,North
58.875,337.125,-2744.0,North
58.875,339.125,-2816.5,North
58.875,341.125,-2780.5,North
58.875,343.125,-2789.0,North
58.875,345.125,-2713.5,North
58.875,347.125,-2788.5,North
58.875,349.125,-2649.0,North
58.875,351.125,-2652.5,North
58.875,353.125,-2711.0,North
58.875,355.125,-2523.5,North
58.875,357.125,-2627.0,North
58.875,359.125,-2641.0,North
56.875,1.125,-2720.0,North
56.875,3.125,-2718.0,North
56.875,5.125,-2633.5,North
56.875,7.125,-2656.0,North
56.875,9.125,-2791.5,North
56.875,11.125,-2337.0,North
56.875,13.125,-2815.5,North
56.875,15.125,-2595.5,North
56.875,17.125,-2451.5,North
56.875,19.125,-2680.0,North
56.875,21.125,-2679.0,North
56.875,23.125,-2650.0,North
56.875,25.125,-2611.0,North
56.875,27.125,-2529.0,North
56.875,29.125,-2457.0,North
56.875,31.125,-2441.0,North
56.875,33.125,-2504.0,North
56.875,35.125,-2564.5,North
56.875,37.125,-2180.0,North
56.875,39.125,-2210.0,North
56.875,41.125,-2118.0,North
56.875,43.125,-1970.5,North
56.875,45.125,-2030.5,North
56.875,47.125,-1587.0,North
56.875,49.125,-1524.5,North
56.875,51.125,-1108.0,North
56.875,53.125,-1142.5,North
56.875,55.125,-588.0,North
56.875,57.125,-1760.0,North
56.875,59.125,-1893.5,North
56.875,61.125,-1453.0,North
56.875,63.125,-1762.5,North
56.875,65.125,-2913.0,North
56.875,67.125,-2820.5,North
56.875,69.125,-2859.0,North
56.875,71.125,-2759.5,North
56.875,73.125,-2245.5,North
56.875,75.125,-3574.0,North
56.875,77.125,-4041.5,North
56.875,79.125,-4107.0,North
56.875,81.125,-4358.0,North
56.875,83.125,-4423.0,North
56.875,85.125,-4456.0,North
56.875,87.125,-4321.5,North
56.875,89.125,-3855.5,North
56.875,91.125,-3487.0,North
56.875,93.125,-2166.5,North
56.875,95.125,-1620.0,North
56.875,97.125,-2139.5,North
56.875,99.125,-1764.0,North
56.875,101.125,-3446.5,North
56.875,103.125,-3372.5,North
56.875,105.125,-3309.0,North
56.875,107.125,-3481.0,North
56.875,109.125,-595.0,North
56.875,111.125,-1477.5,North
56.875,113.125,-2297.5,North
56.875,115.125,-1427.0,North
56.875,117.125,-1526.5,North
56.875,119.125,-1216.5,North
56.875,121.125,-1853.0,North
56.875,123.125,222.0,North
56.875,125.125,-2740.5,North
56.875,127.125,-1037.5,North
56.875,129.125,-1674.0,North
56.875,131.125,-2507.0,North
56.875,133.125,-155.0,North
56.875,135.125,381.5,North
56.875,137.125,-2321.5,North
56.875,139.125,-409.5,North
56.875,141.125,1529.5,North
56.875,143.125,610.0,North
56.875,145.125,-131.0,North
56.875,147.125,-2281.0,North
56.875,149.125,896.5,North
56.875,151.125,-493.0,North
56.875,153.125,736.0,North
56.875,155.125,-512.5,North
56.875,157.125,1190.5,North
56.875,159.125,1385.5,North
56.875,161.125,2727.0,North
56.875,163.125,1800.5,North
56.875,165.125,2413.0,North
56.875,167.125,1163.0,North
56.875,169.125,-1155.5,North
56.875,171.125,-1170.0,North
56.875,173.125,2577.5,North
56.875,175.125,-211.0,North
56.875,177.125,1988.0,North
56.875,179.125,1051.0,North
56.875,181.125,975.5,North
56.875,183.125,1303.0,North
56.875,185.125,1827.0,North
56.875,187.125,-48.0,North
56.875,189.125,1741.0,North
56.875,191.125,2385.0,North
56.875,193.125,1460.0,North
56.875,195.125,-1519.5,North
56.875,197.125,-1310.5,North
56.875,199.125,-1149.0,North
56.875,201.125,-293.0,North
56.875,203.125,4589.0,North
56.875,205.125,928.0,North
56.875,207.125,-264.5,North
56.875,209.125,-419.0,North
56.875,211.125,435.5,North
56.875,213.125,-497.5,North
56.875,215.125,-2068.0,North
56.875,217.125,-839.0,North
56.875,219.125,-994.5,North
56.875,221.125,885.0,North
56.875,223.125,2632.5,North
56.875,225.125,3238.5,North
56.875,227.125,2306.5,North
56.875,229.125,3142.5,North
56.875,231.125,1505.0,North
56.875,233.125,1283.5,North
56.875,235.125,994.0,North
56.875,237.125,768.5,North
56.875,239.125,699.5,North
56.875,241.125,630.5,North
56.875,243.125,292.0,North
56.875,245.125,230.0,North
56.875,247.125,577.0,North
56.875,249.125,137.5,North
56.875,251.125,819.0,North
56.875,253.125,870.5,North
56.875,255.125,-106.0,North
56.875,257.125,-1154.5,North
56.875,259.125,-1447.0,North
56.875,261.125,-1525.0,North
56.875,263.125,-1619.0,North
56.875,265.125,-1562.5,North
56.875,267.125,1041.0,North
56.875,269.125,28.5,North
56.875,271.125,-1052.0,North
56.875,273.125,-1334.0,North
56.875,275.125,-2303.5,North
56.875,277.125,-3089.0,North
56.875,279.125,-3005.0,North
56.875,281.125,-2020.0,North
56.875,283.125,-1389.5,North
56.875,285.125,-1354.0,North
56.875,287.125,-1590.5,North
56.875,289.125,-1731.5,North
56.875,291.125,-1727.5,North
56.875,293.125,-1875.5,North
56.875,295.125,-2238.0,North
56.875,297.125,-2289.0,North
56.875,299.125,-1465.0,North
56.875,301.125,-1562.5,North
56.875,303.125,-968.5,North
56.875,305.125,-1239.0,North
56.875,307.125,-2312.5,North
56.875,309.125,-2385.0,North
56.875,311.125,-2357.5,North
56.875,313.125,-2447.0,North
56.875,315.125,-2270.5,North
56.875,317.125,-2434.0,North
56.875,319.125,-2569.0,North
56.875,321.125,-2585.0,North
56.875,323.125,-2588.5,North
56.875,325.125,-2637.0,North
56.875,327.125,-2572.5,North
56.875,329.125,-2535.5,North
56.875,331.125,-2648.0,North
56.875,333.125,-2704.5,North
56.875,335.125,-2649.5,North
56.875,337.125,-2570.0,North
56.875,339.125,-2688.5,North
56.875,341.125,-2693.0,North
56.875,343.125,-2541.5,North
56.875,345.125,-2569.5,North
56.875,347.125,-2688.0,North
56.875,349.125,-2403.0,North
56.875,351.125,-2439.5,North
56.875,353.125,-2509.5,North
56.875,355.125,-2630.0,North
56.875,357.125,-2733.0,North
56.875,359.125,-2698.0,North
54.875,1.125,-2767.5,North
54.875,3.125,-2856.5,North
54.875,5.125,-2857.0,North
54.875,7.125,-2799.0,North
54.875,9.125,-2722.0,North
54.875,11.125,-2568.5,North
54.875,13.125,-2717.5,North
54.875,15.125,-2767.5,North
54.875,17.125,-2772.0,North
54.875,19.125,-2708.0,North
54.875,21.125,-2740.0,North
54.875,23.125,-2518.0,North
54.875,25.125,-2617.0,North
54.875,27.125,-2769.0,North
54.875,29.125,-2675.0,North
54.875,31.125,-2591.0,North
54.875,33.125,-2594.5,North
54.875,35.125,-2629.0,North
54.875,37.125,-2575.0,North
54.875,39.125,-2312.5,North
54.875,41.125,-2245.5,North
54.875,43.125,-1815.5,North
54.875,45.125,-2069.5,North
54.875,47.125,-1786.5,North
54.875,49.125,-1604.5,North
54.875,51.125,-476.0,North
54.875,53.125,-226.0,North
54.875,55.125,-2687.0,North
54.875,57.125,-2819.0,North
54.875,59.125,-2008.0,North
54.875,61.125,-1109.0,North
54.875,63.125,-690.5,North
54.875,65.125,-479.5,North
54.875,67.125,-3132.0,North
54.875,69.125,-3102.0,North
54.875,71.125,-2892.5,North
54.875,73.125,-2766.5,North
54.875,75.125,-2871.0,North
54.875,77.125,-3812.5,North
54.875,79.125,-4036.0,North
54.875,81.125,-3895.0,North
54.875,83.125,-4132.5,North
54.875,85.125,-3923.0,North
54.875,87.125,-3951.5,North
54.875,89.125,-3265.5,North
54.875,91.125,-1507.5,North
54.875,93.125,-3465.0,North
54.875,95.125,-3286.0,North
54.875,97.125,-2758.5,North
54.875,99.125,-1184.5,North
54.875,101.125,-2414.5,North
54.875,103.125,-3367.0,North
54.875,105.125,-3374.0,North
54.875,107.125,-3517.0,North
54.875,109.125,-435.0,North
54.875,111.125,-3431.0,North
54.875,113.125,-1898.5,North
54.875,115.125,-3448.5,North
54.875,117.125,-1768.0,North
54.875,119.125,-645.0,North
54.875,121.125,-937.0,North
54.875,123.125,-1735.5,North
54.875,125.125,-2739.0,North
54.875,127.125,-2708.0,North
54.875,129.125,-2853.5,North
54.875,131.125,-315.0,North
54.875,133.125,699.0,North
54.875,135.125,1348.0,North
54.875,137.125,474.5,North
54.875,139.125,359.0,North
54.875,141.125,1282.0,North
54.875,143.125,1329.0,North
54.875,145.125,1352.0,North
54.875,147.125,1113.5,North
54.875,149.125,1961.0,North
54.875,151.125,-762.0,North
54.875,153.125,1481.5,North
54.875,155.125,2501.0,North
54.875,157.125,2450.0,North
54.875,159.125,2262.5,North
54.875,161.125,3189.0,North
54.875,163.125,3317.0,North
54.875,165.125,1761.5,North
54.875,167.125,3355.0,North
54.875,169.125,2555.5,North
54.875,171.125,2041.5,North
54.875,173.125,1215.5,North
54.875,175.125,1793.0,North
54.875,177.125,1478.5,North
54.875,179.125,1329.5,North
54.875,181.125,1684.5,North
54.875,183.125,-1169.5,North
54.875,185.125,527.0,North
54.875,187.125,2559.5,North
54.875,189.125,549.5,North
54.875,191.125,2124.5,North
54.875,193.125,1920.0,North
54.875,195.125,1798.0,North
54.875,197.125,-449.5,North
54.875,199.125,-1067.0,North
54.875,201.125,2559.5,North
54.875,203.125,3852.5,North
54.875,205.125,2951.5,North
54.875,207.125,2722.0,North
54.875,209.125,1103.0,North
54.875,211.125,-248.5,North
54.875,213.125,-736.0,North
54.875,215.125,554.0,North
54.875,217.125,380.0,North
54.875,219.125,3323.5,North
54.875,221.125,3808.0,North
54.875,223.125,2238.5,North
54.875,225.125,3068.0,North
54.875,227.125,1526.0,North
54.875,229.125,802.0,North
54.875,231.125,1587.0,North
54.875,233.125,-2364.0,North
54.875,235.125,-1269.0,North
54.875,237.125,-767.5,North
54.875,239.125,-587.5,North
54.875,241.125,-67.5,North
54.875,243.125,11.5,North
54.875,245.125,-2583.0,North
54.875,247.125,176.0,North
54.875,249.125,859.0,North
54.875,251.125,498.0,North
54.875,253.125,901.5,North
54.875,255.125,761.5,North
54.875,257.125,248.0,North
54.875,259.125,-790.5,North
54.875,261.125,-1652.0,North
54.875,263.125,-66.5,North
54.875,265.125,1007.0,North
54.875,267.125,-295.5,North
54.875,269.125,-369.5,North
54.875,271.125,-439.0,North
54.875,273.125,-833.0,North
54.875,275.125,-2552.0,North
54.875,277.125,-2291.5,North
54.875,279.125,-194.5,North
54.875,281.125,-1067.5,North
54.875,283.125,-999.0,North
54.875,285.125,-1380.5,North
54.875,287.125,-1834.0,North
54.875,289.125,-1906.5,North
54.875,291.125,-1991.0,North
54.875,293.125,-2149.5,North
54.875,295.125,-2132.5,North
54.875,297.125,-2018.5,North
54.875,299.125,-2254.5,North
54.875,301.125,-2386.5,North
54.875,303.125,-2381.5,North
54.875,305.125,-2514.5,North
54.875,307.125,-2436.0,North
54.875,309.125,-2269.0,North
54.875,311.125,-2372.0,North
54.875,313.125,-2518.5,North
54.875,315.125,-2472.5,North
54.875,317.125,-2538.0,North
54.875,319.125,-2588.5,North
54.875,321.125,-2632.0,North
54.875,323.125,-2625.5,North
54.875,325.125,-2658.5,North
54.875,327.125,-2724.5,North
54.875,329.125,-2180.0,North
54.875,331.125,-2594.5,North
54.875,333.125,-2696.0,North
54.875,335.125,-2778.5,North
54.875,337.125,-2726.5,North
54.875,339.125,-2751.5,North
54.875,341.125,-2739.5,North
54.875,343.125,-2699.0,North
54.875,345.125,-2610.5,North
54.875,347.125,-2199.0,North
54.875,349.125,-1978.5,North
54.875,351.125,-1906.0,North
54.875,353.125,-2170.0,North
54.875,355.125,-2100.5,North
54.875,357.125,-2150.0,North
54.875,359.125,-2378.0,North
52.875,1.125,-2205.5,North
52.875,3.125,-2628.5,North
52.875,5.125,-2741.5,North
52.875,7.125,-2880.0,North
52.875,9.125,-2965.5,North
52.875,11.125,-2852.5,North
52.875,13.125,-2643.0,North
52.875,15.125,-2444.0,North
52.875,17.125,-2452.0,North
52.875,19.125,-2633.0,North
52.875,21.125,-2648.5,North
52.875,23.125,-2615.0,North
52.875,25.125,-2702.0,North
52.875,27.125,-2548.5,North
52.875,29.125,-2621.5,North
52.875,31.125,-2505.5,North
52.875,33.125,-2450.0,North
52.875,35.125,-2550.0,North
52.875,37.125,-2560.0,North
52.875,39.125,-2614.5,North
52.875,41.125,-2430.0,North
52.875,43.125,-2002.5,North
52.875,45.125,-1162.5,North
52.875,47.125,-1228.5,North
52.875,49.125,-1481.5,North
52.875,51.125,-1443.0,North
52.875,53.125,546.5,North
52.875,55.125,-2901.0,North
52.875,57.125,-3006.0,North
52.875,59.125,-1578.0,North
52.875,61.125,-302.0,North
52.875,63.125,-471.5,North
52.875,65.125,531.0,North
52.875,67.125,-1120.0,North
52.875,69.125,-2554.0,North
52.875,71.125,-2529.5,North
52.875,73.125,-2423.0,North
52.875,75.125,-2530.5,North
52.875,77.125,-1644.5,North
52.875,79.125,-2601.0,North
52.875,81.125,-1924.5,North
52.875,83.125,-2753.0,North
52.875,85.125,-888.5,North
52.875,87.125,-3268.0,North
52.875,89.125,-1862.5,North
52.875,91.125,-3666.0,North
52.875,93.125,-2601.5,North
52.875,95.125,-3312.0,North
52.875,97.125,-2033.0,North
52.875,99.125,-1080.0,North
52.875,101.125,-791.0,North
52.875,103.125,-893.0,North
52.875,105.125,-984.0,North
52.875,107.125,-274.5,North
52.875,109.125,-1399.5,North
52.875,111.125,-2063.0,North
52.875,113.125,-3440.5,North
52.875,115.125,-997.5,North
52.875,117.125,-1748.5,North
52.875,119.125,-2003.5,North
52.875,121.125,-1229.5,North
52.875,123.125,-499.0,North
52.875,125.125,-1529.0,North
52.875,127.125,-4499.0,North
52.875,129.125,-527.0,North
52.875,131.125,565.5,North
52.875,133.125,-1757.5,North
52.875,135.125,687.0,North
52.875,137.125,-2892.0,North
52.875,139.125,-101.0,North
52.875,141.125,1213.0,North
52.875,143.125,801.5,North
52.875,145.125,604.5,North
52.875,147.125,-397.5,North
52.875,149.125,1752.0,North
52.875,151.125,1843.0,North
52.875,153.125,386.5,North
52.875,155.125,2061.5,North
52.875,157.125,2834.0,North
52.875,159.125,2964.5,North
52.875,161.125,-1172.0,North
52.875,163.125,-1498.0,North
52.875,165.125,-1400.5,North
52.875,167.125,-1313.5,North
52.875,169.125,-797.5,North
52.875,171.125,2033.0,North
52.875,173.125,1773.5,North
52.875,175.125,-461.0,North
52.875,177.125,1434.5,North
52.875,179.125,883.5,North
52.875,181.125,-332.0,North
52.875,183.125,1907.5,North
52.875,185.125,1824.5,North
52.875,187.125,2889.5,North
52.875,189.125,1753.0,North
52.875,191.125,2399.0,North
52.875,193.125,2425.0,North
52.875,195.125,2608.5,North
52.875,197.125,66.0,North
52.875,199.125,141.0,North
52.875,201.125,-367.5,North
52.875,203.125,2788.5,North
52.875,205.125,236.0,North
52.875,207.125,3412.0,North
52.875,209.125,748.5,North
52.875,211.125,4275.0,North
52.875,213.125,3663.0,North
52.875,215.125,-347.0,North
52.875,217.125,-95.0,North
52.875,219.125,4801.0,North
52.875,221.125,3969.5,North
52.875,223.125,1914.0,North
52.875,225.125,1842.5,North
52.875,227.125,762.0,North
52.875,229.125,1259.0,North
52.875,231.125,-1338.5,North
52.875,233.125,-1038.5,North
52.875,235.125,-1256.5,North
52.875,237.125,-2259.5,North
52.875,239.125,-1932.5,North
52.875,241.125,-853.0,North
52.875,243.125,279.5,North
52.875,245.125,912.5,North
52.875,247.125,1851.5,North
52.875,249.125,1682.5,North
52.875,251.125,898.0,North
52.875,253.125,762.5,North
52.875,255.125,559.5,North
52.875,257.125,1213.5,North
52.875,259.125,532.0,North
52.875,261.125,1245.5,North
52.875,263.125,712.0,North
52.875,265.125,76.5,North
52.875,267.125,233.0,North
52.875,269.125,42.0,North
52.875,271.125,151.5,North
52.875,273.125,-693.5,North
52.875,275.125,-2496.0,North
52.875,277.125,-2073.5,North
52.875,279.125,-727.5,North
52.875,281.125,-1817.0,North
52.875,283.125,-1217.5,North
52.875,285.125,-1025.5,North
52.875,287.125,-1972.5,North
52.875,289.125,-2124.5,North
52.875,291.125,-2203.0,North
52.875,293.125,-2205.0,North
52.875,295.125,-2286.0,North
52.875,297.125,-2821.5,North
52.875,299.125,-2316.5,North
52.875,301.125,-2370.0,North
52.875,303.125,-2363.5,North
52.875,305.125,-2501.0,North
52.875,307.125,-2410.5,North
52.875,309.125,-2334.0,North
52.875,311.125,-2461.5,North
52.875,313.125,-2517.5,North
52.875,315.125,-2238.5,North
52.875,317.125,-4093.5,North
52.875,319.125,-2663.5,North
52.875,321.125,-2753.0,North
52.875,323.125,-2620.5,North
52.875,325.125,-2779.0,North
52.875,327.125,-2077.5,North
52.875,329.125,-1896.0,North
52.875,331.125,-1742.5,North
52.875,333.125,-2755.5,North
52.875,335.125,-2800.5,North
52.875,337.125,-2659.0,North
52.875,339.125,-2743.0,North
52.875,341.125,-2305.0,North
52.875,343.125,-2305.0,North
52.875,345.125,-2279.5,North
52.875,347.125,-1772.5,North
52.875,349.125,-1725.0,North
52.875,351.125,-2520.5,North
52.875,353.125,-1427.0,North
52.875,355.125,-1800.0,North
52.875,357.125,-2287.5,North
52.875,359.125,-2019.0,North
50.875,1.125,-1959.0,North
50.875,3.125,-1397.0,North
50.875,5.125,-2495.5,North
50.875,7.125,-2862.0,North
50.875,9.125,-2941.5,North
50.875,11.125,-2691.0,North
50.875,13.125,-2668.0,North
50.875,15.125,-1445.5,North
50.875,17.125,-4759.5,North
50.875,19.125,-2193.5,North
50.875,21.125,-2065.0,North
50.875,23.125,-2624.5,North
50.875,25.125,-2506.0,North
50.875,27.125,-2642.0,North
50.875,29.125,-2555.5,North
50.875,31.125,-2557.0,North
50.875,33.125,-2589.0,North
50.875,35.125,-2438.0,North
50.875,37.125,-2567.0,North
50.875,39.125,-2418.5,North
50.875,41.125,-2385.0,North
50.875,43.125,-2466.5,North
50.875,45.125,-2096.0,North
50.875,47.125,-1785.5,North
50.875,49.125,-1962.5,North
50.875,51.125,-1653.5,North
50.875,53.125,-1348.0,North
50.875,55.125,-1353.0,North
50.875,57.125,-1133.0,North
50.875,59.125,-958.5,North
50.875,61.125,-1013.5,North
50.875,63.125,-838.5,North
50.875,65.125,862.0,North
50.875,67.125,-750.0,North
50.875,69.125,-357.0,North
50.875,71.125,-2155.0,North
50.875,73.125,-2039.5,North
50.875,75.125,-1527.0,North
50.875,77.125,-2230.5,North
50.875,79.125,-2912.0,North
50.875,81.125,-2430.5,North
50.875,83.125,-3760.5,North
50.875,85.125,-2206.5,North
50.875,87.125,-3261.5,North
50.875,89.125,-3532.5,North
50.875,91.125,-2405.5,North
50.875,93.125,-2593.0,North
50.875,95.125,-153.0,North
50.875,97.125,-1385.0,North
50.875,99.125,261.5,North
50.875,101.125,-1151.5,North
50.875,103.125,784.0,North
50.875,105.125,574.0,North
50.875,107.125,-337.0,North
50.875,109.125,-506.5,North
50.875,111.125,-1181.0,North
50.875,113.125,-1653.0,North
50.875,115.125,-1173.5,North
50.875,117.125,-526.0,North
50.875,119.125,-729.0,North
50.875,121.125,-2261.5,North
50.875,123.125,-1198.5,North
50.875,125.125,-1301.5,North
50.875,127.125,-3601.5,North
50.875,129.125,900.0,North
50.875,131.125,-400.0,North
50.875,133.125,-444.0,North
50.875,135.125,-623.0,North
50.875,137.125,101.5,North
50.875,139.125,1028.5,North
50.875,141.125,-356.5,North
50.875,143.125,561.0,North
50.875,145.125,922.0,North
50.875,147.125,1331.5,North
50.875,149.125,1563.5,North
50.875,151.125,1394.5,North
50.875,153.125,1792.5,North
50.875,155.125,1381.0,North
50.875,157.125,1819.0,North
50.875,159.125,1691.0,North
50.875,161.125,-407.0,North
50.875,163.125,-1220.5,North
50.875,165.125,-1456.0,North
50.875,167.125,-1264.5,North
50.875,169.125,-1018.5,North
50.875,171.125,2614.5,North
50.875,173.125,1244.5,North
50.875,175.125,893.5,North
50.875,177.125,1076.5,North
50.875,179.125,335.5,North
50.875,181.125,1733.0,North
50.875,183.125,937.5,North
50.875,185.125,1030.5,North
50.875,187.125,311.0,North
50.875,189.125,3105.5,North
50.875,191.125,1763.0,North
50.875,193.125,2602.5,North
50.875,195.125,2630.5,North
50.875,197.125,885.0,North
50.875,199.125,3146.5,North
50.875,201.125,2473.5,North
50.875,203.125,1745.5,North
50.875,205.125,2356.0,North
50.875,207.125,1041.0,North
50.875,209.125,-418.5,North
50.875,211.125,1969.0,North
50.875,213.125,3447.0,North
50.875,215.125,-103.0,North
50.875,217.125,485.0,North
50.875,219.125,4104.5,North
50.875,221.125,2401.5,North
50.875,223.125,2530.5,North
50.875,225.125,-1188.0,North
50.875,227.125,1399.0,North
50.875,229.125,928.0,North
50.875,231.125,-148.5,North
50.875,233.125,-465.5,North
50.875,235.125,-2001.5,North
50.875,237.125,-1441.0,North
50.875,239.125,-1405.5,North
50.875,241.125,-1563.5,North
50.875,243.125,-130.5,North
50.875,245.125,309.5,North
50.875,247.125,1660.5,North
50.875,249.125,935.5,North
50.875,251.125,849.5,North
50.875,253.125,787.0,North
50.875,255.125,1093.5,North
50.875,257.125,1140.0,North
50.875,259.125,-227.0,North
50.875,261.125,1405.0,North
50.875,263.125,-705.5,North
50.875,265.125,210.0,North
50.875,267.125,334.0,North
50.875,269.125,395.0,North
50.875,271.125,-354.0,North
50.875,273.125,-974.0,North
50.875,275.125,-74.5,North
50.875,277.125,-1282.5,North
50.875,279.125,-1974.5,North
50.875,281.125,-1496.5,North
50.875,283.125,-1510.5,North
50.875,285.125,-1165.5,North
50.875,287.125,-1896.0,North
50.875,289.125,-2250.5,North
50.875,291.125,-2370.5,North
50.875,293.125,-2337.0,North
50.875,295.125,-2288.0,North
50.875,297.125,-2459.5,North
50.875,299.125,-2443.5,North
50.875,301.125,-2403.0,North
50.875,303.125,-2489.0,North
50.875,305.125,-2540.0,North
50.875,307.125,-2353.0,North
50.875,309.125,-2483.5,North
50.875,311.125,-2529.0,North
50.875,313.125,-2539.5,North
50.875,315.125,-2585.5,North
50.875,317.125,-2636.5,North
50.875,319.125,-2697.5,North
50.875,321.125,-2704.0,North
50.875,323.125,-1614.0,North
50.875,325.125,-2062.0,North
50.875,327.125,-2014.0,North
50.875,329.125,-2096.0,North
50.875,331.125,-634.5,North
50.875,333.125,-1809.0,North
50.875,335.125,-2310.0,North
50.875,337.125,-2947.5,North
50.875,339.125,-2694.0,North
50.875,341.125,-3053.0,North
50.875,343.125,-2866.5,North
50.875,345.125,-2892.5,North
50.875,347.125,-2069.5,North
50.875,349.125,-2468.0,North
50.875,351.125,-2426.0,North
50.875,353.125,-588.0,North
50.875,355.125,-1909.0,North
50.875,357.125,-2355.5,North
50.875,359.125,-2008.5,North
48.875,1.125,-2397.5,North
48.875,3.125,-2560.5,North
48.875,5.125,-2270.0,North
48.875,7.125,-2903.5,North
48.875,9.125,-2850.0,North
48.875,11.125,-2725.5,North
48.875,13.125,-2406.0,North
48.875,15.125,-2354.0,North
48.875,17.125,-824.5,North
48.875,19.125,-2142.0,North
48.875,21.125,-2386.5,North
48.875,23.125,-2363.5,North
48.875,25.125,-2418.5,North
48.875,27.125,-2116.0,North
48.875,29.125,-1717.0,North
48.875,31.125,-2311.0,North
48.875,33.125,-2250.0,North
48.875,35.125,-2288.0,North
48.875,37.125,-2131.5,North
48.875,39.125,-2087.5,North
48.875,41.125,-1776.5,North
48.875,43.125,-1971.5,North
48.875,45.125,-1908.5,North
48.875,47.125,-2062.5,North
48.875,49.125,-1997.0,North
48.875,51.125,-1775.0,North
48.875,53.125,-1642.5,North
48.875,55.125,-1876.5,North
48.875,57.125,-2029.5,North
48.875,59.125,-992.0,North
48.875,61.125,-1162.0,North
48.875,63.125,-1047.0,North
48.875,65.125,-519.5,North
48.875,67.125,-94.5,North
48.875,69.125,-947.5,North
48.875,71.125,862.5,North
48.875,73.125,-1190.5,North
48.875,75.125,-1891.0,North
48.875,77.125,-2296.0,North
48.875,79.125,-3059.0,North
48.875,81.125,-2269.5,North
48.875,83.125,-2275.5,North
48.875,85.125,-3014.0,North
48.875,87.125,-2504.5,North
48.875,89.125,-2131.5,North
48.875,91.125,-2706.5,North
48.875,93.125,-399.5,North
48.875,95.125,996.0,North
48.875,97.125,-764.5,North
48.875,99.125,-689.5,North
48.875,101.125,-1611.0,North
48.875,103.125,-822.0,North
48.875,105.125,-297.5,North
48.875,107.125,526.5,North
48.875,109.125,844.0,North
48.875,111.125,819.0,North
48.875,113.125,443.5,North
48.875,115.125,-530.0,North
48.875,117.125,-1775.0,North
48.875,119.125,-1100.0,North
48.875,121.125,-1372.5,North
48.875,123.125,-1080.5,North
48.875,125.125,11.5,North
48.875,127.125,-1570.0,North
48.875,129.125,-1066.0,North
48.875,131.125,-1058.5,North
48.875,133.125,-1327.0,North
48.875,135.125,-477.0,North
48.875,137.125,529.0,North
48.875,139.125,-781.0,North
48.875,141.125,-888.5,North
48.875,143.125,-1429.5,North
48.875,145.125,1538.0,North
48.875,147.125,-326.0,North
48.875,149.125,2718.5,North
48.875,151.125,1769.5,North
48.875,153.125,58.5,North
48.875,155.125,3131.0,North
48.875,157.125,3611.0,North
48.875,159.125,847.0,North
48.875,161.125,-1534.0,North
48.875,163.125,-983.0,North
48.875,165.125,-1042.5,North
48.875,167.125,-960.0,North
48.875,169.125,1589.0,North
48.875,171.125,2258.5,North
48.875,173.125,1334.5,North
48.875,175.125,1055.5,North
48.875,177.125,362.0,North
48.875,179.125,274.5,North
48.875,181.125,1307.0,North
48.875,183.125,-2972.0,North
48.875,185.125,-2382.0,North
48.875,187.125,2986.5,North
48.875,189.125,91.5,North
48.875,191.125,2376.0,North
48.875,193.125,162.0,North
48.875,195.125,68.5,North
48.875,197.125,2697.5,North
48.875,199.125,949.5,North
48.875,201.125,3239.5,North
48.875,203.125,3182.0,North
48.875,205.125,-531.0,North
48.875,207.125,1032.0,North
48.875,209.125,1183.5,North
48.875,211.125,4185.5,North
48.875,213.125,2513.0,North
48.875,215.125,2365.5,North
48.875,217.125,3477.5,North
48.875,219.125,3847.5,North
48.875,221.125,3215.5,North
48.875,223.125,1156.0,North
48.875,225.125,2035.5,North
48.875,227.125,1883.5,North
48.875,229.125,1180.5,North
48.875,231.125,657.0,North
48.875,233.125,-222.5,North
48.875,235.125,-457.0,North
48.875,237.125,-615.0,North
48.875,239.125,-3576.0,North
48.875,241.125,45.0,North
48.875,243.125,-639.0,North
48.875,245.125,1325.5,North
48.875,247.125,964.0,North
48.875,249.125,1368.5,North
48.875,251.125,786.0,North
48.875,253.125,706.0,North
48.875,255.125,1404.5,North
48.875,257.125,-345.5,North
48.875,259.125,-1215.0,North
48.875,261.125,688.0,North
48.875,263.125,-51.5,North
48.875,265.125,320.5,North
48.875,267.125,598.0,North
48.875,269.125,686.5,North
48.875,271.125,1238.5,North
48.875,273.125,-2082.0,North
48.875,275.125,-2074.0,North
48.875,277.125,-864.5,North
48.875,279.125,191.0,North
48.875,281.125,-194.0,North
48.875,283.125,-1477.0,North
48.875,285.125,-2194.5,North
48.875,287.125,-2209.5,North
48.875,289.125,-2203.5,North
48.875,291.125,-2256.5,North
48.875,293.125,-2424.5,North
48.875,295.125,-2479.0,North
48.875,297.125,-2511.0,North
48.875,299.125,-2413.5,North
48.875,301.125,-2411.5,North
48.875,303.125,-2375.5,North
48.875,305.125,-2260.0,North
48.875,307.125,-2178.0,North
48.875,309.125,-2283.5,North
48.875,311.125,-2276.5,North
48.875,313.125,-2394.5,North
48.875,315.125,-2455.0,North
48.875,317.125,-2458.5,North
48.875,319.125,-2395.5,North
48.875,321.125,-2462.5,North
48.875,323.125,-1765.5,North
48.875,325.125,-2077.0,North
48.875,327.125,-115.5,North
48.875,329.125,-79.5,North
48.875,331.125,-352.5,North
48.875,333.125,-667.0,North
48.875,335.125,-2461.5,North
48.875,337.125,-2999.5,North
48.875,339.125,-2943.5,North
48.875,341.125,-2872.0,North
48.875,343.125,-2909.5,North
48.875,345.125,-1252.5,North
48.875,347.125,-2988.0,North
48.875,349.125,-3063.5,North
48.875,351.125,-3084.0,North
48.875,353.125,-2760.0,North
48.875,355.125,-2490.5,North
48.875,357.125,-1525.0,North
48.875,359.125,-2411.0,North
46.875,1.125,-2199.0,North
46.875,3.125,-2367.0,North
46.875,5.125,-2222.0,North
46.875,7.125,-2430.0,North
46.875,9.125,-2613.5,North
46.875,11.125,-2430.5,North
46.875,13.125,-1959.5,North
46.875,15.125,-1363.0,North
46.875,17.125,-1203.5,North
46.875,19.125,-1333.5,North
46.875,21.125,-1617.5,North
46.875,23.125,-2138.0,North
46.875,25.125,-2359.0,North
46.875,27.125,-1785.0,North
46.875,29.125,-1791.5,North
46.875,31.125,-1986.0,North
46.875,33.125,-3310.0,North
46.875,35.125,-2041.0,North
46.875,37.125,-1241.5,North
46.875,39.125,-4113.5,North
46.875,41.125,-689.5,North
46.875,43.125,-2791.0,North
46.875,45.125,-3086.0,North
46.875,47.125,-1074.0,North
46.875,49.125,-1600.5,North
46.875,51.125,-1521.5,North
46.875,53.125,-1887.0,North
46.875,55.125,-1857.0,North
46.875,57.125,-1770.5,North
46.875,59.125,-1417.0,North
46.875,61.125,-1597.0,North
46.875,63.125,-1046.5,North
46.875,65.125,-2425.5,North
46.875,67.125,-1333.0,North
46.875,69.125,-871.5,North
46.875,71.125,-811.0,North
46.875,73.125,782.0,North
46.875,75.125,553.5,North
46.875,77.125,235.5,North
46.875,79.125,-1178.5,North
46.875,81.125,490.0,North
46.875,83.125,695.5,North
46.875,85.125,522.5,North
46.875,87.125,544.5,North
46.875,89.125,-303.0,North
46.875,91.125,-1034.5,North
46.875,93.125,948.0,North
46.875,95.125,685.0,North
46.875,97.125,-389.5,North
46.875,99.125,-991.0,North
46.875,101.125,-480.5,North
46.875,103.125,1040.5,North
46.875,105.125,599.0,North
46.875,107.125,-1847.0,North
46.875,109.125,-4055.0,North
46.875,111.125,-4039.5,North
46.875,113.125,792.0,North
46.875,115.125,-508.0,North
46.875,117.125,341.0,North
46.875,119.125,708.0,North
46.875,121.125,-3342.5,North
46.875,123.125,-2054.5,North
46.875,125.125,-1496.0,North
46.875,127.125,-2725.0,North
46.875,129.125,-710.5,North
46.875,131.125,-2154.5,North
46.875,133.125,-667.0,North
46.875,135.125,238.0,North
46.875,137.125,-518.5,North
46.875,139.125,63.0,North
46.875,141.125,540.5,North
46.875,143.125,445.5,North
46.875,145.125,504.0,North
46.875,147.125,1470.5,North
46.875,149.125,-601.5,North
46.875,151.125,-1694.0,North
46.875,153.125,-1547.0,North
46.875,155.125,-1303.0,North
46.875,157.125,242.0,North
46.875,159.125,2941.0,North
46.875,161.125,3184.0,North
46.875,163.125,3000.0,North
46.875,165.125,2793.5,North
46.875,167.125,3743.0,North
46.875,169.125,2669.5,North
46.875,171.125,2200.0,North
46.875,173.125,2320.5,North
46.875,175.125,-1617.0,North
46.875,177.125,1069.0,North
46.875,179.125,622.0,North
46.875,181.125,1601.0,North
46.875,183.125,904.5,North
46.875,185.125,-837.0,North
46.875,187.125,1219.0,North
46.875,189.125,2139.5,North
46.875,191.125,2199.5,North
46.875,193.125,2077.5,North
46.875,195.125,2115.5,North
46.875,197.125,2466.5,North
46.875,199.125,-158.5,North
46.875,201.125,-12.0,North
46.875,203.125,2801.5,North
46.875,205.125,2704.5,North
46.875,207.125,2583.5,North
46.875,209.125,438.0,North
46.875,211.125,1835.5,North
46.875,213.125,2457.0,North
46.875,215.125,2597.0,North
46.875,217.125,568.5,North
46.875,219.125,-454.5,North
46.875,221.125,422.5,North
46.875,223.125,1491.0,North
46.875,225.125,1799.0,North
46.875,227.125,1557.0,North
46.875,229.125,1692.5,North
46.875,231.125,1169.0,North
46.875,233.125,950.5,North
46.875,235.125,771.5,North
46.875,237.125,764.5,North
46.875,239.125,-1265.0,North
46.875,241.125,1269.5,North
46.875,243.125,278.0,North
46.875,245.125,787.0,North
46.875,247.125,1978.0,North
46.875,249.125,952.5,North
46.875,251.125,-1336.0,North
46.875,253.125,-144.5,North
46.875,255.125,-1476.5,North
46.875,257.125,-1598.0,North
46.875,259.125,401.0,North
46.875,261.125,-178.0,North
46.875,263.125,-2131.0,North
46.875,265.125,860.0,North
46.875,267.125,-2496.0,North
46.875,269.125,1208.0,North
46.875,271.125,-741.0,North
46.875,273.125,-2077.0,North
46.875,275.125,-1387.5,North
46.875,277.125,-1575.5,North
46.875,279.125,-1783.5,North
46.875,281.125,-1308.0,North
46.875,283.125,-2039.0,North
46.875,285.125,-1997.0,North
46.875,287.125,-2157.5,North
46.875,289.125,-2284.5,North
46.875,291.125,-2182.0,North
46.875,293.125,-2392.0,North
46.875,295.125,-2430.5,North
46.875,297.125,-2383.0,North
46.875,299.125,-2467.5,North
46.875,301.125,-2463.0,North
46.875,303.125,-2526.5,North
46.875,305.125,-2475.0,North
46.875,307.125,-2344.5,North
46.875,309.125,-2295.0,North
46.875,311.125,-2246.0,North
46.875,313.125,-2441.0,North
46.875,315.125,-1600.5,North
46.875,317.125,-1687.5,North
46.875,319.125,-1376.0,North
46.875,321.125,-1164.0,North
46.875,323.125,332.0,North
46.875,325.125,-2992.0,North
46.875,327.125,-3018.0,North
46.875,329.125,-2927.5,North
46.875,331.125,-2796.5,North
46.875,333.125,-2822.5,North
46.875,335.125,-2692.0,North
46.875,337.125,-2542.0,North
46.875,339.125,-2435.5,North
46.875,341.125,-2550.0,North
46.875,343.125,-2698.0,North
46.875,345.125,-2797.0,North
46.875,347.125,-2719.0,North
46.875,349.125,-2938.5,North
46.875,351.125,-2974.5,North
46.875,353.125,-2902.5,North
46.875,355.125,-2566.0,North
46.875,357.125,-2767.0,North
46.875,359.125,-2831.5,North
44.875,1.125,-1566.5,North
44.875,3.125,-2042.0,North
44.875,5.125,-2651.5,North
44.875,7.125,-2219.5,North
44.875,9.125,-2399.0,North
44.875,11.125,-2352.5,North
44.875,13.125,-2533.0,North
44.875,15.125,-1444.0,North
44.875,17.125,-3339.5,North
44.875,19.125,-1559.0,North
44.875,21.125,-1566.5,North
44.875,23.125,-1201.5,North
44.875,25.125,-2079.5,North
44.875,27.125,-1434.5,North
44.875,29.125,-1363.5,North
44.875,31.125,-1812.0,North
44.875,33.125,-1894.5,North
44.875,35.125,-1755.5,North
44.875,37.125,-1779.0,North
44.875,39.125,-1563.5,North
44.875,41.125,-1442.0,North
44.875,43.125,-1595.5,North
44.875,45.125,-1053.0,North
44.875,47.125,-1891.0,North
44.875,49.125,-1768.5,North
44.875,51.125,-1865.5,North
44.875,53.125,-1558.0,North
44.875,55.125,-1524.0,North
44.875,57.125,-1711.5,North
44.875,59.125,-1783.0,North
44.875,61.125,-1433.5,North
44.875,63.125,-164.0,North
44.875,65.125,-230.0,North
44.875,67.125,-182.5,North
44.875,69.125,127.5,North
44.875,71.125,-1873.5,North
44.875,73.125,-3391.0,North
44.875,75.125,-762.0,North
44.875,77.125,-838.5,North
44.875,79.125,624.0,North
44.875,81.125,346.0,North
44.875,83.125,-738.5,North
44.875,85.125,641.5,North
44.875,87.125,1589.0,North
44.875,89.125,1480.5,North
44.875,91.125,-184.5,North
44.875,93.125,441.5,North
44.875,95.125,509.0,North
44.875,97.125,1331.5,North
44.875,99.125,-2901.0,North
44.875,101.125,-3258.0,North
44.875,103.125,-812.0,North
44.875,105.125,1585.5,North
44.875,107.125,1272.5,North
44.875,109.125,48.5,North
44.875,111.125,-3277.0,North
44.875,113.125,1140.0,North
44.875,115.125,362.0,North
44.875,117.125,615.5,North
44.875,119.125,514.5,North
44.875,121.125,452.0,North
44.875,123.125,177.0,North
44.875,125.125,573.5,North
44.875,127.125,-1117.0,North
44.875,129.125,-427.5,North
44.875,131.125,-1403.5,North
44.875,133.125,-26.5,North
44.875,135.125,1679.5,North
44.875,137.125,1391.5,North
44.875,139.125,726.5,North
44.875,141.125,534.5,North
44.875,143.125,1010.0,North
44.875,145.125,51.0,North
44.875,147.125,1922.5,North
44.875,149.125,-1139.0,North
44.875,151.125,-1717.0,North
44.875,153.125,-1597.5,North
44.875,155.125,-965.0,North
44.875,157.125,943.0,North
44.875,159.125,906.0,North
44.875,161.125,2973.5,North
44.875,163.125,1915.5,North
44.875,165.125,2477.0,North
44.875,167.125,2029.0,North
44.875,169.125,3077.5,North
44.875,171.125,3204.5,North
44.875,173.125,3665.5,North
44.875,175.125,-256.0,North
44.875,177.125,2038.0,North
44.875,179.125,-927.0,North
44.875,181.125,1774.0,North
44.875,183.125,-136.5,North
44.875,185.125,2275.5,North
44.875,187.125,232.0,North
44.875,189.125,2134.5,North
44.875,191.125,1741.0,North
44.875,193.125,1715.5,North
44.875,195.125,2187.5,North
44.875,197.125,2143.5,North
44.875,199.125,1837.5,North
44.875,201.125,2945.0,North
44.875,203.125,2517.0,North
44.875,205.125,1870.5,North
44.875,207.125,-51.0,North
44.875,209.125,328.5,North
44.875,211.125,2645.5,North
44.875,213.125,3367.5,North
44.875,215.125,3262.5,North
44.875,217.125,4482.0,North
44.875,219.125,553.5,North
44.875,221.125,1476.0,North
44.875,223.125,2375.0,North
44.875,225.125,1732.5,North
44.875,227.125,1728.5,North
44.875,229.125,2762.5,North
44.875,231.125,1122.5,North
44.875,233.125,1505.5,North
44.875,235.125,2141.0,North
44.875,237.125,2926.5,North
44.875,239.125,1176.0,North
44.875,241.125,-201.5,North
44.875,243.125,930.5,North
44.875,245.125,-158.5,North
44.875,247.125,-254.5,North
44.875,249.125,2710.5,North
44.875,251.125,-493.5,North
44.875,253.125,2040.0,North
44.875,255.125,996.0,North
44.875,257.125,443.0,North
44.875,259.125,176.0,North
44.875,261.125,-767.0,North
44.875,263.125,371.5,North
44.875,265.125,-1467.0,North
44.875,267.125,-70.5,North
44.875,269.125,-403.0,North
44.875,271.125,719.5,North
44.875,273.125,-1988.5,North
44.875,275.125,-1748.5,North
44.875,277.125,-1534.0,North
44.875,279.125,-2069.5,North
44.875,281.125,-1896.5,North
44.875,283.125,-1979.5,North
44.875,285.125,-2063.0,North
44.875,287.125,-2035.5,North
44.875,289.125,-2202.5,North
44.875,291.125,-2353.5,North
44.875,293.125,-2109.5,North
44.875,295.125,-2321.5,North
44.875,297.125,-2464.0,North
44.875,299.125,-2374.0,North
44.875,301.125,-2266.5,North
44.875,303.125,-2232.5,North
44.875,305.125,-2480.0,North
44.875,307.125,-2260.5,North
44.875,309.125,-2529.5,North
44.875,311.125,-2558.5,North
44.875,313.125,-1908.0,North
44.875,315.125,-919.0,North
44.875,317.125,-1651.0,North
44.875,319.125,-635.0,North
44.875,321.125,-228.5,North
44.875,323.125,-617.0,North
44.875,325.125,-2893.0,North
44.875,327.125,-2842.0,North
44.875,329.125,-2793.5,North
44.875,331.125,-2680.0,North
44.875,333.125,-2597.5,North
44.875,335.125,-2705.0,North
44.875,337.125,-2711.0,North
44.875,339.125,-2751.0,North
44.875,341.125,-2779.5,North
44.875,343.125,-2802.5,North
44.875,345.125,-2811.0,North
44.875,347.125,-2769.0,North
44.875,349.125,-2664.0,North
44.875,351.125,-2695.0,North
44.875,353.125,-2820.5,North
44.875,355.125,-2662.0,North
44.875,357.125,-2887.0,North
44.875,359.125,-2758.5,North
42.875,1.125,-2805.5,North
42.875,3.125,-2530.5,North
42.875,5.125,-626.5,North
42.875,7.125,-2129.5,North
42.875,9.125,-2183.0,North
42.875,11.125,144.5,North
42.875,13.125,-1052.5,North
42.875,15.125,-869.5,North
42.875,17.125,-283.5,North
42.875,19.125,-80.5,North
42.875,21.125,-214.0,North
42.875,23.125,-803.0,North
42.875,25.125,-1513.5,North
42.875,27.125,-3444.5,North
42.875,29.125,-919.5,North
42.875,31.125,-1528.0,North
42.875,33.125,-1920.0,North
42.875,35.125,-1593.5,North
42.875,37.125,-1839.5,North
42.875,39.125,-1755.5,North
42.875,41.125,-1698.0,North
42.875,43.125,-1571.0,North
42.875,45.125,-1858.5,North
42.875,47.125,-1937.0,North
42.875,49.125,-1556.5,North
42.875,51.125,-1790.5,North
42.875,53.125,-1989.5,North
42.875,55.125,-939.0,North
42.875,57.125,-824.5,North
42.875,59.125,-1635.5,North
42.875,61.125,-2256.0,North
42.875,63.125,-1470.5,North
42.875,65.125,-1730.0,North
42.875,67.125,-956.0,North
42.875,69.125,-1178.5,North
42.875,71.125,-1850.0,North
42.875,73.125,-2633.5,North
42.875,75.125,-1416.5,North
42.875,77.125,901.0,North
42.875,79.125,-389.5,North
42.875,81.125,-308.0,North
42.875,83.125,-71.5,North
42.875,85.125,-325.5,North
42.875,87.125,-439.5,North
42.875,89.125,-1119.5,North
42.875,91.125,-145.5,North
42.875,93.125,1174.0,North
42.875,95.125,-467.5,North
42.875,97.125,-1444.5,North
42.875,99.125,-3319.5,North
42.875,101.125,-212.0,North
42.875,103.125,-3240.0,North
42.875,105.125,1006.5,North
42.875,107.125,1096.0,North
42.875,109.125,-1909.5,North
42.875,111.125,-1236.0,North
42.875,113.125,-998.0,North
42.875,115.125,-97.5,North
42.875,117.125,-586.5,North
42.875,119.125,273.5,North
42.875,121.125,564.5,North
42.875,123.125,344.0,North
42.875,125.125,663.0,North
42.875,127.125,500.0,North
42.875,129.125,-279.5,North
42.875,131.125,-414.0,North
42.875,133.125,-284.5,North
42.875,135.125,1194.0,North
42.875,137.125,-2503.0,North
42.875,139.125,1130.5,North
42.875,141.125,1126.0,North
42.875,143.125,-1541.0,North
42.875,145.125,1384.5,North
42.875,147.125,3206.5,North
42.875,149.125,2145.0,North
42.875,151.125,-819.5,North
42.875,153.125,458.5,North
42.875,155.125,-1812.0,North
42.875,157.125,2139.5,North
42.875,159.125,2293.0,North
42.875,161.125,2380.0,North
42.875,163.125,2961.0,North
42.875,165.125,2958.5,North
42.875,167.125,2639.5,North
42.875,169.125,1457.0,North
42.875,171.125,90.5,North
42.875,173.125,1903.0,North
42.875,175.125,2139.5,North
42.875,177.125,2712.5,North
42.875,179.125,2498.5,North
42.875,181.125,2243.0,North
42.875,183.125,3090.5,North
42.875,185.125,3038.0,North
42.875,187.125,2579.5,North
42.875,189.125,2402.5,North
42.875,191.125,2468.5,North
42.875,193.125,2251.5,North
42.875,195.125,2418.5,North
42.875,197.125,2219.0,North
42.875,199.125,2801.0,North
42.875,201.125,2510.0,North
42.875,203.125,2394.5,North
42.875,205.125,2384.0,North
42.875,207.125,3011.0,North
42.875,209.125,1769.5,North
42.875,211.125,3015.5,North
42.875,213.125,-200.5,North
42.875,215.125,-647.5,North
42.875,217.125,77.5,North
42.875,219.125,1724.5,North
42.875,221.125,3578.0,North
42.875,223.125,1871.0,North
42.875,225.125,755.0,North
42.875,227.125,2437.0,North
42.875,229.125,1355.0,North
42.875,231.125,603.0,North
42.875,233.125,1164.5,North
42.875,235.125,2579.0,North
42.875,237.125,479.5,North
42.875,239.125,-2302.0,North
42.875,241.125,-669.5,North
42.875,243.125,-791.0,North
42.875,245.125,-580.5,North
42.875,247.125,2068.5,North
42.875,249.125,1180.5,North
42.875,251.125,1255.0,North
42.875,253.125,1219.5,North
42.875,255.125,1152.0,North
42.875,257.125,-2557.5,North
42.875,259.125,1051.0,North
42.875,261.125,-1.0,North
42.875,263.125,155.0,North
42.875,265.125,593.5,North
42.875,267.125,-452.5,North
42.875,269.125,-1371.0,North
42.875,271.125,-2089.0,North
42.875,273.125,-1011.0,North
42.875,275.125,-874.0,North
42.875,277.125,-1561.5,North
42.875,279.125,-1792.5,North
42.875,281.125,-2069.0,North
42.875,283.125,-2193.0,North
42.875,285.125,-2178.5,North
42.875,287.125,-2252.5,North
42.875,289.125,-2312.5,North
42.875,291.125,-2343.5,North
42.875,293.125,-2292.0,North
42.875,295.125,-2426.0,North
42.875,297.125,-2502.0,North
42.875,299.125,-2540.5,North
42.875,301.125,-2488.5,North
42.875,303.125,-2504.0,North
42.875,305.125,-2565.5,North
42.875,307.125,-2516.5,North
42.875,309.125,-2597.0,North
42.875,311.125,-2596.0,North
42.875,313.125,-2584.5,North
42.875,315.125,-2067.0,North
42.875,317.125,-1448.5,North
42.875,319.125,-1470.5,North
42.875,321.125,-1293.5,North
42.875,323.125,-567.0,North
42.875,325.125,-2723.5,North
42.875,327.125,-2719.0,North
42.875,329.125,-2632.5,North
42.875,331.125,-2591.5,North
42.875,333.125,-2546.0,North
42.875,335.125,-2558.5,North
42.875,337.125,-2481.0,North
42.875,339.125,-2421.0,North
42.875,341.125,-2557.0,North
42.875,343.125,-2655.0,North
42.875,345.125,-2710.0,North
42.875,347.125,-2764.0,North
42.875,349.125,-2746.0,North
42.875,351.125,-2679.0,North
42.875,353.125,-2734.0,North
42.875,355.125,-2800.5,North
42.875,357.125,-2717.0,North
42.875,359.125,-2721.5,North
40.875,1.125,-2763.0,North
40.875,3.125,-2749.5,North
40.875,5.125,-2336.0,North
40.875,7.125,-2421.5,North
40.875,9.125,-2173.5,North
40.875,11.125,-959.0,North
40.875,13.125,-1552.5,North
40.875,15.125,-1721.5,North
40.875,17.125,-1564.0,North
40.875,19.125,-1549.5,North
40.875,21.125,-1918.5,North
40.875,23.125,-1799.0,North
40.875,25.125,-1501.0,North
40.875,27.125,-1182.0,North
40.875,29.125,-1899.0,North
40.875,31.125,-2176.5,North
40.875,33.125,-1883.0,North
40.875,35.125,-1890.0,North
40.875,37.125,-1877.5,North
40.875,39.125,-1791.5,North
40.875,41.125,-842.5,North
40.875,43.125,-1635.5,North
40.875,45.125,-1986.5,North
40.875,47.125,-1126.0,North
40.875,49.125,-1719.0,North
40.875,51.125,-1704.0,North
40.875,53.125,-1868.0,North
40.875,55.125,-1751.0,North
40.875,57.125,-711.0,North
40.875,59.125,-1930.0,North
40.875,61.125,-1413.5,North
40.875,63.125,-1077.0,North
40.875,65.125,-1318.0,North
40.875,67.125,-1208.0,North
40.875,69.125,-1553.5,North
40.875,71.125,-1300.0,North
40.875,73.125,-41.5,North
40.875,75.125,-706.0,North
40.875,77.125,-930.0,North
40.875,79.125,-1393.5,North
40.875,81.125,-501.0,North
40.875,83.125,-490.0,North
40.875,85.125,1140.5,North
40.875,87.125,-1838.0,North
40.875,89.125,-762.5,North
40.875,91.125,236.0,North
40.875,93.125,524.5,North
40.875,95.125,-2021.0,North
40.875,97.125,-863.0,North
40.875,99.125,-2505.5,North
40.875,101.125,-3237.5,North
40.875,103.125,-1949.0,North
40.875,105.125,1660.5,North
40.875,107.125,798.0,North
40.875,109.125,-1559.0,North
40.875,111.125,1215.5,North
40.875,113.125,50.0,North
40.875,115.125,-307.0,North
40.875,117.125,-252.0,North
40.875,119.125,-405.0,North
40.875,121.125,-305.5,North
40.875,123.125,-1951.0,North
40.875,125.125,1038.5,North
40.875,127.125,745.5,North
40.875,129.125,-2009.5,North
40.875,131.125,-1392.0,North
40.875,133.125,-875.0,North
40.875,135.125,-1199.5,North
40.875,137.125,929.5,North
40.875,139.125,943.0,North
40.875,141.125,2405.5,North
40.875,143.125,1798.5,North
40.875,145.125,-1241.5,North
40.875,147.125,-1527.0,North
40.875,149.125,4540.0,North
40.875,151.125,3149.0,North
40.875,153.125,12.0,North
40.875,155.125,3495.0,North
40.875,157.125,3379.5,North
40.875,159.125,2716.5,North
40.875,161.125,1855.0,North
40.875,163.125,3124.0,North
40.875,165.125,2121.5,North
40.875,167.125,2381.0,North
40.875,169.125,2592.5,North
40.875,171.125,2572.0,North
40.875,173.125,2119.5,North
40.875,175.125,287.5,North
40.875,177.125,361.5,North
40.875,179.125,2642.5,North
40.875,181.125,2430.0,North
40.875,183.125,2417.5,North
40.875,185.125,3005.5,North
40.875,187.125,2921.0,North
40.875,189.125,2590.5,North
40.875,191.125,2067.5,North
40.875,193.125,3185.5,North
40.875,195.125,3879.5,North
40.875,197.125,1557.5,North
40.875,199.125,3206.0,North
40.875,201.125,2932.5,North
40.875,203.125,2718.0,North
40.875,205.125,3636.5,North
40.875,207.125,2983.5,North
40.875,209.125,3285.5,North
40.875,211.125,3201.0,North
40.875,213.125,2405.0,North
40.875,215.125,-90.5,North
40.875,217.125,4427.0,North
40.875,219.125,3735.5,North
40.875,221.125,3463.5,North
40.875,223.125,3432.5,North
40.875,225.125,3988.0,North
40.875,227.125,2721.5,North
40.875,229.125,3273.5,North
40.875,231.125,4365.5,North
40.875,233.125,3952.0,North
40.875,235.125,2984.0,North
40.875,237.125,-86.0,North
40.875,239.125,-649.5,North
40.875,241.125,-668.5,North
40.875,243.125,-843.0,North
40.875,245.125,1720.5,North
40.875,247.125,407.5,North
40.875,249.125,1187.5,North
40.875,251.125,946.5,North
40.875,253.125,1440.5,North
40.875,255.125,837.0,North
40.875,257.125,568.0,North
40.875,259.125,1909.5,North
40.875,261.125,1855.0,North
40.875,263.125,1534.5,North
40.875,265.125,2120.5,North
40.875,267.125,1229.0,North
40.875,269.125,-1015.5,North
40.875,271.125,-1232.5,North
40.875,273.125,-1718.5,North
40.875,275.125,-2142.0,North
40.875,277.125,-2200.5,North
40.875,279.125,-2501.5,North
40.875,281.125,-2136.5,North
40.875,283.125,-1917.5,North
40.875,285.125,-2146.5,North
40.875,287.125,-2222.0,North
40.875,289.125,-2351.0,North
40.875,291.125,-2343.0,North
40.875,293.125,-2340.0,North
40.875,295.125,-2226.0,North
40.875,297.125,-2377.5,North
40.875,299.125,-2509.5,North
40.875,301.125,-1833.5,North
40.875,303.125,-2373.5,North
40.875,305.125,-2426.0,North
40.875,307.125,-2515.0,North
40.875,309.125,-2535.5,North
40.875,311.125,-2605.5,North
40.875,313.125,-2511.0,North
40.875,315.125,-1588.0,North
40.875,317.125,-986.0,North
40.875,319.125,-1279.5,North
40.875,321.125,-1685.5,North
40.875,323.125,-1152.0,North
40.875,325.125,-1344.5,North
40.875,327.125,-2505.0,North
40.875,329.125,-2407.5,North
40.875,331.125,-2462.5,North
40.875,333.125,-2441.5,North
40.875,335.125,-2467.5,North
40.875,337.125,-2436.0,North
40.875,339.125,-2398.0,North
40.875,341.125,-2467.0,North
40.875,343.125,-2546.5,North
40.875,345.125,-2557.5,North
40.875,347.125,-2648.0,North
40.875,349.125,-2593.0,North
40.875,351.125,-2543.5,North
40.875,353.125,-2625.0,North
40.875,355.125,-2713.0,North
40.875,357.125,-2627.0,North
40.875,359.125,-731.0,North
38.875,1.125,-2645.5,North
38.875,3.125,-2636.5,North
38.875,5.125,-2582.5,North
38.875,7.125,-2024.0,North
38.875,9.125,2403.5,North
38.875,11.125,-1249.5,North
38.875,13.125,48.5,North
38.875,15.125,-1993.0,North
38.875,17.125,-1936.5,North
38.875,19.125,-1773.5,North
38.875,21.125,-1846.5,North
38.875,23.125,-1883.0,North
38.875,25.125,-1722.0,North
38.875,27.125,-1487.5,North
38.875,29.125,-1846.5,North
38.875,31.125,-1980.0,North
38.875,33.125,-2033.5,North
38.875,35.125,-1799.5,North
38.875,37.125,-1657.0,North
38.875,39.125,-1366.0,North
38.875,41.125,-564.0,North
38.875,43.125,-879.5,North
38.875,45.125,-861.5,North
38.875,47.125,-3042.5,North
38.875,49.125,-1017.0,North
38.875,51.125,-1344.0,North
38.875,53.125,-1733.0,North
38.875,55.125,-798.5,North
38.875,57.125,-1016.0,North
38.875,59.125,-1923.0,North
38.875,61.125,-2093.0,North
38.875,63.125,-56.5,North
38.875,65.125,752.5,North
38.875,67.125,-1414.5,North
38.875,69.125,-1943.0,North
38.875,71.125,-1478.5,North
38.875,73.125,-1291.5,North
38.875,75.125,-937.0,North
38.875,77.125,-375.0,North
38.875,79.125,379.5,North
38.875,81.125,458.0,North
38.875,83.125,312.0,North
38.875,85.125,-1353.5,North
38.875,87.125,-2151.0,North
38.875,89.125,-1614.5,North
38.875,91.125,466.5,North
38.875,93.125,-1437.0,North
38.875,95.125,-2641.0,North
38.875,97.125,-2326.5,North
38.875,99.125,-1956.0,North
38.875,101.125,-1490.0,North
38.875,103.125,-2324.0,North
38.875,105.125,184.5,North
38.875,107.125,289.5,North
38.875,109.125,-214.5,North
38.875,111.125,74.5,North
38.875,113.125,261.5,North
38.875,115.125,-432.5,North
38.875,117.125,689.5,North
38.875,119.125,-1322.5,North
38.875,121.125,563.0,North
38.875,123.125,380.0,North
38.875,125.125,353.0,North
38.875,127.125,163.0,North
38.875,129.125,187.0,North
38.875,131.125,630.0,North
38.875,133.125,41.5,North
38.875,135.125,954.0,North
38.875,137.125,1609.5,North
38.875,139.125,1500.5,North
38.875,141.125,-2037.0,North
38.875,143.125,-549.5,North
38.875,145.125,2953.0,North
38.875,147.125,1772.5,North
38.875,149.125,1568.5,North
38.875,151.125,3847.5,North
38.875,153.125,3984.0,North
38.875,155.125,3358.5,North
38.875,157.125,2770.5,North
38.875,159.125,3014.0,North
38.875,161.125,2274.5,North
38.875,163.125,-225.5,North
38.875,165.125,1676.0,North
38.875,167.125,1301.5,North
38.875,169.125,1742.0,North
38.875,171.125,1808.0,North
38.875,173.125,1547.5,North
38.875,175.125,2113.0,North
38.875,177.125,2213.5,North
38.875,179.125,2782.0,North
38.875,181.125,2593.0,North
38.875,183.125,2314.0,North
38.875,185.125,3043.5,North
38.875,187.125,810.0,North
38.875,189.125,3295.5,North
38.875,191.125,1976.5,North
38.875,193.125,4286.5,North
38.875,195.125,167.0,North
38.875,197.125,3512.0,North
38.875,199.125,4119.0,North
38.875,201.125,3532.5,North
38.875,203.125,3775.0,North
38.875,205.125,3444.0,North
38.875,207.125,3392.5,North
38.875,209.125,3570.0,North
38.875,211.125,2801.5,North
38.875,213.125,2868.0,North
38.875,215.125,2673.0,North
38.875,217.125,2207.5,North
38.875,219.125,2780.0,North
38.875,221.125,2662.0,North
38.875,223.125,2367.5,North
38.875,225.125,3661.5,North
38.875,227.125,3398.0,North
38.875,229.125,3311.0,North
38.875,231.125,4542.0,North
38.875,233.125,2835.5,North
38.875,235.125,2972.5,North
38.875,237.125,2934.0,North
38.875,239.125,1916.0,North
38.875,241.125,2271.0,North
38.875,243.125,2720.0,North
38.875,245.125,581.0,North
38.875,247.125,3641.5,North
38.875,249.125,-12.0,North
38.875,251.125,559.0,North
38.875,253.125,200.0,North
38.875,255.125,1119.0,North
38.875,257.125,-359.0,North
38.875,259.125,1746.0,North
38.875,261.125,-408.5,North
38.875,263.125,-1665.0,North
38.875,265.125,386.0,North
38.875,267.125,1957.5,North
38.875,269.125,36.0,North
38.875,271.125,-664.5,North
38.875,273.125,-733.5,North
38.875,275.125,-1642.0,North
38.875,277.125,-2179.0,North
38.875,279.125,-1892.0,North
38.875,281.125,-1914.0,North
38.875,283.125,-1870.5,North
38.875,285.125,-2102.0,North
38.875,287.125,-2222.5,North
38.875,289.125,-2266.5,North
38.875,291.125,-2328.0,North
38.875,293.125,-2359.5,North
38.875,295.125,-2448.0,North
38.875,297.125,-2512.0,North
38.875,299.125,-2311.0,North
38.875,301.125,-2349.0,North
38.875,303.125,-2442.5,North
38.875,305.125,-2625.5,North
38.875,307.125,-2531.5,North
38.875,309.125,-2514.5,North
38.875,311.125,-2538.0,North
38.875,313.125,-2434.5,North
38.875,315.125,-2087.5,North
38.875,317.125,-1810.5,North
38.875,319.125,-1740.5,North
38.875,321.125,-1783.0,North
38.875,323.125,-2426.0,North
38.875,325.125,-2470.5,North
38.875,327.125,-2393.5,North
38.875,329.125,-2303.0,North
38.875,331.125,-2354.0,North
38.875,333.125,-2370.5,North
38.875,335.125,-2409.0,North
38.875,337.125,-2413.5,North
38.875,339.125,-2405.0,North
38.875,341.125,-2429.0,North
38.875,343.125,-2388.5,North
38.875,345.125,-2428.0,North
38.875,347.125,-2565.5,North
38.875,349.125,-2586.0,North
38.875,351.125,-2559.0,North
38.875,353.125,-2610.5,North
38.875,355.125,-2578.0,North
38.875,357.125,-2635.5,North
38.875,359.125,-2650.5,North
36.875,1.125,-2662.0,North
36.875,3.125,-2598.5,North
36.875,5.125,-2376.0,North
36.875,7.125,-2437.5,North
36.875,9.125,-1095.5,North
36.875,11.125,-1965.5,North
36.875,13.125,-2686.0,North
36.875,15.125,-2848.5,North
36.875,17.125,-2748.0,North
36.875,19.125,-2409.0,North
36.875,21.125,-1762.0,North
36.875,23.125,-2180.0,North
36.875,25.125,-2356.0,North
36.875,27.125,-2144.0,North
36.875,29.125,-2115.5,North
36.875,31.125,-1849.0,North
36.875,33.125,-2022.5,North
36.875,35.125,-1622.0,North
36.875,37.125,-1385.5,North
36.875,39.125,-556.5,North
36.875,41.125,-1241.0,North
36.875,43.125,-1652.5,North
36.875,45.125,-1921.5,North
36.875,47.125,-119.0,North
36.875,49.125,-1189.0,North
36.875,51.125,-1843.0,North
36.875,53.125,-1603.5,North
36.875,55.125,-862.5,North
36.875,57.125,-1920.0,North
36.875,59.125,-1207.0,North
36.875,61.125,-151.0,North
36.875,63.125,-269.0,North
36.875,65.125,-1367.5,North
36.875,67.125,-1376.5,North
36.875,69.125,-1727.5,North
36.875,71.125,-1383.5,North
36.875,73.125,-1539.5,North
36.875,75.125,-988.0,North
36.875,77.125,-2327.0,North
36.875,79.125,-2133.0,North
36.875,81.125,-2136.5,North
36.875,83.125,264.0,North
36.875,85.125,-130.0,North
36.875,87.125,-2151.0,North
36.875,89.125,207.0,North
36.875,91.125,-291.5,North
36.875,93.125,595.0,North
36.875,95.125,133.5,North
36.875,97.125,-2177.5,North
36.875,99.125,-2338.0,North
36.875,101.125,-2475.5,North
36.875,103.125,385.0,North
36.875,105.125,-1064.0,North
36.875,107.125,-595.0,North
36.875,109.125,-635.0,North
36.875,111.125,-414.0,North
36.875,113.125,-1402.0,North
36.875,115.125,-16.0,North
36.875,117.125,1059.0,North
36.875,119.125,1223.5,North
36.875,121.125,756.5,North
36.875,123.125,392.5,North
36.875,125.125,-1145.0,North
36.875,127.125,-1093.0,North
36.875,129.125,1639.0,North
36.875,131.125,830.0,North
36.875,133.125,1066.0,North
36.875,135.125,2310.5,North
36.875,137.125,4.5,North
36.875,139.125,2052.5,North
36.875,141.125,1530.0,North
36.875,143.125,3005.0,North
36.875,145.125,3257.5,North
36.875,147.125,3572.0,North
36.875,149.125,2226.0,North
36.875,151.125,3074.5,North
36.875,153.125,2531.0,North
36.875,155.125,2857.0,North
36.875,157.125,1011.5,North
36.875,159.125,313.5,North
36.875,161.125,1679.5,North
36.875,163.125,73.5,North
36.875,165.125,3101.5,North
36.875,167.125,2245.0,North
36.875,169.125,887.5,North
36.875,171.125,2059.5,North
36.875,173.125,2237.0,North
36.875,175.125,184.0,North
36.875,177.125,1960.0,North
36.875,179.125,2678.5,North
36.875,181.125,3347.5,North
36.875,183.125,2194.5,North
36.875,185.125,2989.5,North
36.875,187.125,3021.5,North
36.875,189.125,2243.5,North
36.875,191.125,1853.5,North
36.875,193.125,3480.0,North
36.875,195.125,2223.0,North
36.875,197.125,1337.0,North
36.875,199.125,3901.0,North
36.875,201.125,5678.5,North
36.875,203.125,4588.5,North
36.875,205.125,2365.5,North
36.875,207.125,3136.0,North
36.875,209.125,2966.5,North
36.875,211.125,4072.0,North
36.875,213.125,719.5,North
36.875,215.125,3253.5,North
36.875,217.125,2029.0,North
36.875,219.125,781.0,North
36.875,221.125,2718.0,North
36.875,223.125,3666.5,North
36.875,225.125,4350.0,North
36.875,227.125,1269.5,North
36.875,229.125,53.5,North
36.875,231.125,3193.5,North
36.875,233.125,2769.5,North
36.875,235.125,3403.0,North
36.875,237.125,3163.0,North
36.875,239.125,3590.0,North
36.875,241.125,-353.5,North
36.875,243.125,2528.0,North
36.875,245.125,-542.5,North
36.875,247.125,238.5,North
36.875,249.125,1909.5,North
36.875,251.125,1661.5,North
36.875,253.125,2078.0,North
36.875,255.125,2474.0,North
36.875,257.125,842.0,North
36.875,259.125,-1489.5,North
36.875,261.125,-1520.5,North
36.875,263.125,-153.0,North
36.875,265.125,-2638.0,North
36.875,267.125,13.5,North
36.875,269.125,-212.5,North
36.875,271.125,-708.0,North
36.875,273.125,-764.5,North
36.875,275.125,-1726.5,North
36.875,277.125,-1811.5,North
36.875,279.125,-2008.5,North
36.875,281.125,-1977.0,North
36.875,283.125,-1989.0,North
36.875,285.125,-2102.0,North
36.875,287.125,-2717.5,North
36.875,289.125,-2350.5,North
36.875,291.125,-2348.0,North
36.875,293.125,-2288.0,North
36.875,295.125,-2294.5,North
36.875,297.125,-2321.0,North
36.875,299.125,-2397.0,North
36.875,301.125,-2399.5,North
36.875,303.125,-2414.5,North
36.875,305.125,-2355.5,North
36.875,307.125,-2498.0,North
36.875,309.125,-2351.0,North
36.875,311.125,-2349.0,North
36.875,313.125,-2330.0,North
36.875,315.125,-1960.0,North
36.875,317.125,-2267.0,North
36.875,319.125,-1995.0,North
36.875,321.125,-2116.0,North
36.875,323.125,-2357.0,North
36.875,325.125,-2344.5,North
36.875,327.125,-2315.5,North
36.875,329.125,-1957.0,North
36.875,331.125,-2320.5,North
36.875,333.125,-2301.0,North
36.875,335.125,-2323.5,North
36.875,337.125,-2326.5,North
36.875,339.125,-2358.5,North
36.875,341.125,-2395.5,North
36.875,343.125,-2347.0,North
36.875,345.125,-2411.0,North
36.875,347.125,-2430.5,North
36.875,349.125,-2532.5,North
36.875,351.125,-2537.0,North
36.875,353.125,-2620.0,North
36.875,355.125,-2535.0,North
36.875,357.125,-2668.5,North
36.875,359.125,-2507.0,North
34.875,1.125,-1445.5,North
34.875,3.125,-2397.5,North
34.875,5.125,-2450.5,North
34.875,7.125,-2247.5,North
34.875,9.125,173.0,North
34.875,11.125,-2732.5,North
34.875,13.125,-2761.5,North
34.875,15.125,-2810.5,North
34.875,17.125,-2808.0,North
34.875,19.125,-2484.0,North
34.875,21.125,-2305.5,North
34.875,23.125,-2772.5,North
34.875,25.125,-2930.5,North
34.875,27.125,-2976.5,North
34.875,29.125,-2592.5,North
34.875,31.125,-1542.5,North
34.875,33.125,-1730.5,North
34.875,35.125,-1420.0,North
34.875,37.125,-1133.0,North
34.875,39.125,-1124.0,North
34.875,41.125,-1002.5,North
34.875,43.125,-92.0,North
34.875,45.125,952.5,North
34.875,47.125,-1905.0,North
34.875,49.125,-1713.5,North
34.875,51.125,-1804.5,North
34.875,53.125,-1541.0,North
34.875,55.125,510.5,North
34.875,57.125,-3839.0,North
34.875,59.125,-1025.5,North
34.875,61.125,-2591.5,North
34.875,63.125,-139.0,North
34.875,65.125,-1127.5,North
34.875,67.125,-1271.5,North
34.875,69.125,-658.5,North
34.875,71.125,-1108.5,North
34.875,73.125,-1472.5,North
34.875,75.125,-653.0,North
34.875,77.125,-2639.5,North
34.875,79.125,-2243.0,North
34.875,81.125,-2438.0,North
34.875,83.125,24.5,North
34.875,85.125,-630.5,North
34.875,87.125,-500.5,North
34.875,89.125,-1179.5,North
34.875,91.125,345.5,North
34.875,93.125,-1942.5,North
34.875,95.125,260.0,North
34.875,97.125,288.5,North
34.875,99.125,21.0,North
34.875,101.125,1943.5,North
34.875,103.125,-303.0,North
34.875,105.125,-3440.5,North
34.875,107.125,-3464.0,North
34.875,109.125,-643.5,North
34.875,111.125,-1655.5,North
34.875,113.125,58.5,North
34.875,115.125,-646.5,North
34.875,117.125,-279.0,North
34.875,119.125,-287.0,North
34.875,121.125,318.5,North
34.875,123.125,758.0,North
34.875,125.125,2309.0,North
34.875,127.125,1292.0,North
34.875,129.125,776.0,North
34.875,131.125,1076.0,North
34.875,133.125,965.5,North
34.875,135.125,1452.5,North
34.875,137.125,1221.0,North
34.875,139.125,2646.0,North
34.875,141.125,1068.0,North
34.875,143.125,1781.5,North
34.875,145.125,1802.0,North
34.875,147.125,392.0,North
34.875,149.125,1412.5,North
34.875,151.125,-1034.0,North
34.875,153.125,1685.0,North
34.875,155.125,1334.0,North
34.875,157.125,1694.5,North
34.875,159.125,101.0,North
34.875,161.125,2822.0,North
34.875,163.125,1524.5,North
34.875,165.125,183.5,North
34.875,167.125,1195.0,North
34.875,169.125,2605.0,North
34.875,171.125,1601.5,North
34.875,173.125,2834.0,North
34.875,175.125,2694.5,North
34.875,177.125,1815.0,North
34.875,179.125,2891.5,North
34.875,181.125,2775.5,North
34.875,183.125,3266.0,North
34.875,185.125,2746.0,North
34.875,187.125,4007.0,North
34.875,189.125,2806.5,North
34.875,191.125,3776.0,North
34.875,193.125,4748.5,North
34.875,195.125,2610.0,North
34.875,197.125,1893.5,North
34.875,199.125,5803.0,North
34.875,201.125,1983.5,North
34.875,203.125,5004.0,North
34.875,205.125,4225.5,North
34.875,207.125,880.0,North
34.875,209.125,3509.5,North
34.875,211.125,4596.5,North
34.875,213.125,3286.0,North
34.875,215.125,3771.5,North
34.875,217.125,3772.0,North
34.875,219.125,3785.5,North
34.875,221.125,2845.5,North
34.875,223.125,3268.5,North
34.875,225.125,3609.0,North
34.875,227.125,2436.0,North
34.875,229.125,1400.0,North
34.875,231.125,3813.0,North
34.875,233.125,2966.0,North
34.875,235.125,2811.0,North
34.875,237.125,881.0,North
34.875,239.125,1833.0,North
34.875,241.125,1009.0,North
34.875,243.125,1594.0,North
34.875,245.125,1317.5,North
34.875,247.125,778.5,North
34.875,249.125,-33.5,North
34.875,251.125,1542.0,North
34.875,253.125,834.0,North
34.875,255.125,2462.5,North
34.875,257.125,-1373.0,North
34.875,259.125,-1087.0,North
34.875,261.125,-461.0,North
34.875,263.125,-79.5,North
34.875,265.125,-2287.5,North
34.875,267.125,-1286.5,North
34.875,269.125,146.5,North
34.875,271.125,-908.5,North
34.875,273.125,-844.0,North
34.875,275.125,-1242.0,North
34.875,277.125,-1784.0,North
34.875,279.125,-1803.5,North
34.875,281.125,-1366.5,North
34.875,283.125,-1913.0,North
34.875,285.125,-2020.5,North
34.875,287.125,-2242.5,North
34.875,289.125,-2300.5,North
34.875,291.125,-2358.0,North
34.875,293.125,-2304.0,North
34.875,295.125,-2425.0,North
34.875,297.125,-2387.5,North
34.875,299.125,-2455.5,North
34.875,301.125,-2348.5,North
34.875,303.125,-2196.0,North
34.875,305.125,-2153.0,North
34.875,307.125,-2292.0,North
34.875,309.125,-2378.5,North
34.875,311.125,-2277.5,North
34.875,313.125,-2257.5,North
34.875,315.125,-2242.5,North
34.875,317.125,-2172.0,North
34.875,319.125,-2097.0,North
34.875,321.125,-2001.5,North
34.875,323.125,-2256.5,North
34.875,325.125,-2136.5,North
34.875,327.125,-1992.5,North
34.875,329.125,-2103.0,North
34.875,331.125,-2302.0,North
34.875,333.125,-2190.5,North
34.875,335.125,-2217.0,North
34.875,337.125,-2273.0,North
34.875,339.125,-2248.0,North
34.875,341.125,-2293.0,North
34.875,343.125,-2333.0,North
34.875,345.125,-2336.5,North
34.875,347.125,-2388.0,North
34.875,349.125,-2451.5,North
34.875,351.125,-2513.0,North
34.875,353.125,-2557.5,North
34.875,355.125,-2221.5,North
34.875,357.125,-2529.0,North
34.875,359.125,-2428.5,North
32.875,1.125,-1262.5,North
32.875,3.125,-2397.5,North
32.875,5.125,-2302.0,North
32.875,7.125,-2276.0,North
32.875,9.125,-2327.0,North
32.875,11.125,-2666.0,North
32.875,13.125,-2683.0,North
32.875,15.125,-2655.0,North
32.875,17.125,-2642.0,North
32.875,19.125,-2552.0,North
32.875,21.125,-2541.0,North
32.875,23.125,-2795.0,North
32.875,25.125,-2850.0,North
32.875,27.125,-2860.5,North
32.875,29.125,-2585.0,North
32.875,31.125,-1594.0,North
32.875,33.125,-1440.0,North
32.875,35.125,-1008.0,North
32.875,37.125,-1510.5,North
32.875,39.125,-835.0,North
32.875,41.125,-1162.5,North
32.875,43.125,195.0,North
32.875,45.125,-485.5,North
32.875,47.125,-1193.5,North
32.875,49.125,-1516.0,North
32.875,51.125,-130.5,North
32.875,53.125,-1675.0,North
32.875,55.125,-1047.0,North
32.875,57.125,-288.5,North
32.875,59.125,-1199.5,North
32.875,61.125,-1512.0,North
32.875,63.125,-1562.5,North
32.875,65.125,-1319.0,North
32.875,67.125,-1399.5,North
32.875,69.125,-1300.0,North
32.875,71.125,-847.0,North
32.875,73.125,-1142.5,North
32.875,75.125,-1192.0,North
32.875,77.125,198.5,North
32.875,79.125,-860.5,North
32.875,81.125,153.5,North
32.875,83.125,-1390.0,North
32.875,85.125,-1054.0,North
32.875,87.125,-986.0,North
32.875,89.125,-1203.0,North
32.875,91.125,-259.5,North
32.875,93.125,-2566.0,North
32.875,95.125,-157.5,North
32.875,97.125,-31.5,North
32.875,99.125,-1629.5,North
32.875,101.125,-1297.0,North
32.875,103.125,-274.5,North
32.875,105.125,-3166.5,North
32.875,107.125,-3118.0,North
32.875,109.125,-806.0,North
32.875,111.125,-515.5,North
32.875,113.125,-416.5,North
32.875,115.125,-117.0,North
32.875,117.125,157.0,North
32.875,119.125,-918.0,North
32.875,121.125,993.0,North
32.875,123.125,1099.0,North
32.875,125.125,1146.5,North
32.875,127.125,1249.0,North
32.875,129.125,-997.0,North
32.875,131.125,1606.0,North
32.875,133.125,989.5,North
32.875,135.125,2020.5,North
32.875,137.125,3260.5,North
32.875,139.125,2321.5,North
32.875,141.125,1541.5,North
32.875,143.125,805.5,North
32.875,145.125,1346.0,North
32.875,147.125,568.0,North
32.875,149.125,1370.0,North
32.875,151.125,2780.0,North
32.875,153.125,1646.0,North
32.875,155.125,1036.0,North
32.875,157.125,295.5,North
32.875,159.125,1932.5,North
32.875,161.125,2613.5,North
32.875,163.125,1297.5,North
32.875,165.125,1868.0,North
32.875,167.125,1346.5,North
32.875,169.125,471.0,North
32.875,171.125,389.5,North
32.875,173.125,-102.0,North
32.875,175.125,378.0,North
32.875,177.125,3316.0,North
32.875,179.125,3496.5,North
32.875,181.125,2493.5,North
32.875,183.125,3527.0,North
32.875,185.125,3655.5,North
32.875,187.125,3369.5,North
32.875,189.125,3505.5,North
32.875,191.125,1282.5,North
32.875,193.125,3192.5,North
32.875,195.125,3893.5,North
32.875,197.125,3220.5,North
32.875,199.125,5622.5,North
32.875,201.125,6088.0,North
32.875,203.125,4709.0,North
32.875,205.125,3871.0,North
32.875,207.125,4310.0,North
32.875,209.125,5109.0,North
32.875,211.125,4487.0,North
32.875,213.125,4424.5,North
32.875,215.125,2596.5,North
32.875,217.125,5510.0,North
32.875,219.125,4080.0,North
32.875,221.125,1758.0,North
32.875,223.125,4524.5,North
32.875,225.125,1725.5,North
32.875,227.125,473.5,North
32.875,229.125,1664.0,North
32.875,231.125,5006.5,North
32.875,233.125,2955.0,North
32.875,235.125,3038.5,North
32.875,237.125,2142.5,North
32.875,239.125,1804.5,North
32.875,241.125,-201.0,North
32.875,243.125,1046.5,North
32.875,245.125,1579.5,North
32.875,247.125,1160.5,North
32.875,249.125,-1119.5,North
32.875,251.125,-766.0,North
32.875,253.125,1657.5,North
32.875,255.125,2810.5,North
32.875,257.125,-338.5,North
32.875,259.125,-1717.5,North
32.875,261.125,-646.0,North
32.875,263.125,-576.5,North
32.875,265.125,-239.5,North
32.875,267.125,-2105.0,North
32.875,269.125,-2337.0,North
32.875,271.125,1004.5,North
32.875,273.125,-444.0,North
32.875,275.125,-1116.0,North
32.875,277.125,-1362.5,North
32.875,279.125,-1472.5,North
32.875,281.125,-1816.5,North
32.875,283.125,-1961.0,North
32.875,285.125,-2017.5,North
32.875,287.125,-1996.5,North
32.875,289.125,-2243.0,North
32.875,291.125,-2323.0,North
32.875,293.125,-2262.0,North
32.875,295.125,-2394.0,North
32.875,297.125,-2335.5,North
32.875,299.125,-2348.5,North
32.875,301.125,-2138.5,North
32.875,303.125,-2098.5,North
32.875,305.125,-2133.0,North
32.875,307.125,-2187.5,North
32.875,309.125,-2294.5,North
32.875,311.125,-2180.5,North
32.875,313.125,-2227.0,North
32.875,315.125,-2142.5,North
32.875,317.125,-2185.5,North
32.875,319.125,-2137.0,North
32.875,321.125,-2044.5,North
32.875,323.125,-2119.0,North
32.875,325.125,-2103.5,North
32.875,327.125,-2004.0,North
32.875,329.125,-2032.5,North
32.875,331.125,-2116.0,North
32.875,333.125,-2109.5,North
32.875,335.125,-2092.0,North
32.875,337.125,-2159.0,North
32.875,339.125,-2206.0,North
32.875,341.125,-2246.5,North
32.875,343.125,-2322.5,North
32.875,345.125,-2330.5,North
32.875,347.125,-2389.0,North
32.875,349.125,-2475.0,North
32.875,351.125,-2415.5,North
32.875,353.125,-2026.5,North
32.875,355.125,-2380.0,North
32.875,357.125,-2505.5,North
32.875,359.125,-2382.5,North
30.875,1.125,-3190.0,North
30.875,3.125,-2324.0,North
30.875,5.125,-2424.0,North
30.875,7.125,-2392.5,North
30.875,9.125,-2557.0,North
30.875,11.125,-2537.5,North
30.875,13.125,-2597.0,North
30.875,15.125,-2599.5,North
30.875,17.125,-2604.0,North
30.875,19.125,-2605.0,North
30.875,21.125,-2676.0,North
30.875,23.125,-2635.5,North
30.875,25.125,-2591.0,North
30.875,27.125,-2867.0,North
30.875,29.125,-2462.0,North
30.875,31.125,-1707.5,North
30.875,33.125,-1051.0,North
30.875,35.125,-1597.0,North
30.875,37.125,-6.0,North
30.875,39.125,-516.0,North
30.875,41.125,537.5,North
30.875,43.125,-432.5,North
30.875,45.125,-1068.0,North
30.875,47.125,143.0,North
30.875,49.125,-1623.5,North
30.875,51.125,-650.0,North
30.875,53.125,-246.0,North
30.875,55.125,301.5,North
30.875,57.125,-1881.0,North
30.875,59.125,-451.5,North
30.875,61.125,-309.0,North
30.875,63.125,-1568.5,North
30.875,65.125,-1368.5,North
30.875,67.125,-1345.5,North
30.875,69.125,-645.5,North
30.875,71.125,-826.5,North
30.875,73.125,-3550.0,North
30.875,75.125,-996.5,North
30.875,77.125,-1673.0,North
30.875,79.125,-1349.5,North
30.875,81.125,-1625.0,North
30.875,83.125,-1769.5,North
30.875,85.125,-2305.5,North
30.875,87.125,44.5,North
30.875,89.125,-850.0,North
30.875,91.125,-438.5,North
30.875,93.125,-606.0,North
30.875,95.125,-686.5,North
30.875,97.125,-518.0,North
30.875,99.125,-2812.0,North
30.875,101.125,-1562.5,North
30.875,103.125,246.0,North
30.875,105.125,-121.0,North
30.875,107.125,-1208.0,North
30.875,109.125,838.5,North
30.875,111.125,-164.5,North
30.875,113.125,1383.5,North
30.875,115.125,-3243.0,North
30.875,117.125,537.0,North
30.875,119.125,-755.0,North
30.875,121.125,-737.5,North
30.875,123.125,21.5,North
30.875,125.125,474.5,North
30.875,127.125,1143.0,North
30.875,129.125,612.0,North
30.875,131.125,1577.0,North
30.875,133.125,2338.5,North
30.875,135.125,2507.5,North
30.875,137.125,2706.5,North
30.875,139.125,1243.5,North
30.875,141.125,2320.0,North
30.875,143.125,-372.5,North
30.875,145.125,-1943.5,North
30.875,147.125,-2414.5,North
30.875,149.125,-2667.0,North
30.875,151.125,-2140.0,North
30.875,153.125,1943.5,North
30.875,155.125,2224.5,North
30.875,157.125,765.0,North
30.875,159.125,1339.0,North
30.875,161.125,2897.0,North
30.875,163.125,2888.5,North
30.875,165.125,2492.0,North
30.875,167.125,3065.5,North
30.875,169.125,1581.0,North
30.875,171.125,2874.0,North
30.875,173.125,3607.5,North
30.875,175.125,3592.5,North
30.875,177.125,3464.5,North
30.875,179.125,3360.0,North
30.875,181.125,2063.5,North
30.875,183.125,2824.5,North
30.875,185.125,3358.0,North
30.875,187.125,1680.5,North
30.875,189.125,1501.0,North
30.875,191.125,4983.0,North
30.875,193.125,5361.5,North
30.875,195.125,2403.0,North
30.875,197.125,286.0,North
30.875,199.125,5619.0,North
30.875,201.125,3097.0,North
30.875,203.125,4006.0,North
30.875,205.125,2652.0,North
30.875,207.125,4006.5,North
30.875,209.125,5459.5,North
30.875,211.125,5220.5,North
30.875,213.125,4917.0,North
30.875,215.125,3887.0,North
30.875,217.125,4487.5,North
30.875,219.125,-268.0,North
30.875,221.125,4868.0,North
30.875,223.125,4297.5,North
30.875,225.125,3912.5,North
30.875,227.125,3700.0,North
30.875,229.125,1182.5,North
30.875,231.125,-324.0,North
30.875,233.125,3482.5,North
30.875,235.125,2138.0,North
30.875,237.125,2053.5,North
30.875,239.125,2027.5,North
30.875,241.125,2049.0,North
30.875,243.125,2007.5,North
30.875,245.125,1509.0,North
30.875,247.125,816.5,North
30.875,249.125,-755.0,North
30.875,251.125,1096.5,North
30.875,253.125,402.0,North
30.875,255.125,2018.0,North
30.875,257.125,2195.5,North
30.875,259.125,-1507.5,North
30.875,261.125,-464.0,North
30.875,263.125,-989.5,North
30.875,265.125,-729.5,North
30.875,267.125,320.5,North
30.875,269.125,623.5,North
30.875,271.125,159.0,North
30.875,273.125,-870.5,North
30.875,275.125,-1411.5,North
30.875,277.125,-1585.0,North
30.875,279.125,-1517.0,North
30.875,281.125,-1477.5,North
30.875,283.125,-1649.0,North
30.875,285.125,-1917.5,North
30.875,287.125,-2044.0,North
30.875,289.125,-2087.0,North
30.875,291.125,-2228.0,North
30.875,293.125,-2318.0,North
30.875,295.125,-2385.5,North
30.875,297.125,-2430.0,North
30.875,299.125,-2217.5,North
30.875,301.125,-2261.5,North
30.875,303.125,-2327.0,North
30.875,305.125,-2146.5,North
30.875,307.125,-2239.5,North
30.875,309.125,-2254.5,North
30.875,311.125,-2216.0,North
30.875,313.125,-2162.5,North
30.875,315.125,-1991.0,North
30.875,317.125,-1977.5,North
30.875,319.125,-2011.0,North
30.875,321.125,-1985.0,North
30.875,323.125,-1963.0,North
30.875,325.125,-1874.5,North
30.875,327.125,-1954.0,North
30.875,329.125,-1928.0,North
30.875,331.125,-1777.0,North
30.875,333.125,-1966.0,North
30.875,335.125,-2041.5,North
30.875,337.125,-1989.0,North
30.875,339.125,-2010.0,North
30.875,341.125,-2036.0,North
30.875,343.125,-2225.5,North
30.875,345.125,-2273.0,North
30.875,347.125,-2071.5,North
30.875,349.125,-2232.0,North
30.875,351.125,-2200.0,North
30.875,353.125,-2393.0,North
30.875,355.125,-1619.0,North
30.875,357.125,-1500.5,North
30.875,359.125,-2183.5,North
28.875,1.125,-1934.5,North
28.875,3.125,-1857.0,North
28.875,5.125,-2292.5,North
28.875,7.125,-2456.5,North
28.875,9.125,-2540.5,North
28.875,11.125,-2640.0,North
28.875,13.125,-2630.5,North
28.875,15.125,-2564.5,North
28.875,17.125,-2566.0,North
28.875,19.125,-2582.5,North
28.875,21.125,-2645.5,North
28.875,23.125,-2730.0,North
28.875,25.125,-2572.0,North
28.875,27.125,-2906.5,North
28.875,29.125,-2907.0,North
28.875,31.125,-1194.0,North
28.875,33.125,-661.5,North
28.875,35.125,-1408.5,North
28.875,37.125,-1138.0,North
28.875,39.125,-65.0,North
28.875,41.125,713.0,North
28.875,43.125,-846.5,North
28.875,45.125,-884.5,North
28.875,47.125,-1426.5,North
28.875,49.125,-1127.0,North
28.875,51.125,-868.5,North
28.875,53.125,-50.0,North
28.875,55.125,-4329.5,North
28.875,57.125,-1679.5,North
28.875,59.125,-291.5,North
28.875,61.125,-631.5,North
28.875,63.125,-1015.5,North
28.875,65.125,-360.0,North
28.875,67.125,-587.0,North
28.875,69.125,-749.5,North
28.875,71.125,1.0,North
28.875,73.125,-529.5,North
28.875,75.125,-580.5,North
28.875,77.125,-1173.5,North
28.875,79.125,-1550.5,North
28.875,81.125,-1191.0,North
28.875,83.125,-1631.5,North
28.875,85.125,-1505.0,North
28.875,87.125,-1198.5,North
28.875,89.125,-1948.5,North
28.875,91.125,-1356.5,North
28.875,93.125,-715.0,North
28.875,95.125,340.0,North
28.875,97.125,440.5,North
28.875,99.125,-1247.0,North
28.875,101.125,59.5,North
28.875,103.125,-110.5,North
28.875,105.125,134.0,North
28.875,107.125,-698.5,North
28.875,109.125,-1817.0,North
28.875,111.125,-278.5,North
28.875,113.125,-2548.0,North
28.875,115.125,-3119.5,North
28.875,117.125,-1985.0,North
28.875,119.125,-565.5,North
28.875,121.125,-962.0,North
28.875,123.125,218.5,North
28.875,125.125,1421.5,North
28.875,127.125,48.5,North
28.875,129.125,721.5,North
28.875,131.125,673.0,North
28.875,133.125,1399.0,North
28.875,135.125,1463.0,North
28.875,137.125,2943.0,North
28.875,139.125,3297.5,North
28.875,141.125,79.5,North
28.875,143.125,-1496.5,North
28.875,145.125,-1754.0,North
28.875,147.125,-2783.5,North
28.875,149.125,-2872.0,North
28.875,151.125,-3006.5,North
28.875,153.125,-1563.5,North
28.875,155.125,2464.0,North
28.875,157.125,1300.5,North
28.875,159.125,728.0,North
28.875,161.125,2552.0,North
28.875,163.125,2709.0,North
28.875,165.125,1826.5,North
28.875,167.125,-789.0,North
28.875,169.125,2579.5,North
28.875,171.125,3347.0,North
28.875,173.125,3970.5,North
28.875,175.125,3324.0,North
28.875,177.125,3122.5,North
28.875,179.125,4685.0,North
28.875,181.125,5199.5,North
28.875,183.125,4891.5,North
28.875,185.125,3728.5,North
28.875,187.125,3818.0,North
28.875,189.125,853.5,North
28.875,191.125,2181.5,North
28.875,193.125,3463.0,North
28.875,195.125,5270.5,North
28.875,197.125,3279.5,North
28.875,199.125,4086.5,North
28.875,201.125,5048.0,North
28.875,203.125,3789.0,North
28.875,205.125,4781.5,North
28.875,207.125,5202.0,North
28.875,209.125,4710.5,North
28.875,211.125,4766.0,North
28.875,213.125,3906.0,North
28.875,215.125,5703.0,North
28.875,217.125,5919.5,North
28.875,219.125,3151.5,North
28.875,221.125,5687.5,North
28.875,223.125,3761.0,North
28.875,225.125,3588.0,North
28.875,227.125,2997.5,North
28.875,229.125,2143.0,North
28.875,231.125,4887.5,North
28.875,233.125,3058.5,North
28.875,235.125,2114.0,North
28.875,237.125,2519.0,North
28.875,239.125,2400.5,North
28.875,241.125,1064.5,North
28.875,243.125,-95.5,North
28.875,245.125,1884.0,North
28.875,247.125,1535.5,North
28.875,249.125,1089.0,North
28.875,251.125,1128.5,North
28.875,253.125,813.5,North
28.875,255.125,937.5,North
28.875,257.125,844.0,North
28.875,259.125,-350.0,North
28.875,261.125,1035.5,North
28.875,263.125,-1908.0,North
28.875,265.125,-377.5,North
28.875,267.125,-958.5,North
28.875,269.125,-467.5,North
28.875,271.125,-105.5,North
28.875,273.125,-517.0,North
28.875,275.125,-489.0,North
28.875,277.125,-1466.5,North
28.875,279.125,-1593.0,North
28.875,281.125,-1552.5,North
28.875,283.125,-1752.0,North
28.875,285.125,-1633.5,North
28.875,287.125,-1942.5,North
28.875,289.125,-1983.5,North
28.875,291.125,-2140.0,North
28.875,293.125,-2232.0,North
28.875,295.125,-2298.5,North
28.875,297.125,-2418.5,North
28.875,299.125,-2250.5,North
28.875,301.125,-2315.5,North
28.875,303.125,-2230.5,North
28.875,305.125,-2096.0,North
28.875,307.125,-2026.5,North
28.875,309.125,-1776.5,North
28.875,311.125,-1982.0,North
28.875,313.125,-2029.0,North
28.875,315.125,-1739.0,North
28.875,317.125,-1834.0,North
28.875,319.125,-1746.5,North
28.875,321.125,-1827.5,North
28.875,323.125,-1698.0,North
28.875,325.125,-1632.5,North
28.875,327.125,-1791.0,North
28.875,329.125,-1835.5,North
28.875,331.125,-1835.0,North
28.875,333.125,-1916.0,North
28.875,335.125,-1839.0,North
28.875,337.125,-1951.0,North
28.875,339.125,-2041.5,North
28.875,341.125,-2117.0,North
28.875,343.125,-1986.5,North
28.875,345.125,-2023.5,North
28.875,347.125,-2200.0,North
28.875,349.125,-2353.0,North
28.875,351.125,-2281.5,North
28.875,353.125,-2322.0,North
28.875,355.125,-2250.5,North
28.875,357.125,-1361.0,North
28.875,359.125,-2044.0,North
26.875,1.125,-2051.5,North
26.875,3.125,-1101.5,North
26.875,5.125,-1574.0,North
26.875,7.125,-1211.0,North
26.875,9.125,-2531.0,North
26.875,11.125,-2608.5,North
26.875,13.125,-2535.0,North
26.875,15.125,-2528.0,North
26.875,17.125,-2568.5,North
26.875,19.125,-2431.5,North
26.875,21.125,-2555.0,North
26.875,23.125,-2673.0,North
26.875,25.125,-2724.5,North
26.875,27.125,-2831.0,North
26.875,29.125,-2842.0,North
26.875,31.125,-2820.5,North
26.875,33.125,-558.0,North
26.875,35.125,-820.5,North
26.875,37.125,-1373.5,North
26.875,39.125,-2108.5,North
26.875,41.125,-1539.0,North
26.875,43.125,-1342.5,North
26.875,45.125,-1092.5,North
26.875,47.125,-1157.0,North
26.875,49.125,-1221.0,North
26.875,51.125,-793.5,North
26.875,53.125,1335.5,North
26.875,55.125,-3050.5,North
26.875,57.125,-3057.5,North
26.875,59.125,-605.0,North
26.875,61.125,-2215.0,North
26.875,63.125,-2231.0,North
26.875,65.125,-40.5,North
26.875,67.125,-627.0,North
26.875,69.125,-646.0,North
26.875,71.125,-1322.0,North
26.875,73.125,-1300.5,North
26.875,75.125,1470.5,North
26.875,77.125,147.5,North
26.875,79.125,-2197.0,North
26.875,81.125,-518.5,North
26.875,83.125,-1282.0,North
26.875,85.125,-479.5,North
26.875,87.125,-194.5,North
26.875,89.125,-3077.0,North
26.875,91.125,-1968.5,North
26.875,93.125,-2906.5,North
26.875,95.125,-2662.0,North
26.875,97.125,-1044.5,North
26.875,99.125,-2722.5,North
26.875,101.125,-238.5,North
26.875,103.125,-296.0,North
26.875,105.125,-634.5,North
26.875,107.125,-338.5,North
26.875,109.125,-73.0,North
26.875,111.125,-609.5,North
26.875,113.125,107.0,North
26.875,115.125,504.0,North
26.875,117.125,724.5,North
26.875,119.125,-641.5,North
26.875,121.125,-153.5,North
26.875,123.125,999.5,North
26.875,125.125,224.0,North
26.875,127.125,501.0,North
26.875,129.125,1111.5,North
26.875,131.125,778.0,North
26.875,133.125,1092.0,North
26.875,135.125,3721.0,North
26.875,137.125,3005.0,North
26.875,139.125,1865.5,North
26.875,141.125,-1404.5,North
26.875,143.125,897.0,North
26.875,145.125,-3081.0,North
26.875,147.125,-3228.0,North
26.875,149.125,-3159.5,North
26.875,151.125,-3074.5,North
26.875,153.125,-2245.5,North
26.875,155.125,2589.0,North
26.875,157.125,1123.5,North
26.875,159.125,290.0,North
26.875,161.125,1443.0,North
26.875,163.125,1375.5,North
26.875,165.125,2328.0,North
26.875,167.125,2653.0,North
26.875,169.125,3285.5,North
26.875,171.125,2259.5,North
26.875,173.125,1690.0,North
26.875,175.125,771.0,North
26.875,177.125,336.0,North
26.875,179.125,1254.0,North
26.875,181.125,3098.5,North
26.875,183.125,2498.5,North
26.875,185.125,3908.5,North
26.875,187.125,-762.5,North
26.875,189.125,-472.0,North
26.875,191.125,859.5,North
26.875,193.125,1868.5,North
26.875,195.125,3032.0,North
26.875,197.125,2517.5,North
26.875,199.125,4297.0,North
26.875,201.125,2875.5,North
26.875,203.125,4536.0,North
26.875,205.125,5759.0,North
26.875,207.125,4912.0,North
26.875,209.125,3294.5,North
26.875,211.125,4651.5,North
26.875,213.125,4621.5,North
26.875,215.125,1024.5,North
26.875,217.125,2853.0,North
26.875,219.125,4579.5,North
26.875,221.125,4213.5,North
26.875,223.125,1002.5,North
26.875,225.125,5319.0,North
26.875,227.125,3533.5,North
26.875,229.125,2087.5,North
26.875,231.125,4295.5,North
26.875,233.125,1346.0,North
26.875,235.125,1249.5,North
26.875,237.125,2186.5,North
26.875,239.125,2696.5,North
26.875,241.125,1194.0,North
26.875,243.125,1660.5,North
26.875,245.125,1417.5,North
26.875,247.125,1515.0,North
26.875,249.125,1226.5,North
26.875,251.125,-1104.5,North
26.875,253.125,1415.0,North
26.875,255.125,1302.5,North
26.875,257.125,945.0,North
26.875,259.125,-483.0,North
26.875,261.125,3779.5,North
26.875,263.125,1763.0,North
26.875,265.125,-253.5,North
26.875,267.125,234.0,North
26.875,269.125,-348.0,North
26.875,271.125,152.0,North
26.875,273.125,-857.5,North
26.875,275.125,-1333.0,North
26.875,277.125,-1437.0,North
26.875,279.125,-1499.0,North
26.875,281.125,-1494.0,North
26.875,283.125,-1435.5,North
26.875,285.125,-1489.5,North
26.875,287.125,-1773.0,North
26.875,289.125,-1866.5,North
26.875,291.125,-2132.0,North
26.875,293.125,-2165.0,North
26.875,295.125,-2208.5,North
26.875,297.125,-2187.5,North
26.875,299.125,-2266.5,North
26.875,301.125,-2238.5,North
26.875,303.125,-2216.5,North
26.875,305.125,-1705.0,North
26.875,307.125,-1295.5,North
26.875,309.125,-1172.0,North
26.875,311.125,-1177.0,North
26.875,313.125,-1343.5,North
26.875,315.125,-1450.0,North
26.875,317.125,-1230.0,North
26.875,319.125,-1452.5,North
26.875,321.125,-1527.0,North
26.875,323.125,-1543.0,North
26.875,325.125,-1452.5,North
26.875,327.125,-1604.5,North
26.875,329.125,-1589.0,North
26.875,331.125,-1652.5,North
26.875,333.125,-1650.0,North
26.875,335.125,-1811.5,North
26.875,337.125,-1851.0,North
26.875,339.125,-2009.5,North
26.875,341.125,-1922.5,North
26.875,343.125,-2113.5,North
26.875,345.125,-2276.5,North
26.875,347.125,-3881.5,North
26.875,349.125,-2264.0,North
26.875,351.125,-2042.5,North
26.875,353.125,-1550.0,North
26.875,355.125,-629.0,North
26.875,357.125,-2052.5,North
26.875,359.125,-1921.5,North
24.875,1.125,-1830.0,North
24.875,3.125,-1113.5,North
24.875,5.125,-701.5,North
24.875,7.125,-749.0,North
24.875,9.125,-2511.5,North
24.875,11.125,-2611.0,North
24.875,13.125,-2528.0,North
24.875,15.125,-2576.0,North
24.875,17.125,-2661.5,North
24.875,19.125,-2658.5,North
24.875,21.125,-2560.0,North
24.875,23.125,-2668.5,North
24.875,25.125,-2568.0,North
24.875,27.125,-2881.5,North
24.875,29.125,-2659.0,North
24.875,31.125,-935.0,North
24.875,33.125,-1499.5,North
24.875,35.125,-1903.0,North
24.875,37.125,-1649.5,North
24.875,39.125,-639.0,North
24.875,41.125,-1559.5,North
24.875,43.125,-1116.5,North
24.875,45.125,-1126.0,North
24.875,47.125,-1059.5,North
24.875,49.125,-1876.5,North
24.875,51.125,-1992.5,North
24.875,53.125,-2253.0,North
24.875,55.125,-1064.5,North
24.875,57.125,292.0,North
24.875,59.125,-553.0,North
24.875,61.125,-509.5,North
24.875,63.125,-1043.0,North
24.875,65.125,-2238.5,North
24.875,67.125,-1828.0,North
24.875,69.125,-1372.5,North
24.875,71.125,-1473.5,North
24.875,73.125,1366.5,North
24.875,75.125,-537.5,North
24.875,77.125,-801.0,North
24.875,79.125,-3286.0,North
24.875,81.125,-807.5,North
24.875,83.125,-921.0,North
24.875,85.125,-1157.5,North
24.875,87.125,-2366.0,North
24.875,89.125,-1575.0,North
24.875,91.125,-2294.5,North
24.875,93.125,-2998.5,North
24.875,95.125,-2987.5,North
24.875,97.125,-2616.0,North
24.875,99.125,-2228.5,North
24.875,101.125,-744.0,North
24.875,103.125,-1167.0,North
24.875,105.125,-578.5,North
24.875,107.125,-801.5,North
24.875,109.125,-551.0,North
24.875,111.125,-1293.5,North
24.875,113.125,122.5,North
24.875,115.125,-2251.5,North
24.875,117.125,-466.0,North
24.875,119.125,279.5,North
24.875,121.125,-451.0,North
24.875,123.125,-1849.5,North
24.875,125.125,737.0,North
24.875,127.125,437.5,North
24.875,129.125,1346.5,North
24.875,131.125,1875.0,North
24.875,133.125,1560.5,North
24.875,135.125,1250.5,North
24.875,137.125,3730.5,North
24.875,139.125,2794.5,North
24.875,141.125,168.0,North
24.875,143.125,450.5,North
24.875,145.125,-3076.5,North
24.875,147.125,-3366.5,North
24.875,149.125,-3357.0,North
24.875,151.125,-2753.0,North
24.875,153.125,-2655.5,North
24.875,155.125,2634.0,North
24.875,157.125,506.5,North
24.875,159.125,-76.5,North
24.875,161.125,1880.0,North
24.875,163.125,1096.5,North
24.875,165.125,2188.0,North
24.875,167.125,2667.5,North
24.875,169.125,2446.0,North
24.875,171.125,-1587.0,North
24.875,173.125,915.0,North
24.875,175.125,1459.5,North
24.875,177.125,336.0,North
24.875,179.125,2356.5,North
24.875,181.125,2852.5,North
24.875,183.125,4605.0,North
24.875,185.125,4507.5,North
24.875,187.125,1776.5,North
24.875,189.125,1790.0,North
24.875,191.125,104.0,North
24.875,193.125,349.5,North
24.875,195.125,1802.5,North
24.875,197.125,4039.5,North
24.875,199.125,3276.5,North
24.875,201.125,5205.0,North
24.875,203.125,3674.5,North
24.875,205.125,3038.0,North
24.875,207.125,3822.0,North
24.875,209.125,5611.0,North
24.875,211.125,3647.5,North
24.875,213.125,5027.0,North
24.875,215.125,5375.0,North
24.875,217.125,5205.5,North
24.875,219.125,4579.0,North
24.875,221.125,3785.0,North
24.875,223.125,2826.5,North
24.875,225.125,3641.0,North
24.875,227.125,2176.0,North
24.875,229.125,2994.5,North
24.875,231.125,1454.0,North
24.875,233.125,2756.5,North
24.875,235.125,2510.5,North
24.875,237.125,2316.5,North
24.875,239.125,2835.0,North
24.875,241.125,938.0,North
24.875,243.125,2153.5,North
24.875,245.125,2034.5,North
24.875,247.125,1969.0,North
24.875,249.125,1943.5,North
24.875,251.125,-1173.5,North
24.875,253.125,1124.5,North
24.875,255.125,-1618.5,North
24.875,257.125,-768.0,North
24.875,259.125,1286.5,North
24.875,261.125,45.0,North
24.875,263.125,1142.5,North
24.875,265.125,-422.0,North
24.875,267.125,-528.5,North
24.875,269.125,-88.5,North
24.875,271.125,-413.0,North
24.875,273.125,38.5,North
24.875,275.125,-989.0,North
24.875,277.125,-1185.5,North
24.875,279.125,-1446.5,North
24.875,281.125,-1385.5,North
24.875,283.125,-1183.0,North
24.875,285.125,-1468.0,North
24.875,287.125,-1738.5,North
24.875,289.125,-1875.5,North
24.875,291.125,-2034.5,North
24.875,293.125,-2102.0,North
24.875,295.125,-2234.5,North
24.875,297.125,-2244.0,North
24.875,299.125,-2282.5,North
24.875,301.125,-2193.5,North
24.875,303.125,-2087.0,North
24.875,305.125,-2138.0,North
24.875,307.125,-1475.0,North
24.875,309.125,-867.5,North
24.875,311.125,-561.5,North
24.875,313.125,-1233.5,North
24.875,315.125,-1438.0,North
24.875,317.125,-1331.5,North
24.875,319.125,-1304.5,North
24.875,321.125,-1559.0,North
24.875,323.125,-1567.5,North
24.875,325.125,-1456.5,North
24.875,327.125,-1423.0,North
24.875,329.125,-1419.5,North
24.875,331.125,-1472.5,North
24.875,333.125,-1617.5,North
24.875,335.125,-1728.0,North
24.875,337.125,-1761.0,North
24.875,339.125,-1665.5,North
24.875,341.125,-2033.5,North
24.875,343.125,-2068.5,North
24.875,345.125,-2238.5,North
24.875,347.125,-2223.0,North
24.875,349.125,-2185.0,North
24.875,351.125,-2022.0,North
24.875,353.125,-1545.5,North
24.875,355.125,-960.5,North
24.875,357.125,-1452.0,North
24.875,359.125,-1797.5,North
22.875,1.125,-867.5,North
22.875,3.125,-80.0,North
22.875,5.125,-218.0,North
22.875,7.125,-1329.0,North
22.875,9.125,-2393.5,North
22.875,11.125,-2590.5,North
22.875,13.125,-2574.0,North
22.875,15.125,-2582.5,North
22.875,17.125,-2642.5,North
22.875,19.125,-2605.0,North
22.875,21.125,-2664.5,North
22.875,23.125,-2712.0,North
22.875,25.125,-2803.0,North
22.875,27.125,-2950.5,North
22.875,29.125,-2637.5,North
22.875,31.125,-1922.0,North
22.875,33.125,-1522.0,North
22.875,35.125,-1697.0,North
22.875,37.125,-1463.5,North
22.875,39.125,-950.0,North
22.875,41.125,-127.0,North
22.875,43.125,-1128.0,North
22.875,45.125,-1064.5,North
22.875,47.125,-1034.0,North
22.875,49.125,-1845.5,North
22.875,51.125,-2254.5,North
22.875,53.125,-1449.5,North
22.875,55.125,-1785.0,North
22.875,57.125,-3146.5,North
22.875,59.125,-3115.0,North
22.875,61.125,-3288.0,North
22.875,63.125,-2045.0,North
22.875,65.125,-890.0,North
22.875,67.125,-2461.0,North
22.875,69.125,-1759.5,North
22.875,71.125,-366.5,North
22.875,73.125,1583.5,North
22.875,75.125,235.0,North
22.875,77.125,-363.0,North
22.875,79.125,-422.5,North
22.875,81.125,-1382.0,North
22.875,83.125,-927.0,North
22.875,85.125,-186.0,North
22.875,87.125,-3050.0,North
22.875,89.125,-2079.5,North
22.875,91.125,-927.5,North
22.875,93.125,87.5,North
22.875,95.125,-376.0,North
22.875,97.125,-385.0,North
22.875,99.125,-1081.0,North
22.875,101.125,-1043.0,North
22.875,103.125,-1316.5,North
22.875,105.125,-620.0,North
22.875,107.125,-642.0,North
22.875,109.125,-437.0,North
22.875,111.125,-1417.5,North
22.875,113.125,-391.5,North
22.875,115.125,-154.0,North
22.875,117.125,-532.0,North
22.875,119.125,401.0,North
22.875,121.125,891.5,North
22.875,123.125,167.5,North
22.875,125.125,467.5,North
22.875,127.125,617.5,North
22.875,129.125,130.5,North
22.875,131.125,-1711.5,North
22.875,133.125,1937.0,North
22.875,135.125,1762.0,North
22.875,137.125,3675.0,North
22.875,139.125,3421.0,North
22.875,141.125,1825.5,North
22.875,143.125,-1799.5,North
22.875,145.125,101.0,North
22.875,147.125,-1144.0,North
22.875,149.125,-2163.0,North
22.875,151.125,-2517.0,North
22.875,153.125,-138.0,North
22.875,155.125,1953.0,North
22.875,157.125,-815.0,North
22.875,159.125,1598.5,North
22.875,161.125,644.0,North
22.875,163.125,2544.0,North
22.875,165.125,3370.5,North
22.875,167.125,1496.5,North
22.875,169.125,474.5,North
22.875,171.125,1732.5,North
22.875,173.125,1898.5,North
22.875,175.125,-234.5,North
22.875,177.125,294.5,North
22.875,179.125,499.5,North
22.875,181.125,495.5,North
22.875,183.125,2496.5,North
22.875,185.125,3173.5,North
22.875,187.125,2979.0,North
22.875,189.125,3083.0,North
22.875,191.125,806.5,North
22.875,193.125,1827.0,North
22.875,195.125,3304.5,North
22.875,197.125,3052.0,North
22.875,199.125,5851.5,North
22.875,201.125,6639.0,North
22.875,203.125,5972.0,North
22.875,205.125,7116.5,North
22.875,207.125,5032.5,North
22.875,209.125,5600.0,North
22.875,211.125,6189.5,North
22.875,213.125,6184.0,North
22.875,215.125,4922.5,North
22.875,217.125,5247.0,North
22.875,219.125,4579.0,North
22.875,221.125,1587.0,North
22.875,223.125,2631.0,North
22.875,225.125,1466.0,North
22.875,227.125,5290.5,North
22.875,229.125,3898.5,North
22.875,231.125,3398.0,North
22.875,233.125,4710.0,North
22.875,235.125,2586.5,North
22.875,237.125,3507.0,North
22.875,239.125,2917.5,North
22.875,241.125,1337.5,North
22.875,243.125,2258.5,North
22.875,245.125,2784.0,North
22.875,247.125,194.5,North
22.875,249.125,1336.5,North
22.875,251.125,881.5,North
22.875,253.125,1410.0,North
22.875,255.125,-397.5,North
22.875,257.125,-1496.5,North
22.875,259.125,-1428.5,North
22.875,261.125,787.0,North
22.875,263.125,-1898.5,North
22.875,265.125,1317.5,North
22.875,267.125,21.5,North
22.875,269.125,296.5,North
22.875,271.125,-18.5,North
22.875,273.125,705.5,North
22.875,275.125,-977.5,North
22.875,277.125,-992.0,North
22.875,279.125,-1279.5,North
22.875,281.125,-1411.5,North
22.875,283.125,-1221.5,North
22.875,285.125,-1186.5,North
22.875,287.125,-1699.0,North
22.875,289.125,-1892.5,North
22.875,291.125,-2017.5,North
22.875,293.125,-2040.0,North
22.875,295.125,-2193.5,North
22.875,297.125,-2144.5,North
22.875,299.125,-2163.5,North
22.875,301.125,-2060.5,North
22.875,303.125,-2183.0,North
22.875,305.125,-2006.5,North
22.875,307.125,-1776.5,North
22.875,309.125,-1122.5,North
22.875,311.125,-1395.0,North
22.875,313.125,-1205.5,North
22.875,315.125,-1502.5,North
22.875,317.125,-1467.5,North
22.875,319.125,-1494.5,North
22.875,321.125,-1497.5,North
22.875,323.125,-1504.5,North
22.875,325.125,-1421.0,North
22.875,327.125,-1378.5,North
22.875,329.125,-1330.5,North
22.875,331.125,-747.0,North
22.875,333.125,-1428.5,North
22.875,335.125,-1559.0,North
22.875,337.125,-1730.5,North
22.875,339.125,-1757.5,North
22.875,341.125,-1673.0,North
22.875,343.125,-1897.5,North
22.875,345.125,-2087.0,North
22.875,347.125,-2127.0,North
22.875,349.125,-2075.0,North
22.875,351.125,-2059.0,North
22.875,353.125,-1900.0,North
22.875,355.125,-1698.0,North
22.875,357.125,-1550.0,North
22.875,359.125,-1510.5,North
20.875,1.125,1089.5,North
20.875,3.125,-616.5,North
20.875,5.125,-739.5,North
20.875,7.125,-587.0,North
20.875,9.125,-1347.0,North
20.875,11.125,-2522.0,North
20.875,13.125,-2639.0,North
20.875,15.125,-2631.5,North
20.875,17.125,-2664.0,North
20.875,19.125,-2569.5,North
20.875,21.125,-2728.0,North
20.875,23.125,-2777.5,North
20.875,25.125,-2842.5,North
20.875,27.125,-3018.0,North
20.875,29.125,-2865.5,North
20.875,31.125,-2039.0,North
20.875,33.125,-1280.0,North
20.875,35.125,-1454.5,North
20.875,37.125,-1339.0,North
20.875,39.125,-1321.5,North
20.875,41.125,-537.0,North
20.875,43.125,-989.5,North
20.875,45.125,-1469.0,North
20.875,47.125,103.5,North
20.875,49.125,-1689.0,North
20.875,51.125,-968.5,North
20.875,53.125,-3173.5,North
20.875,55.125,-3557.0,North
20.875,57.125,-3472.5,North
20.875,59.125,-3468.5,North
20.875,61.125,-3532.5,North
20.875,63.125,-3521.0,North
20.875,65.125,-3290.0,North
20.875,67.125,-2516.0,North
20.875,69.125,-2044.5,North
20.875,71.125,-1639.5,North
20.875,73.125,-126.0,North
20.875,75.125,974.5,North
20.875,77.125,-1442.0,North
20.875,79.125,-1831.0,North
20.875,81.125,115.0,North
20.875,83.125,-605.0,North
20.875,85.125,-2068.0,North
20.875,87.125,-210.5,North
20.875,89.125,-671.0,North
20.875,91.125,-2107.5,North
20.875,93.125,-918.0,North
20.875,95.125,-814.5,North
20.875,97.125,-1684.5,North
20.875,99.125,-3077.5,North
20.875,101.125,-1444.5,North
20.875,103.125,-1299.5,North
20.875,105.125,-750.5,North
20.875,107.125,-724.5,North
20.875,109.125,-671.5,North
20.875,111.125,-421.5,North
20.875,113.125,-284.5,North
20.875,115.125,-156.5,North
20.875,117.125,-2756.0,North
20.875,119.125,-354.0,North
20.875,121.125,468.5,North
20.875,123.125,-941.5,North
20.875,125.125,1348.0,North
20.875,127.125,1311.5,North
20.875,129.125,756.0,North
20.875,131.125,1145.0,North
20.875,133.125,2352.5,North
20.875,135.125,3124.5,North
20.875,137.125,847.5,North
20.875,139.125,3884.5,North
20.875,141.125,3512.0,North
20.875,143.125,1781.0,North
20.875,145.125,-183.0,North
20.875,147.125,-866.5,North
20.875,149.125,1009.0,North
20.875,151.125,3003.0,North
20.875,153.125,1733.0,North
20.875,155.125,8.0,North
20.875,157.125,-105.0,North
20.875,159.125,350.5,North
20.875,161.125,1267.0,North
20.875,163.125,3344.0,North
20.875,165.125,4154.5,North
20.875,167.125,89.5,North
20.875,169.125,136.0,North
20.875,171.125,1112.5,North
20.875,173.125,511.0,North
20.875,175.125,-2673.0,North
20.875,177.125,-465.5,North
20.875,179.125,381.0,North
20.875,181.125,1301.0,North
20.875,183.125,1554.5,North
20.875,185.125,2975.5,North
20.875,187.125,3248.0,North
20.875,189.125,3860.5,North
20.875,191.125,2456.0,North
20.875,193.125,2862.0,North
20.875,195.125,4838.5,North
20.875,197.125,6481.5,North
20.875,199.125,6760.0,North
20.875,201.125,7055.0,North
20.875,203.125,6278.0,North
20.875,205.125,7730.5,North
20.875,207.125,5571.5,North
20.875,209.125,7273.5,North
20.875,211.125,4062.0,North
20.875,213.125,3869.5,North
20.875,215.125,5307.0,North
20.875,217.125,4781.5,North
20.875,219.125,3625.5,North
20.875,221.125,4861.5,North
20.875,223.125,3319.0,North
20.875,225.125,3003.5,North
20.875,227.125,2333.5,North
20.875,229.125,4105.5,North
20.875,231.125,3522.0,North
20.875,233.125,2367.0,North
20.875,235.125,3432.0,North
20.875,237.125,1127.5,North
20.875,239.125,3576.0,North
20.875,241.125,2860.0,North
20.875,243.125,2869.0,North
20.875,245.125,1093.5,North
20.875,247.125,-744.5,North
20.875,249.125,404.0,North
20.875,251.125,1258.0,North
20.875,253.125,1997.0,North
20.875,255.125,145.0,North
20.875,257.125,1022.0,North
20.875,259.125,131.5,North
20.875,261.125,397.5,North
20.875,263.125,232.0,North
20.875,265.125,751.5,North
20.875,267.125,966.5,North
20.875,269.125,-1289.0,North
20.875,271.125,-182.5,North
20.875,273.125,548.0,North
20.875,275.125,-333.5,North
20.875,277.125,-1289.5,North
20.875,279.125,-1374.5,North
20.875,281.125,-1154.5,North
20.875,283.125,-1289.5,North
20.875,285.125,-1634.0,North
20.875,287.125,-1708.5,North
20.875,289.125,-1944.0,North
20.875,291.125,-2039.0,North
20.875,293.125,-3939.0,North
20.875,295.125,-2098.5,North
20.875,297.125,-2129.0,North
20.875,299.125,-2203.5,North
20.875,301.125,-2152.5,North
20.875,303.125,-2165.0,North
20.875,305.125,-1967.5,North
20.875,307.125,-1949.5,North
20.875,309.125,-1724.5,North
20.875,311.125,-1638.5,North
20.875,313.125,-1482.0,North
20.875,315.125,-1583.0,North
20.875,317.125,-1504.5,North
20.875,319.125,-1492.5,North
20.875,321.125,-1415.0,North
20.875,323.125,-2911.0,North
20.875,325.125,-1311.5,North
20.875,327.125,-1310.0,North
20.875,329.125,-1105.0,North
20.875,331.125,-1179.5,North
20.875,333.125,-1392.5,North
20.875,335.125,-1508.0,North
20.875,337.125,-1665.0,North
20.875,339.125,-1108.5,North
20.875,341.125,-1692.5,North
20.875,343.125,-1638.0,North
20.875,345.125,-1725.5,North
20.875,347.125,-1979.5,North
20.875,349.125,-2063.0,North
20.875,351.125,-1991.5,North
20.875,353.125,-1928.5,North
20.875,355.125,-1931.5,North
20.875,357.125,-1988.0,North
20.875,359.125,614.5,North
18.875,1.125,-459.5,North
18.875,3.125,-482.5,North
18.875,5.125,-354.5,North
18.875,7.125,-1084.0,North
18.875,9.125,-35.5,North
18.875,11.125,-379.0,North
18.875,13.125,-2340.5,North
18.875,15.125,-2593.0,North
18.875,17.125,-2518.0,North
18.875,19.125,-2775.0,North
18.875,21.125,-2635.5,North
18.875,23.125,-2699.0,North
18.875,25.125,-2946.0,North
18.875,27.125,-2853.0,North
18.875,29.125,-1732.5,North
18.875,31.125,-1797.0,North
18.875,33.125,-797.0,North
18.875,35.125,-1385.0,North
18.875,37.125,-1197.5,North
18.875,39.125,-1062.0,North
18.875,41.125,-1259.5,North
18.875,43.125,-854.0,North
18.875,45.125,-137.5,North
18.875,47.125,1835.5,North
18.875,49.125,-970.0,North
18.875,51.125,-3258.5,North
18.875,53.125,-3564.5,North
18.875,55.125,-3564.5,North
18.875,57.125,-3431.0,North
18.875,59.125,-3544.5,North
18.875,61.125,-3560.0,North
18.875,63.125,-3666.5,North
18.875,65.125,-3224.5,North
18.875,67.125,-3408.5,North
18.875,69.125,-3182.0,North
18.875,71.125,-2601.5,North
18.875,73.125,57.5,North
18.875,75.125,-196.5,North
18.875,77.125,-2451.5,North
18.875,79.125,-1808.0,North
18.875,81.125,-1770.5,North
18.875,83.125,-2104.0,North
18.875,85.125,-1992.0,North
18.875,87.125,-2019.0,North
18.875,89.125,-1503.0,North
18.875,91.125,-1348.5,North
18.875,93.125,-2836.0,North
18.875,95.125,-1051.5,North
18.875,97.125,-257.5,North
18.875,99.125,-978.0,North
18.875,101.125,-1112.0,North
18.875,103.125,-1099.0,North
18.875,105.125,-786.5,North
18.875,107.125,-726.5,North
18.875,109.125,-442.5,North
18.875,111.125,26.0,North
18.875,113.125,-165.0,North
18.875,115.125,-204.5,North
18.875,117.125,1004.0,North
18.875,119.125,-461.0,North
18.875,121.125,1172.5,North
18.875,123.125,-332.0,North
18.875,125.125,128.5,North
18.875,127.125,1297.5,North
18.875,129.125,1187.5,North
18.875,131.125,2203.0,North
18.875,133.125,694.5,North
18.875,135.125,-127.0,North
18.875,137.125,2598.0,North
18.875,139.125,3830.5,North
18.875,141.125,5145.5,North
18.875,143.125,2586.0,North
18.875,145.125,2804.0,North
18.875,147.125,2236.0,North
18.875,149.125,2196.5,North
18.875,151.125,1393.0,North
18.875,153.125,1957.5,North
18.875,155.125,2244.0,North
18.875,157.125,342.0,North
18.875,159.125,-521.5,North
18.875,161.125,439.5,North
18.875,163.125,3008.5,North
18.875,165.125,1351.5,North
18.875,167.125,1433.0,North
18.875,169.125,1214.0,North
18.875,171.125,-237.0,North
18.875,173.125,-1774.0,North
18.875,175.125,-2563.5,North
18.875,177.125,-2246.5,North
18.875,179.125,844.0,North
18.875,181.125,2018.0,North
18.875,183.125,2243.5,North
18.875,185.125,3305.5,North
18.875,187.125,4132.5,North
18.875,189.125,3161.5,North
18.875,191.125,1612.0,North
18.875,193.125,4477.0,North
18.875,195.125,4016.0,North
18.875,197.125,4095.5,North
18.875,199.125,3588.0,North
18.875,201.125,3943.5,North
18.875,203.125,2732.0,North
18.875,205.125,3560.0,North
18.875,207.125,7048.0,North
18.875,209.125,2371.5,North
18.875,211.125,1846.5,North
18.875,213.125,2440.5,North
18.875,215.125,6282.0,North
18.875,217.125,5370.5,North
18.875,219.125,3508.0,North
18.875,221.125,4682.0,North
18.875,223.125,4482.0,North
18.875,225.125,4822.5,North
18.875,227.125,1396.0,North
18.875,229.125,4053.0,North
18.875,231.125,4271.5,North
18.875,233.125,146.0,North
18.875,235.125,561.5,North
18.875,237.125,2706.5,North
18.875,239.125,2411.0,North
18.875,241.125,2077.0,North
18.875,243.125,259.0,North
18.875,245.125,2855.5,North
18.875,247.125,3161.0,North
18.875,249.125,2093.5,North
18.875,251.125,1902.5,North
18.875,253.125,1087.0,North
18.875,255.125,968.0,North
18.875,257.125,-43.0,North
18.875,259.125,-440.5,North
18.875,261.125,804.5,North
18.875,263.125,-32.0,North
18.875,265.125,610.5,North
18.875,267.125,-829.5,North
18.875,269.125,2495.0,North
18.875,271.125,-774.5,North
18.875,273.125,441.5,North
18.875,275.125,-34.0,North
18.875,277.125,-1233.5,North
18.875,279.125,-1302.5,North
18.875,281.125,-1393.5,North
18.875,283.125,-1216.0,North
18.875,285.125,-1548.5,North
18.875,287.125,-1733.0,North
18.875,289.125,-1857.0,North
18.875,291.125,-2020.0,North
18.875,293.125,-2056.5,North
18.875,295.125,-2039.5,North
18.875,297.125,-2117.0,North
18.875,299.125,-2047.0,North
18.875,301.125,-2156.5,North
18.875,303.125,-2118.0,North
18.875,305.125,-1984.0,North
18.875,307.125,-1801.5,North
18.875,309.125,-1825.5,North
18.875,311.125,-1733.0,North
18.875,313.125,-1678.5,North
18.875,315.125,-1561.5,North
18.875,317.125,-1560.0,North
18.875,319.125,-1483.0,North
18.875,321.125,-1408.0,North
18.875,323.125,-1216.0,North
18.875,325.125,-1286.0,North
18.875,327.125,-1157.5,North
18.875,329.125,-1017.0,North
18.875,331.125,-1054.0,North
18.875,333.125,-1245.0,North
18.875,335.125,-1449.5,North
18.875,337.125,-1554.5,North
18.875,339.125,-1707.0,North
18.875,341.125,-1739.5,North
18.875,343.125,-1718.0,North
18.875,345.125,-1831.0,North
18.875,347.125,-1803.0,North
18.875,349.125,-1906.0,North
18.875,351.125,-1875.0,North
18.875,353.125,-1800.0,North
18.875,355.125,-2030.0,North
18.875,357.125,691.5,North
18.875,359.125,469.0,North
16.875,1.125,-1039.0,North
16.875,3.125,-1007.5,North
16.875,5.125,-1161.0,North
16.875,7.125,-1431.5,North
16.875,9.125,-1268.5,North
16.875,11.125,-857.0,North
16.875,13.125,-1165.5,North
16.875,15.125,-2651.5,North
16.875,17.125,-2617.0,North
16.875,19.125,-2632.5,North
16.875,21.125,-2617.0,North
16.875,23.125,-1894.0,North
16.875,25.125,-2152.0,North
16.875,27.125,-2223.0,North
16.875,29.125,-1808.0,North
16.875,31.125,-1286.0,North
16.875,33.125,-966.0,North
16.875,35.125,-616.5,North
16.875,37.125,-1129.0,North
16.875,39.125,-971.0,North
16.875,41.125,-1110.0,North
16.875,43.125,-1092.5,North
16.875,45.125,-743.5,North
16.875,47.125,447.0,North
16.875,49.125,432.0,North
16.875,51.125,-3077.0,North
16.875,53.125,-3679.0,North
16.875,55.125,-3648.5,North
16.875,57.125,-3577.0,North
16.875,59.125,-3595.0,North
16.875,61.125,-3668.0,North
16.875,63.125,-3630.0,North
16.875,65.125,-3445.5,North
16.875,67.125,-3482.0,North
16.875,69.125,-2506.0,North
16.875,71.125,-1340.5,North
16.875,73.125,645.0,North
16.875,75.125,-575.0,North
16.875,77.125,-2315.0,North
16.875,79.125,-774.0,North
16.875,81.125,-1629.0,North
16.875,83.125,-2462.5,North
16.875,85.125,-2508.5,North
16.875,87.125,-2110.5,North
16.875,89.125,-1128.0,North
16.875,91.125,-1431.5,North
16.875,93.125,-743.5,North
16.875,95.125,-1467.0,North
16.875,97.125,-1163.5,North
16.875,99.125,-1987.5,North
16.875,101.125,-1054.5,North
16.875,103.125,-1099.5,North
16.875,105.125,-591.5,North
16.875,107.125,-657.0,North
16.875,109.125,-278.5,North
16.875,111.125,-416.0,North
16.875,113.125,-445.0,North
16.875,115.125,-522.5,North
16.875,117.125,844.0,North
16.875,119.125,-1412.5,North
16.875,121.125,-906.5,North
16.875,123.125,1307.5,North
16.875,125.125,1400.0,North
16.875,127.125,473.5,North
16.875,129.125,1992.5,North
16.875,131.125,-269.5,North
16.875,133.125,2004.5,North
16.875,135.125,3662.0,North
16.875,137.125,944.0,North
16.875,139.125,2103.0,North
16.875,141.125,4332.5,North
16.875,143.125,3947.0,North
16.875,145.125,2721.5,North
16.875,147.125,3927.5,North
16.875,149.125,3436.5,North
16.875,151.125,2677.0,North
16.875,153.125,992.5,North
16.875,155.125,775.0,North
16.875,157.125,-306.0,North
16.875,159.125,900.5,North
16.875,161.125,76.0,North
16.875,163.125,2567.5,North
16.875,165.125,1637.0,North
16.875,167.125,-16.5,North
16.875,169.125,887.0,North
16.875,171.125,-335.0,North
16.875,173.125,-275.5,North
16.875,175.125,-1628.5,North
16.875,177.125,-2089.0,North
16.875,179.125,429.5,North
16.875,181.125,830.5,North
16.875,183.125,1481.0,North
16.875,185.125,3483.0,North
16.875,187.125,3203.0,North
16.875,189.125,4810.5,North
16.875,191.125,5639.0,North
16.875,193.125,2716.0,North
16.875,195.125,4147.0,North
16.875,197.125,2042.5,North
16.875,199.125,3735.0,North
16.875,201.125,2060.5,North
16.875,203.125,4605.0,North
16.875,205.125,1119.0,North
16.875,207.125,5949.0,North
16.875,209.125,2666.5,North
16.875,211.125,2022.5,North
16.875,213.125,5205.5,North
16.875,215.125,4489.5,North
16.875,217.125,4871.0,North
16.875,219.125,5163.5,North
16.875,221.125,1637.5,North
16.875,223.125,5263.0,North
16.875,225.125,3051.0,North
16.875,227.125,1211.5,North
16.875,229.125,5419.0,North
16.875,231.125,4379.0,North
16.875,233.125,862.0,North
16.875,235.125,1365.0,North
16.875,237.125,4295.0,North
16.875,239.125,277.5,North
16.875,241.125,2820.0,North
16.875,243.125,2675.0,North
16.875,245.125,2605.0,North
16.875,247.125,1442.5,North
16.875,249.125,1997.0,North
16.875,251.125,2024.0,North
16.875,253.125,842.5,North
16.875,255.125,1732.5,North
16.875,257.125,-289.5,North
16.875,259.125,1532.0,North
16.875,261.125,-656.5,North
16.875,263.125,-951.0,North
16.875,265.125,1910.0,North
16.875,267.125,784.5,North
16.875,269.125,-963.0,North
16.875,271.125,-2509.5,North
16.875,273.125,-1554.0,North
16.875,275.125,-1595.5,North
16.875,277.125,-244.5,North
16.875,279.125,-1311.5,North
16.875,281.125,-1412.5,North
16.875,283.125,-1721.0,North
16.875,285.125,-1582.5,North
16.875,287.125,-4148.5,North
16.875,289.125,-1882.0,North
16.875,291.125,-1984.0,North
16.875,293.125,-2075.0,North
16.875,295.125,-2138.5,North
16.875,297.125,-2108.0,North
16.875,299.125,-2054.5,North
16.875,301.125,-2151.5,North
16.875,303.125,-2000.5,North
16.875,305.125,-2048.5,North
16.875,307.125,-1874.0,North
16.875,309.125,-1779.0,North
16.875,311.125,-1770.0,North
16.875,313.125,-1586.5,North
16.875,315.125,-1644.5,North
16.875,317.125,-1593.0,North
16.875,319.125,-1506.5,North
16.875,321.125,-1493.0,North
16.875,323.125,-1444.0,North
16.875,325.125,-1279.0,North
16.875,327.125,-1032.0,North
16.875,329.125,-939.5,North
16.875,331.125,-600.5,North
16.875,333.125,902.5,North
16.875,335.125,-1400.5,North
16.875,337.125,-1604.0,North
16.875,339.125,-1623.5,North
16.875,341.125,-1674.0,North
16.875,343.125,-1561.0,North
16.875,345.125,-1690.0,North
16.875,347.125,-1687.5,North
16.875,349.125,-1711.0,North
16.875,351.125,-1710.5,North
16.875,353.125,346.5,North
16.875,355.125,923.5,North
16.875,357.125,122.0,North
16.875,359.125,-861.5,North
14.875,1.125,-1120.5,North
14.875,3.125,-1269.0,North
14.875,5.125,-1158.5,North
14.875,7.125,-899.0,North
14.875,9.125,-1853.0,North
14.875,11.125,-848.5,North
14.875,13.125,-1007.0,North
14.875,15.125,-694.0,North
14.875,17.125,-1467.0,North
14.875,19.125,-568.0,North
14.875,21.125,-1158.0,North
14.875,23.125,-1113.5,North
14.875,25.125,-2116.5,North
14.875,27.125,-1994.5,North
14.875,29.125,-1355.5,North
14.875,31.125,-974.0,North
14.875,33.125,-1195.0,North
14.875,35.125,-975.5,North
14.875,37.125,-1055.5,North
14.875,39.125,-1064.5,North
14.875,41.125,-828.5,North
14.875,43.125,-1463.0,North
14.875,45.125,-1259.0,North
14.875,47.125,-172.0,North
14.875,49.125,-2900.0,North
14.875,51.125,-3088.5,North
14.875,53.125,-3680.5,North
14.875,55.125,-3392.5,North
14.875,57.125,-3600.5,North
14.875,59.125,-3666.0,North
14.875,61.125,-3740.0,North
14.875,63.125,-3707.5,North
14.875,65.125,-3383.0,North
14.875,67.125,-3493.0,North
14.875,69.125,-3277.0,North
14.875,71.125,-2112.0,North
14.875,73.125,296.5,North
14.875,75.125,-584.5,North
14.875,77.125,-1844.0,North
14.875,79.125,-1000.0,North
14.875,81.125,-680.5,North
14.875,83.125,-2035.5,North
14.875,85.125,-1901.0,North
14.875,87.125,-1829.5,North
14.875,89.125,-2466.0,North
14.875,91.125,-1554.5,North
14.875,93.125,-1931.5,North
14.875,95.125,-1570.0,North
14.875,97.125,-2825.5,North
14.875,99.125,-2783.5,North
14.875,101.125,-1376.5,North
14.875,103.125,-466.0,North
14.875,105.125,-160.0,North
14.875,107.125,943.0,North
14.875,109.125,-2259.0,North
14.875,111.125,-2291.0,North
14.875,113.125,208.5,North
14.875,115.125,67.5,North
14.875,117.125,-1388.5,North
14.875,119.125,-1628.0,North
14.875,121.125,-2068.5,North
14.875,123.125,1662.0,North
14.875,125.125,618.5,North
14.875,127.125,1059.5,North
14.875,129.125,429.5,North
14.875,131.125,2448.0,North
14.875,133.125,396.0,North
14.875,135.125,2444.0,North
14.875,137.125,127.5,North
14.875,139.125,2887.0,North
14.875,141.125,3255.0,North
14.875,143.125,2422.5,North
14.875,145.125,3841.0,North
14.875,147.125,1186.0,North
14.875,149.125,1764.0,North
14.875,151.125,1047.0,North
14.875,153.125,1137.5,North
14.875,155.125,-110.5,North
14.875,157.125,855.0,North
14.875,159.125,-456.5,North
14.875,161.125,-554.0,North
14.875,163.125,200.0,North
14.875,165.125,3228.5,North
14.875,167.125,-188.0,North
14.875,169.125,872.5,North
14.875,171.125,-2090.5,North
14.875,173.125,1687.5,North
14.875,175.125,97.5,North
14.875,177.125,1095.0,North
14.875,179.125,1029.0,North
14.875,181.125,1030.5,North
14.875,183.125,2070.5,North
14.875,185.125,4210.5,North
14.875,187.125,4283.0,North
14.875,189.125,2345.5,North
14.875,191.125,4144.5,North
14.875,193.125,5839.0,North
14.875,195.125,5528.0,North
14.875,197.125,3795.0,North
14.875,199.125,3522.5,North
14.875,201.125,1229.5,North
14.875,203.125,3865.0,North
14.875,205.125,3402.0,North
14.875,207.125,4802.0,North
14.875,209.125,7883.0,North
14.875,211.125,7680.0,North
14.875,213.125,5993.0,North
14.875,215.125,4791.0,North
14.875,217.125,4679.0,North
14.875,219.125,4365.5,North
14.875,221.125,4811.0,North
14.875,223.125,3646.5,North
14.875,225.125,4848.0,North
14.875,227.125,5236.0,North
14.875,229.125,5337.0,North
14.875,231.125,5069.5,North
14.875,233.125,2891.0,North
14.875,235.125,3814.0,North
14.875,237.125,3418.0,North
14.875,239.125,81.0,North
14.875,241.125,3660.0,North
14.875,243.125,386.0,North
14.875,245.125,2862.5,North
14.875,247.125,1802.5,North
14.875,249.125,1609.5,North
14.875,251.125,1629.0,North
14.875,253.125,1200.5,North
14.875,255.125,2198.0,North
14.875,257.125,1585.0,North
14.875,259.125,-558.0,North
14.875,261.125,-667.0,North
14.875,263.125,-1031.0,North
14.875,265.125,656.5,North
14.875,267.125,1298.5,North
14.875,269.125,922.5,North
14.875,271.125,-1023.0,North
14.875,273.125,-588.5,North
14.875,275.125,788.5,North
14.875,277.125,111.5,North
14.875,279.125,-880.0,North
14.875,281.125,-1419.5,North
14.875,283.125,-1729.0,North
14.875,285.125,-1757.0,North
14.875,287.125,-1817.5,North
14.875,289.125,-1895.0,North
14.875,291.125,-1899.5,North
14.875,293.125,-1878.5,North
14.875,295.125,-1911.0,North
14.875,297.125,-2033.5,North
14.875,299.125,-2014.5,North
14.875,301.125,-2063.0,North
14.875,303.125,-1684.5,North
14.875,305.125,-1386.0,North
14.875,307.125,-933.0,North
14.875,309.125,-957.5,North
14.875,311.125,-1522.0,North
14.875,313.125,-1528.5,North
14.875,315.125,-1650.0,North
14.875,317.125,-1585.0,North
14.875,319.125,-1512.0,North
14.875,321.125,-1424.5,North
14.875,323.125,-1391.5,North
14.875,325.125,-1325.0,North
14.875,327.125,-1048.0,North
14.875,329.125,-979.5,North
14.875,331.125,-238.0,North
14.875,333.125,-229.0,North
14.875,335.125,-1045.5,North
14.875,337.125,-935.5,North
14.875,339.125,-1452.5,North
14.875,341.125,-1580.0,North
14.875,343.125,-1457.0,North
14.875,345.125,-1549.0,North
14.875,347.125,-1391.5,North
14.875,349.125,-2764.0,North
14.875,351.125,-1170.5,North
14.875,353.125,-1294.5,North
14.875,355.125,-511.0,North
14.875,357.125,-477.5,North
14.875,359.125,-783.5,North
12.875,1.125,-941.5,North
12.875,3.125,-1161.0,North
12.875,5.125,-1213.5,North
12.875,7.125,-969.0,North
12.875,9.125,-1045.5,North
12.875,11.125,-954.0,North
12.875,13.125,-606.0,North
12.875,15.125,263.5,North
12.875,17.125,-607.0,North
12.875,19.125,-1737.5,North
12.875,21.125,-1775.0,North
12.875,23.125,-1903.5,North
12.875,25.125,-1932.0,North
12.875,27.125,-1599.5,North
12.875,29.125,-419.0,North
12.875,31.125,-1086.5,North
12.875,33.125,-1285.5,North
12.875,35.125,-1071.0,North
12.875,37.125,-1017.5,North
12.875,39.125,-1284.5,North
12.875,41.125,-905.0,North
12.875,43.125,-254.0,North
12.875,45.125,-1003.5,North
12.875,47.125,-947.0,North
12.875,49.125,-36.0,North
12.875,51.125,-335.0,North
12.875,53.125,-3667.0,North
12.875,55.125,-3718.0,North
12.875,57.125,-3671.0,North
12.875,59.125,-3754.5,North
12.875,61.125,-3845.5,North
12.875,63.125,-3258.5,North
12.875,65.125,-1988.0,North
12.875,67.125,-2562.5,North
12.875,69.125,-2658.0,North
12.875,71.125,-625.5,North
12.875,73.125,-658.0,North
12.875,75.125,-923.0,North
12.875,77.125,-1960.5,North
12.875,79.125,-2370.5,North
12.875,81.125,-1420.0,North
12.875,83.125,-2089.0,North
12.875,85.125,-1884.5,North
12.875,87.125,-2045.0,North
12.875,89.125,-1823.0,North
12.875,91.125,-1955.5,North
12.875,93.125,-2160.0,North
12.875,95.125,-2858.5,North
12.875,97.125,-1947.5,North
12.875,99.125,-1891.0,North
12.875,101.125,-2523.5,North
12.875,103.125,1003.0,North
12.875,105.125,-3363.0,North
12.875,107.125,587.5,North
12.875,109.125,-430.5,North
12.875,111.125,226.5,North
12.875,113.125,133.5,North
12.875,115.125,-174.5,North
12.875,117.125,-114.5,North
12.875,119.125,-880.5,North
12.875,121.125,-1377.0,North
12.875,123.125,1965.0,North
12.875,125.125,189.0,North
12.875,127.125,835.0,North
12.875,129.125,498.0,North
12.875,131.125,2717.0,North
12.875,133.125,2696.5,North
12.875,135.125,2191.5,North
12.875,137.125,1756.0,North
12.875,139.125,3410.0,North
12.875,141.125,2607.5,North
12.875,143.125,2176.0,North
12.875,145.125,1011.0,North
12.875,147.125,2706.5,North
12.875,149.125,2605.0,North
12.875,151.125,-120.5,North
12.875,153.125,1495.0,North
12.875,155.125,-244.0,North
12.875,157.125,-1258.5,North
12.875,159.125,-255.5,North
12.875,161.125,1678.0,North
12.875,163.125,3007.5,North
12.875,165.125,-400.0,North
12.875,167.125,1223.5,North
12.875,169.125,1052.0,North
12.875,171.125,1012.5,North
12.875,173.125,-1807.0,North
12.875,175.125,1864.5,North
12.875,177.125,1739.5,North
12.875,179.125,1704.5,North
12.875,181.125,1242.5,North
12.875,183.125,4501.0,North
12.875,185.125,4939.0,North
12.875,187.125,2882.0,North
12.875,189.125,1579.0,North
12.875,191.125,1765.0,North
12.875,193.125,6643.5,North
12.875,195.125,6027.0,North
12.875,197.125,3424.0,North
12.875,199.125,4358.5,North
12.875,201.125,2336.0,North
12.875,203.125,4072.5,North
12.875,205.125,4264.5,North
12.875,207.125,3218.5,North
12.875,209.125,7172.0,North
12.875,211.125,6283.5,North
12.875,213.125,4869.0,North
12.875,215.125,5343.5,North
12.875,217.125,5262.0,North
12.875,219.125,4446.0,North
12.875,221.125,5533.0,North
12.875,223.125,5844.0,North
12.875,225.125,5114.5,North
12.875,227.125,2662.5,North
12.875,229.125,3389.0,North
12.875,231.125,6046.5,North
12.875,233.125,5410.5,North
12.875,235.125,3580.0,North
12.875,237.125,3791.5,North
12.875,239.125,4531.5,North
12.875,241.125,2652.5,North
12.875,243.125,2574.0,North
12.875,245.125,2689.5,North
12.875,247.125,1851.5,North
12.875,249.125,2059.5,North
12.875,251.125,1091.0,North
12.875,253.125,1988.0,North
12.875,255.125,733.0,North
12.875,257.125,1042.5,North
12.875,259.125,191.0,North
12.875,261.125,177.5,North
12.875,263.125,1439.0,North
12.875,265.125,839.0,North
12.875,267.125,1463.5,North
12.875,269.125,213.0,North
12.875,271.125,746.5,North
12.875,273.125,-2206.0,North
12.875,275.125,-1228.5,North
12.875,277.125,-2717.5,North
12.875,279.125,-801.0,North
12.875,281.125,-915.0,North
12.875,283.125,-1342.5,North
12.875,285.125,-1856.0,North
12.875,287.125,-3107.5,North
12.875,289.125,-1552.0,North
12.875,291.125,-1619.5,North
12.875,293.125,-1890.5,North
12.875,295.125,-1836.0,North
12.875,297.125,-1827.0,North
12.875,299.125,-1893.0,North
12.875,301.125,-1884.5,North
12.875,303.125,-1502.0,North
12.875,305.125,-1080.5,North
12.875,307.125,-866.5,North
12.875,309.125,-903.5,North
12.875,311.125,-1403.0,North
12.875,313.125,-1479.5,North
12.875,315.125,-1496.5,North
12.875,317.125,-1496.5,North
12.875,319.125,-1403.5,North
12.875,321.125,-1313.5,North
12.875,323.125,-1354.0,North
12.875,325.125,-1215.0,North
12.875,327.125,-940.0,North
12.875,329.125,-778.5,North
12.875,331.125,-332.5,North
12.875,333.125,-387.0,North
12.875,335.125,-688.5,North
12.875,337.125,-917.5,North
12.875,339.125,-1236.5,North
12.875,341.125,-1189.0,North
12.875,343.125,-1349.5,North
12.875,345.125,-1451.0,North
12.875,347.125,-1234.0,North
12.875,349.125,-1039.5,North
12.875,351.125,-1277.5,North
12.875,353.125,-1331.5,North
12.875,355.125,-1230.0,North
12.875,357.125,-572.0,North
12.875,359.125,-573.0,North
10.875,1.125,-887.5,North
10.875,3.125,-918.5,North
10.875,5.125,-939.5,North
10.875,7.125,-681.5,North
10.875,9.125,-923.5,North
10.875,11.125,-645.5,North
10.875,13.125,-171.0,North
10.875,15.125,-60.5,North
10.875,17.125,-1011.5,North
10.875,19.125,-1515.0,North
10.875,21.125,-1787.5,North
10.875,23.125,-1744.0,North
10.875,25.125,-1645.5,North
10.875,27.125,-1350.0,North
10.875,29.125,-1174.0,North
10.875,31.125,-851.5,North
10.875,33.125,-948.5,North
10.875,35.125,-603.5,North
10.875,37.125,-363.0,North
10.875,39.125,-822.0,North
10.875,41.125,-977.0,North
10.875,43.125,-1262.5,North
10.875,45.125,-1286.5,North
10.875,47.125,-802.5,North
10.875,49.125,-1620.5,North
10.875,51.125,-328.5,North
10.875,53.125,-1239.0,North
10.875,55.125,-3593.5,North
10.875,57.125,-3632.5,North
10.875,59.125,-3567.0,North
10.875,61.125,-3619.0,North
10.875,63.125,-692.0,North
10.875,65.125,-1479.5,North
10.875,67.125,-2094.5,North
10.875,69.125,-959.5,North
10.875,71.125,5.0,North
10.875,73.125,-1255.5,North
10.875,75.125,-1704.5,North
10.875,77.125,-1846.0,North
10.875,79.125,-1459.0,North
10.875,81.125,-1755.5,North
10.875,83.125,-948.5,North
10.875,85.125,-2058.5,North
10.875,87.125,-1885.0,North
10.875,89.125,-2054.0,North
10.875,91.125,-2132.5,North
10.875,93.125,-2152.0,North
10.875,95.125,-1725.5,North
10.875,97.125,-2931.5,North
10.875,99.125,-1208.5,North
10.875,101.125,369.5,North
10.875,103.125,-1975.5,North
10.875,105.125,-36.5,North
10.875,107.125,-523.5,North
10.875,109.125,455.0,North
10.875,111.125,143.0,North
10.875,113.125,-1038.5,North
10.875,115.125,62.0,North
10.875,117.125,-2104.5,North
10.875,119.125,1804.5,North
10.875,121.125,-1742.0,North
10.875,123.125,-756.0,North
10.875,125.125,2063.0,North
10.875,127.125,1474.0,North
10.875,129.125,2994.5,North
10.875,131.125,629.0,North
10.875,133.125,2951.5,North
10.875,135.125,3247.5,North
10.875,137.125,3223.5,North
10.875,139.125,3971.0,North
10.875,141.125,3568.5,North
10.875,143.125,3708.0,North
10.875,145.125,3163.5,North
10.875,147.125,2194.5,North
10.875,149.125,1826.0,North
10.875,151.125,556.0,North
10.875,153.125,948.0,North
10.875,155.125,1314.0,North
10.875,157.125,1137.5,North
10.875,159.125,697.5,North
10.875,161.125,579.5,North
10.875,163.125,302.0,North
10.875,165.125,2799.5,North
10.875,167.125,2908.0,North
10.875,169.125,1151.5,North
10.875,171.125,-49.5,North
10.875,173.125,1856.5,North
10.875,175.125,785.5,North
10.875,177.125,929.0,North
10.875,179.125,2482.0,North
10.875,181.125,3712.5,North
10.875,183.125,5157.5,North
10.875,185.125,4925.0,North
10.875,187.125,6093.0,North
10.875,189.125,3429.5,North
10.875,191.125,5850.0,North
10.875,193.125,7033.5,North
10.875,195.125,6308.5,North
10.875,197.125,3899.5,North
10.875,199.125,4231.0,North
10.875,201.125,5601.5,North
10.875,203.125,5682.5,North
10.875,205.125,4342.5,North
10.875,207.125,5800.5,North
10.875,209.125,6953.0,North
10.875,211.125,6651.5,North
10.875,213.125,5812.5,North
10.875,215.125,2258.0,North
10.875,217.125,5598.5,North
10.875,219.125,5102.0,North
10.875,221.125,5516.0,North
10.875,223.125,4494.5,North
10.875,225.125,6062.0,North
10.875,227.125,3315.0,North
10.875,229.125,3426.0,North
10.875,231.125,5147.0,North
10.875,233.125,5318.0,North
10.875,235.125,5273.5,North
10.875,237.125,4090.0,North
10.875,239.125,3196.0,North
10.875,241.125,3659.5,North
10.875,243.125,3223.0,North
10.875,245.125,-998.5,North
10.875,247.125,2360.0,North
10.875,249.125,1071.0,North
10.875,251.125,616.0,North
10.875,253.125,2345.0,North
10.875,255.125,753.0,North
10.875,257.125,1495.5,North
10.875,259.125,660.5,North
10.875,261.125,1306.0,North
10.875,263.125,1175.5,North
10.875,265.125,1921.5,North
10.875,267.125,442.5,North
10.875,269.125,1376.0,North
10.875,271.125,-15.5,North
10.875,273.125,182.0,North
10.875,275.125,-648.5,North
10.875,277.125,-888.0,North
10.875,279.125,-1073.0,North
10.875,281.125,-461.5,North
10.875,283.125,-1220.0,North
10.875,285.125,-1951.0,North
10.875,287.125,-1675.0,North
10.875,289.125,-1563.0,North
10.875,291.125,-1551.5,North
10.875,293.125,-1721.0,North
10.875,295.125,-1833.0,North
10.875,297.125,-1581.0,North
10.875,299.125,-1781.5,North
10.875,301.125,-1831.5,North
10.875,303.125,-1599.0,North
10.875,305.125,-1235.0,North
10.875,307.125,-1113.5,North
10.875,309.125,-1384.0,North
10.875,311.125,-1499.5,North
10.875,313.125,-1442.0,North
10.875,315.125,-1417.0,North
10.875,317.125,-1383.5,North
10.875,319.125,-1277.5,North
10.875,321.125,-1167.0,North
10.875,323.125,-1201.5,North
10.875,325.125,-1074.5,North
10.875,327.125,-1040.0,North
10.875,329.125,-1006.0,North
10.875,331.125,-803.0,North
10.875,333.125,-379.5,North
10.875,335.125,-312.0,North
10.875,337.125,-889.0,North
10.875,339.125,-272.0,North
10.875,341.125,191.5,North
10.875,343.125,-1133.5,North
10.875,345.125,-1265.5,North
10.875,347.125,-1271.5,North
10.875,349.125,-1185.0,North
10.875,351.125,-1274.5,North
10.875,353.125,-1252.5,North
10.875,355.125,-1041.0,North
10.875,357.125,-756.5,North
10.875,359.125,-645.5,North
8.875,1.125,410.0,North
8.875,3.125,-288.0,North
8.875,5.125,-775.5,North
8.875,7.125,-580.5,North
8.875,9.125,-610.5,North
8.875,11.125,-381.5,North
8.875,13.125,-125.0,North
8.875,15.125,-566.5,North
8.875,17.125,-506.0,North
8.875,19.125,-1255.0,North
8.875,21.125,-1869.0,North
8.875,23.125,-1949.0,North
8.875,25.125,-2110.5,North
8.875,27.125,-1263.5,North
8.875,29.125,-1118.5,North
8.875,31.125,-931.5,North
8.875,33.125,-784.5,North
8.875,35.125,-802.0,North
8.875,37.125,-777.0,North
8.875,39.125,-779.5,North
8.875,41.125,-1088.5,North
8.875,43.125,-1251.0,North
8.875,45.125,-1371.0,North
8.875,47.125,-1563.5,North
8.875,49.125,-1219.5,North
8.875,51.125,-1902.0,North
8.875,53.125,-1711.5,North
8.875,55.125,-1481.5,North
8.875,57.125,-1042.5,North
8.875,59.125,-1387.5,North
8.875,61.125,509.0,North
8.875,63.125,-1277.5,North
8.875,65.125,-1379.0,North
8.875,67.125,-1029.0,North
8.875,69.125,-646.5,North
8.875,71.125,-514.5,North
8.875,73.125,548.0,North
8.875,75.125,-499.5,North
8.875,77.125,-1349.5,North
8.875,79.125,-2109.0,North
8.875,81.125,-3004.5,North
8.875,83.125,-4003.5,North
8.875,85.125,-4039.0,North
8.875,87.125,-804.0,North
8.875,89.125,-4821.0,North
8.875,91.125,-1707.0,North
8.875,93.125,-1485.5,North
8.875,95.125,-2050.5,North
8.875,97.125,-451.0,North
8.875,99.125,607.5,North
8.875,101.125,-960.5,North
8.875,103.125,-2634.5,North
8.875,105.125,-1101.5,North
8.875,107.125,-1260.5,North
8.875,109.125,50.0,North
8.875,111.125,16.5,North
8.875,113.125,-1988.0,North
8.875,115.125,556.5,North
8.875,117.125,936.5,North
8.875,119.125,2428.5,North
8.875,121.125,1215.5,North
8.875,123.125,2148.5,North
8.875,125.125,1116.5,North
8.875,127.125,-813.5,North
8.875,129.125,2554.0,North
8.875,131.125,1001.5,North
8.875,133.125,3648.0,North
8.875,135.125,4496.0,North
8.875,137.125,5360.5,North
8.875,139.125,-1107.0,North
8.875,141.125,-1288.5,North
8.875,143.125,-1297.0,North
8.875,145.125,1579.5,North
8.875,147.125,1530.0,North
8.875,149.125,1480.0,North
8.875,151.125,1293.0,North
8.875,153.125,1598.0,North
8.875,155.125,1925.0,North
8.875,157.125,1017.0,North
8.875,159.125,1479.0,North
8.875,161.125,2070.5,North
8.875,163.125,1697.0,North
8.875,165.125,3609.0,North
8.875,167.125,2231.5,North
8.875,169.125,829.5,North
8.875,171.125,1972.0,North
8.875,173.125,4937.0,North
8.875,175.125,2915.5,North
8.875,177.125,1906.0,North
8.875,179.125,5554.5,North
8.875,181.125,3240.5,North
8.875,183.125,3424.5,North
8.875,185.125,1156.0,North
8.875,187.125,5167.5,North
8.875,189.125,2902.0,North
8.875,191.125,3746.5,North
8.875,193.125,6719.5,North
8.875,195.125,7384.0,North
8.875,197.125,4576.0,North
8.875,199.125,4919.5,North
8.875,201.125,3042.0,North
8.875,203.125,2490.0,North
8.875,205.125,4367.0,North
8.875,207.125,7714.0,North
8.875,209.125,6138.5,North
8.875,211.125,6221.0,North
8.875,213.125,5324.0,North
8.875,215.125,4838.5,North
8.875,217.125,5474.0,North
8.875,219.125,5284.0,North
8.875,221.125,5503.0,North
8.875,223.125,6040.0,North
8.875,225.125,5518.5,North
8.875,227.125,3606.5,North
8.875,229.125,2721.5,North
8.875,231.125,3094.0,North
8.875,233.125,2505.5,North
8.875,235.125,4181.5,North
8.875,237.125,5318.5,North
8.875,239.125,5769.5,North
8.875,241.125,4096.5,North
8.875,243.125,2940.0,North
8.875,245.125,2979.0,North
8.875,247.125,1743.0,North
8.875,249.125,2169.0,North
8.875,251.125,3353.0,North
8.875,253.125,1134.0,North
8.875,255.125,1217.5,North
8.875,257.125,1247.5,North
8.875,259.125,512.0,North
8.875,261.125,1739.0,North
8.875,263.125,-367.5,North
8.875,265.125,1243.0,North
8.875,267.125,2416.5,North
8.875,269.125,-1942.5,North
8.875,271.125,-45.5,North
8.875,273.125,-974.5,North
8.875,275.125,-745.5,North
8.875,277.125,-1007.5,North
8.875,279.125,-1176.5,North
8.875,281.125,-343.0,North
8.875,283.125,-715.5,North
8.875,285.125,-1611.5,North
8.875,287.125,-1680.0,North
8.875,289.125,-1038.5,North
8.875,291.125,-1519.5,North
8.875,293.125,-1697.0,North
8.875,295.125,-1646.0,North
8.875,297.125,-1672.0,North
8.875,299.125,-1607.5,North
8.875,301.125,-1767.0,North
8.875,303.125,-1754.5,North
8.875,305.125,-1595.0,North
8.875,307.125,-1442.0,North
8.875,309.125,-1445.0,North
8.875,311.125,-1362.0,North
8.875,313.125,-1452.0,North
8.875,315.125,-1420.5,North
8.875,317.125,-1358.5,North
8.875,319.125,-1154.0,North
8.875,321.125,-956.5,North
8.875,323.125,-1103.0,North
8.875,325.125,-1205.0,North
8.875,327.125,-1087.5,North
8.875,329.125,-939.0,North
8.875,331.125,-909.5,North
8.875,333.125,-160.0,North
8.875,335.125,-568.0,North
8.875,337.125,-706.5,North
8.875,339.125,-1752.0,North
8.875,341.125,-611.0,North
8.875,343.125,-1018.5,North
8.875,345.125,-1204.0,North
8.875,347.125,-1166.5,North
8.875,349.125,-1094.5,North
8.875,351.125,-1073.5,North
8.875,353.125,-1044.0,North
8.875,355.125,-741.5,North
8.875,357.125,-751.0,North
8.875,359.125,316.0,North
6.875,1.125,-640.0,North
6.875,3.125,-740.0,North
6.875,5.125,-195.5,North
6.875,7.125,-336.0,North
6.875,9.125,-89.5,North
6.875,11.125,-373.5,North
6.875,13.125,-422.5,North
6.875,15.125,-799.0,North
6.875,17.125,-314.5,North
6.875,19.125,-990.0,North
6.875,21.125,-1792.5,North
6.875,23.125,-1893.0,North
6.875,25.125,-1946.0,North
6.875,27.125,-1834.0,North
6.875,29.125,-1352.5,North
6.875,31.125,-1025.0,North
6.875,33.125,-806.5,North
6.875,35.125,-664.5,North
6.875,37.125,-859.5,North
6.875,39.125,-842.5,North
6.875,41.125,-835.0,North
6.875,43.125,-974.0,North
6.875,45.125,-1726.5,North
6.875,47.125,-2015.0,North
6.875,49.125,-1990.5,North
6.875,51.125,-2041.0,North
6.875,53.125,-1039.0,North
6.875,55.125,-1957.0,North
6.875,57.125,-1622.0,North
6.875,59.125,-1825.0,North
6.875,61.125,-609.0,North
6.875,63.125,-1916.0,North
6.875,65.125,-531.0,North
6.875,67.125,-793.0,North
6.875,69.125,-338.5,North
6.875,71.125,-182.0,North
6.875,73.125,-64.5,North
6.875,75.125,761.5,North
6.875,77.125,-1631.0,North
6.875,79.125,-1288.5,North
6.875,81.125,-820.0,North
6.875,83.125,-221.0,North
6.875,85.125,-2637.5,North
6.875,87.125,-2049.5,North
6.875,89.125,-2619.5,North
6.875,91.125,-2005.5,North
6.875,93.125,-1445.0,North
6.875,95.125,-1080.5,North
6.875,97.125,-1017.5,North
6.875,99.125,354.0,North
6.875,101.125,491.0,North
6.875,103.125,-510.5,North
6.875,105.125,91.0,North
6.875,107.125,-3682.0,North
6.875,109.125,231.0,North
6.875,111.125,237.0,North
6.875,113.125,964.5,North
6.875,115.125,823.0,North
6.875,117.125,1197.0,North
6.875,119.125,-1282.0,North
6.875,121.125,-53.5,North
6.875,123.125,-400.0,North
6.875,125.125,2283.0,North
6.875,127.125,591.5,North
6.875,129.125,2577.5,North
6.875,131.125,3200.0,North
6.875,133.125,3354.5,North
6.875,135.125,4188.5,North
6.875,137.125,227.0,North
6.875,139.125,-1105.0,North
6.875,141.125,-1243.0,North
6.875,143.125,-1075.0,North
6.875,145.125,-657.0,North
6.875,147.125,3073.5,North
6.875,149.125,1537.0,North
6.875,151.125,2392.0,North
6.875,153.125,2258.0,North
6.875,155.125,528.0,North
6.875,157.125,513.5,North
6.875,159.125,3138.0,North
6.875,161.125,-866.5,North
6.875,163.125,-756.0,North
6.875,165.125,2056.5,North
6.875,167.125,294.0,North
6.875,169.125,-42.5,North
6.875,171.125,2765.5,North
6.875,173.125,5460.0,North
6.875,175.125,3126.0,North
6.875,177.125,1484.0,North
6.875,179.125,3704.5,North
6.875,181.125,3666.5,North
6.875,183.125,2233.0,North
6.875,185.125,3353.0,North
6.875,187.125,4301.0,North
6.875,189.125,4617.5,North
6.875,191.125,5417.0,North
6.875,193.125,3607.0,North
6.875,195.125,7605.0,North
6.875,197.125,7058.5,North
6.875,199.125,7609.0,North
6.875,201.125,3796.0,North
6.875,203.125,4396.0,North
6.875,205.125,7661.0,North
6.875,207.125,7245.0,North
6.875,209.125,4062.0,North
6.875,211.125,3456.0,North
6.875,213.125,5593.5,North
6.875,215.125,5496.0,North
6.875,217.125,4804.5,North
6.875,219.125,5568.0,North
6.875,221.125,5487.0,North
6.875,223.125,6262.5,North
6.875,225.125,4046.5,North
6.875,227.125,2442.5,North
6.875,229.125,2651.5,North
6.875,231.125,2939.0,North
6.875,233.125,1744.0,North
6.875,235.125,1895.0,North
6.875,237.125,1808.0,North
6.875,239.125,804.5,North
6.875,241.125,5446.5,North
6.875,243.125,3754.5,North
6.875,245.125,2129.0,North
6.875,247.125,2263.0,North
6.875,249.125,2943.5,North
6.875,251.125,-491.5,North
6.875,253.125,1475.0,North
6.875,255.125,2242.0,North
6.875,257.125,1332.0,North
6.875,259.125,1745.5,North
6.875,261.125,2550.5,North
6.875,263.125,2291.5,North
6.875,265.125,2611.5,North
6.875,267.125,-774.5,North
6.875,269.125,83.0,North
6.875,271.125,787.0,North
6.875,273.125,295.0,North
6.875,275.125,-662.0,North
6.875,277.125,-609.5,North
6.875,279.125,393.5,North
6.875,281.125,-622.5,North
6.875,283.125,-2101.5,North
6.875,285.125,-573.5,North
6.875,287.125,-1281.5,North
6.875,289.125,-1485.5,North
6.875,291.125,-1028.5,North
6.875,293.125,-1083.0,North
6.875,295.125,-1517.0,North
6.875,297.125,-1674.5,North
6.875,299.125,-1564.0,North
6.875,301.125,-1825.0,North
6.875,303.125,-1872.5,North
6.875,305.125,-3264.5,North
6.875,307.125,-1562.0,North
6.875,309.125,-1369.0,North
6.875,311.125,-1389.0,North
6.875,313.125,-1453.5,North
6.875,315.125,-1417.5,North
6.875,317.125,-1368.5,North
6.875,319.125,-1255.5,North
6.875,321.125,-803.0,North
6.875,323.125,-1054.0,North
6.875,325.125,-1109.5,North
6.875,327.125,-1157.5,North
6.875,329.125,-964.0,North
6.875,331.125,-800.5,North
6.875,333.125,-821.5,North
6.875,335.125,-858.5,North
6.875,337.125,-942.5,North
6.875,339.125,-840.5,North
6.875,341.125,-852.5,North
6.875,343.125,-1121.0,North
6.875,345.125,-1047.0,North
6.875,347.125,-1004.0,North
6.875,349.125,-1083.0,North
6.875,351.125,-1008.5,North
6.875,353.125,-668.0,North
6.875,355.125,-430.5,North
6.875,357.125,-377.5,North
6.875,359.125,441.5,North
4.875,1.125,-837.5,North
4.875,3.125,-978.5,North
4.875,5.125,-461.5,North
4.875,7.125,-744.0,North
4.875,9.125,-742.5,North
4.875,11.125,748.0,North
4.875,13.125,-390.5,North
4.875,15.125,-796.5,North
4.875,17.125,-338.5,North
4.875,19.125,-910.5,North
4.875,21.125,-1663.5,North
4.875,23.125,-2173.5,North
4.875,25.125,-2002.0,North
4.875,27.125,-1885.5,North
4.875,29.125,-1557.5,North
4.875,31.125,-1061.0,North
4.875,33.125,-714.0,North
4.875,35.125,-627.5,North
4.875,37.125,-865.5,North
4.875,39.125,-858.5,North
4.875,41.125,-1314.5,North
4.875,43.125,-1101.5,North
4.875,45.125,-1859.5,North
4.875,47.125,-2266.0,North
4.875,49.125,-2283.0,North
4.875,51.125,-2286.5,North
4.875,53.125,-2119.5,North
4.875,55.125,-1727.0,North
4.875,57.125,-3329.0,North
4.875,59.125,-1238.0,North
4.875,61.125,-2423.0,North
4.875,63.125,473.0,North
4.875,65.125,490.5,North
4.875,67.125,1394.0,North
4.875,69.125,-498.0,North
4.875,71.125,-401.5,North
4.875,73.125,986.0,North
4.875,75.125,-2479.0,North
4.875,77.125,-720.0,North
4.875,79.125,-2317.0,North
4.875,81.125,-982.0,North
4.875,83.125,-609.0,North
4.875,85.125,-1536.0,North
4.875,87.125,-3823.5,North
4.875,89.125,-3402.0,North
4.875,91.125,-2568.5,North
4.875,93.125,-2998.0,North
4.875,95.125,-2647.5,North
4.875,97.125,-630.0,North
4.875,99.125,-335.5,North
4.875,101.125,-135.5,North
4.875,103.125,-1924.5,North
4.875,105.125,-709.5,North
4.875,107.125,271.0,North
4.875,109.125,1254.0,North
4.875,111.125,-1263.5,North
4.875,113.125,1958.0,North
4.875,115.125,898.0,North
4.875,117.125,742.0,North
4.875,119.125,2100.0,North
4.875,121.125,-1483.5,North
4.875,123.125,717.0,North
4.875,125.125,-699.0,North
4.875,127.125,-1899.0,North
4.875,129.125,3479.5,North
4.875,131.125,3501.5,North
4.875,133.125,4135.5,North
4.875,135.125,5606.0,North
4.875,137.125,-257.5,North
4.875,139.125,-1038.0,North
4.875,141.125,-1097.5,North
4.875,143.125,-950.5,North
4.875,145.125,-1210.0,North
4.875,147.125,-358.0,North
4.875,149.125,3326.5,North
4.875,151.125,-405.0,North
4.875,153.125,954.0,North
4.875,155.125,1342.0,North
4.875,157.125,855.0,North
4.875,159.125,2353.0,North
4.875,161.125,197.0,North
4.875,163.125,-28.0,North
4.875,165.125,2000.5,North
4.875,167.125,1423.5,North
4.875,169.125,1939.5,North
4.875,171.125,1808.5,North
4.875,173.125,1619.5,North
4.875,175.125,2708.5,North
4.875,177.125,3103.5,North
4.875,179.125,3675.0,North
4.875,181.125,3360.0,North
4.875,183.125,2213.0,North
4.875,185.125,4484.5,North
4.875,187.125,4558.5,North
4.875,189.125,3872.0,North
4.875,191.125,4173.5,North
4.875,193.125,5445.5,North
4.875,195.125,6357.5,North
4.875,197.125,6805.0,North
4.875,199.125,7322.5,North
4.875,201.125,9418.5,North
4.875,203.125,8159.5,North
4.875,205.125,6808.5,North
4.875,207.125,6691.0,North
4.875,209.125,3936.0,North
4.875,211.125,3197.0,North
4.875,213.125,7375.5,North
4.875,215.125,5699.5,North
4.875,217.125,5038.5,North
4.875,219.125,6821.0,North
4.875,221.125,4101.0,North
4.875,223.125,4314.5,North
4.875,225.125,3187.0,North
4.875,227.125,2986.5,North
4.875,229.125,1847.5,North
4.875,231.125,1187.0,North
4.875,233.125,1858.0,North
4.875,235.125,2575.5,North
4.875,237.125,3613.5,North
4.875,239.125,5276.0,North
4.875,241.125,4987.5,North
4.875,243.125,5575.0,North
4.875,245.125,3818.0,North
4.875,247.125,2498.5,North
4.875,249.125,2265.0,North
4.875,251.125,1709.0,North
4.875,253.125,2925.5,North
4.875,255.125,3145.0,North
4.875,257.125,2170.5,North
4.875,259.125,1800.0,North
4.875,261.125,1367.5,North
4.875,263.125,1123.0,North
4.875,265.125,901.0,North
4.875,267.125,2967.0,North
4.875,269.125,2859.5,North
4.875,271.125,1880.0,North
4.875,273.125,-245.0,North
4.875,275.125,-149.0,North
4.875,277.125,-457.5,North
4.875,279.125,-1470.0,North
4.875,281.125,324.0,North
4.875,283.125,169.5,North
4.875,285.125,545.0,North
4.875,287.125,-607.0,North
4.875,289.125,-1349.5,North
4.875,291.125,-643.0,North
4.875,293.125,-3492.0,North
4.875,295.125,-1546.0,North
4.875,297.125,-1670.0,North
4.875,299.125,-1670.5,North
4.875,301.125,-1761.0,North
4.875,303.125,-1916.0,North
4.875,305.125,-1764.5,North
4.875,307.125,-1767.5,North
4.875,309.125,-1633.0,North
4.875,311.125,-1576.0,North
4.875,313.125,-1400.5,North
4.875,315.125,-1305.5,North
4.875,317.125,-1366.0,North
4.875,319.125,-1286.0,North
4.875,321.125,-1272.0,North
4.875,323.125,-1384.0,North
4.875,325.125,-1363.0,North
4.875,327.125,-1126.5,North
4.875,329.125,-1132.0,North
4.875,331.125,-1228.0,North
4.875,333.125,-1042.0,North
4.875,335.125,-1109.0,North
4.875,337.125,-1037.0,North
4.875,339.125,-886.5,North
4.875,341.125,-808.5,North
4.875,343.125,-920.5,North
4.875,345.125,-978.0,North
4.875,347.125,-912.5,North
4.875,349.125,-1194.0,North
4.875,351.125,-326.5,North
4.875,353.125,-519.5,North
4.875,355.125,-925.5,North
4.875,357.125,360.0,North
4.875,359.125,-789.0,North
2.875,1.125,-914.5,North
2.875,3.125,-788.0,North
2.875,5.125,-661.0,North
2.875,7.125,-583.5,North
2.875,9.125,280.5,North
2.875,11.125,-493.0,North
2.875,13.125,-611.0,North
2.875,15.125,-412.5,North
2.875,17.125,-1214.5,North
2.875,19.125,-751.5,North
2.875,21.125,-1509.5,North
2.875,23.125,-2042.5,North
2.875,25.125,-2136.0,North
2.875,27.125,-1979.5,North
2.875,29.125,-1734.0,North
2.875,31.125,-1505.5,North
2.875,33.125,-944.0,North
2.875,35.125,-805.5,North
2.875,37.125,-951.5,North
2.875,39.125,-1126.5,North
2.875,41.125,-1100.0,North
2.875,43.125,-633.0,North
2.875,45.125,-1848.5,North
2.875,47.125,-2052.5,North
2.875,49.125,-2564.0,North
2.875,51.125,-2533.0,North
2.875,53.125,-2213.5,North
2.875,55.125,-2114.0,North
2.875,57.125,-1709.0,North
2.875,59.125,-2361.5,North
2.875,61.125,-2048.0,North
2.875,63.125,-727.0,North
2.875,65.125,-2056.5,North
2.875,67.125,-968.0,North
2.875,69.125,-988.5,North
2.875,71.125,-1389.0,North
2.875,73.125,-1073.0,North
2.875,75.125,147.5,North
2.875,77.125,-1394.5,North
2.875,79.125,-1118.0,North
2.875,81.125,-3238.0,North
2.875,83.125,-3051.5,North
2.875,85.125,-3885.5,North
2.875,87.125,-3480.0,North
2.875,89.125,-3705.5,North
2.875,91.125,-3918.5,North
2.875,93.125,-2346.0,North
2.875,95.125,-42.5,North
2.875,97.125,-2391.0,North
2.875,99.125,104.0,North
2.875,101.125,1165.5,North
2.875,103.125,353.5,North
2.875,105.125,363.5,North
2.875,107.125,927.0,North
2.875,109.125,1732.0,North
2.875,111.125,-323.0,North
2.875,113.125,39.0,North
2.875,115.125,793.5,North
2.875,117.125,1641.0,North
2.875,119.125,884.0,North
2.875,121.125,2011.0,North
2.875,123.125,1871.5,North
2.875,125.125,448.5,North
2.875,127.125,1290.5,North
2.875,129.125,2354.5,North
2.875,131.125,1223.0,North
2.875,133.125,1139.5,North
2.875,135.125,1714.5,North
2.875,137.125,1806.5,North
2.875,139.125,-1053.0,North
2.875,141.125,-841.5,North
2.875,143.125,-964.0,North
2.875,145.125,1093.5,North
2.875,147.125,4047.0,North
2.875,149.125,1525.5,North
2.875,151.125,1176.5,North
2.875,153.125,773.0,North
2.875,155.125,2958.0,North
2.875,157.125,1689.0,North
2.875,159.125,-62.5,North
2.875,161.125,3603.5,North
2.875,163.125,2636.5,North
2.875,165.125,1958.5,North
2.875,167.125,875.0,North
2.875,169.125,1960.5,North
2.875,171.125,120.5,North
2.875,173.125,832.0,North
2.875,175.125,827.5,North
2.875,177.125,1459.0,North
2.875,179.125,3611.5,North
2.875,181.125,3566.0,North
2.875,183.125,1328.0,North
2.875,185.125,4238.5,North
2.875,187.125,4564.5,North
2.875,189.125,5288.0,North
2.875,191.125,5563.5,North
2.875,193.125,5455.0,North
2.875,195.125,6396.0,North
2.875,197.125,7406.0,North
2.875,199.125,9548.5,North
2.875,201.125,8522.0,North
2.875,203.125,8352.5,North
2.875,205.125,6109.5,North
2.875,207.125,6199.0,North
2.875,209.125,5194.5,North
2.875,211.125,7205.5,North
2.875,213.125,3639.5,North
2.875,215.125,6413.5,North
2.875,217.125,6612.0,North
2.875,219.125,4861.0,North
2.875,221.125,7256.0,North
2.875,223.125,4404.5,North
2.875,225.125,2755.0,North
2.875,227.125,3727.0,North
2.875,229.125,1294.0,North
2.875,231.125,847.0,North
2.875,233.125,2361.0,North
2.875,235.125,2892.0,North
2.875,237.125,2012.5,North
2.875,239.125,3102.5,North
2.875,241.125,4618.0,North
2.875,243.125,2152.5,North
2.875,245.125,1987.5,North
2.875,247.125,3563.5,North
2.875,249.125,2218.5,North
2.875,251.125,2553.5,North
2.875,253.125,3252.0,North
2.875,255.125,3038.0,North
2.875,257.125,2130.5,North
2.875,259.125,1676.0,North
2.875,261.125,2840.5,North
2.875,263.125,2853.5,North
2.875,265.125,2656.0,North
2.875,267.125,1537.0,North
2.875,269.125,1679.5,North
2.875,271.125,1673.0,North
2.875,273.125,1507.5,North
2.875,275.125,-47.5,North
2.875,277.125,156.5,North
2.875,279.125,218.5,North
2.875,281.125,1798.0,North
2.875,283.125,-633.0,North
2.875,285.125,-150.0,North
2.875,287.125,-100.0,North
2.875,289.125,-685.5,North
2.875,291.125,-618.5,North
2.875,293.125,-1574.5,North
2.875,295.125,-1642.0,North
2.875,297.125,-1801.5,North
2.875,299.125,-1474.5,North
2.875,301.125,-1746.0,North
2.875,303.125,-1927.5,North
2.875,305.125,-1977.0,North
2.875,307.125,-1901.5,North
2.875,309.125,-1885.5,North
2.875,311.125,-1718.5,North
2.875,313.125,-1532.0,North
2.875,315.125,-1426.0,North
2.875,317.125,-1423.0,North
2.875,319.125,-858.0,North
2.875,321.125,-1429.0,North
2.875,323.125,-1457.5,North
2.875,325.125,-1333.0,North
2.875,327.125,-1222.0,North
2.875,329.125,-1224.5,North
2.875,331.125,-1326.5,North
2.875,333.125,-1299.5,North
2.875,335.125,-1103.0,North
2.875,337.125,-2645.0,North
2.875,339.125,-853.0,North
2.875,341.125,-990.5,North
2.875,343.125,-995.5,North
2.875,345.125,-938.0,North
2.875,347.125,-1151.5,North
2.875,349.125,-1130.0,North
2.875,351.125,-900.0,North
2.875,353.125,-962.0,North
2.875,355.125,-889.0,North
2.875,357.125,-656.5,North
2.875,359.125,-611.0,North
0.875,1.125,-814.0,North
0.875,3.125,-765.0,North
0.875,5.125,688.0,North
0.875,7.125,1211.0,North
0.875,9.125,1145.0,North
0.875,11.125,-244.0,North
0.875,13.125,-526.0,North
0.875,15.125,417.5,North
0.875,17.125,-784.0,North
0.875,19.125,-1052.5,North
0.875,21.125,-1299.0,North
0.875,23.125,-1819.0,North
0.875,25.125,-2010.5,North
0.875,27.125,-1962.5,North
0.875,29.125,-2123.0,North
0.875,31.125,-1869.5,North
0.875,33.125,-751.5,North
0.875,35.125,-1170.0,North
0.875,37.125,-993.0,North
0.875,39.125,-1364.5,North
0.875,41.125,-1434.0,North
0.875,43.125,-1256.5,North
0.875,45.125,-1521.0,North
0.875,47.125,-1574.5,North
0.875,49.125,-2120.0,North
0.875,51.125,-2097.0,North
0.875,53.125,-2365.5,North
0.875,55.125,-2482.0,North
0.875,57.125,-2290.0,North
0.875,59.125,-2267.0,North
0.875,61.125,-1663.5,North
0.875,63.125,-1860.5,North
0.875,65.125,-1771.5,North
0.875,67.125,-1555.0,North
0.875,69.125,-423.0,North
0.875,71.125,-673.0,North
0.875,73.125,-1592.5,North
0.875,75.125,-844.0,North
0.875,77.125,98.5,North
0.875,79.125,-54.0,North
0.875,81.125,-1857.5,North
0.875,83.125,-3561.0,North
0.875,85.125,-3968.0,North
0.875,87.125,-3961.5,North
0.875,89.125,-3911.5,North
0.875,91.125,-3743.0,North
0.875,93.125,-2920.5,North
0.875,95.125,-822.5,North
0.875,97.125,-1171.5,North
0.875,99.125,-232.0,North
0.875,101.125,908.0,North
0.875,103.125,1492.5,North
0.875,105.125,1358.5,North
0.875,107.125,1187.5,North
0.875,109.125,1881.0,North
0.875,111.125,2151.0,North
0.875,113.125,-2570.0,North
0.875,115.125,1063.5,North
0.875,117.125,-459.5,North
0.875,119.125,772.0,North
0.875,121.125,1767.5,North
0.875,123.125,2346.0,North
0.875,125.125,3556.0,North
0.875,127.125,3469.0,North
0.875,129.125,3675.5,North
0.875,131.125,2545.5,North
0.875,133.125,4307.5,North
0.875,135.125,4394.0,North
0.875,137.125,4458.0,North
0.875,139.125,2402.5,North
0.875,141.125,688.0,North
0.875,143.125,-686.5,North
0.875,145.125,4108.0,North
0.875,147.125,2013.0,North
0.875,149.125,2169.0,North
0.875,151.125,2360.5,North
0.875,153.125,2553.5,North
0.875,155.125,-351.0,North
0.875,157.125,1720.5,North
0.875,159.125,2051.0,North
0.875,161.125,3257.0,North
0.875,163.125,726.0,North
0.875,165.125,2189.0,North
0.875,167.125,887.5,North
0.875,169.125,-372.0,North
0.875,171.125,-1428.5,North
0.875,173.125,2532.0,North
0.875,175.125,1002.0,North
0.875,177.125,2664.0,North
0.875,179.125,2478.0,North
0.875,181.125,1999.0,North
0.875,183.125,403.5,North
0.875,185.125,2478.5,North
0.875,187.125,4216.0,North
0.875,189.125,2131.5,North
0.875,191.125,5396.0,North
0.875,193.125,6054.0,North
0.875,195.125,6580.0,North
0.875,197.125,8253.0,North
0.875,199.125,5894.0,North
0.875,201.125,3161.0,North
0.875,203.125,2850.5,North
0.875,205.125,4299.5,North
0.875,207.125,7465.0,North
0.875,209.125,6293.0,North
0.875,211.125,6623.5,North
0.875,213.125,7352.5,North
0.875,215.125,6249.5,North
0.875,217.125,4205.0,North
0.875,219.125,6566.0,North
0.875,221.125,8593.0,North
0.875,223.125,3178.5,North
0.875,225.125,1127.0,North
0.875,227.125,2990.0,North
0.875,229.125,1396.5,North
0.875,231.125,1390.5,North
0.875,233.125,1699.5,North
0.875,235.125,3066.5,North
0.875,237.125,1805.0,North
0.875,239.125,2701.0,North
0.875,241.125,4969.5,North
0.875,243.125,5222.5,North
0.875,245.125,3411.0,North
0.875,247.125,3950.0,North
0.875,249.125,2738.0,North
0.875,251.125,4815.0,North
0.875,253.125,2524.5,North
0.875,255.125,3895.0,North
0.875,257.125,1982.5,North
0.875,259.125,2273.0,North
0.875,261.125,3462.0,North
0.875,263.125,3609.0,North
0.875,265.125,2409.5,North
0.875,267.125,1262.5,North
0.875,269.125,1527.5,North
0.875,271.125,254.5,North
0.875,273.125,1305.5,North
0.875,275.125,648.5,North
0.875,277.125,978.5,North
0.875,279.125,-230.0,North
0.875,281.125,1054.0,North
0.875,283.125,267.0,North
0.875,285.125,562.0,North
0.875,287.125,-92.0,North
0.875,289.125,-505.5,North
0.875,291.125,445.5,North
0.875,293.125,-1417.0,North
0.875,295.125,-1537.0,North
0.875,297.125,-1747.0,North
0.875,299.125,-1768.0,North
0.875,301.125,-1897.5,North
0.875,303.125,-1910.0,North
0.875,305.125,-1935.5,North
0.875,307.125,-1958.5,North
0.875,309.125,-1973.5,North
0.875,311.125,-1846.5,North
0.875,313.125,-1746.0,North
0.875,315.125,-1683.0,North
0.875,317.125,-1612.5,North
0.875,319.125,-1540.5,North
0.875,321.125,-1474.0,North
0.875,323.125,-1562.5,North
0.875,325.125,-1432.5,North
0.875,327.125,-1299.5,North
0.875,329.125,-1256.0,North
0.875,331.125,-1101.0,North
0.875,333.125,-1285.0,North
0.875,335.125,-1169.5,North
0.875,337.125,-1087.0,North
0.875,339.125,-1001.5,North
0.875,341.125,-957.5,North
0.875,343.125,-910.5,North
0.875,345.125,-871.5,North
0.875,347.125,-1083.5,North
0.875,349.125,-1088.5,North
0.875,351.125,-485.5,North
0.875,353.125,-927.0,North
0.875,355.125,-870.0,North
0.875,357.125,-769.0,North
0.875,359.125,-775.0,North
-1.125,1.125,-507.5,South
-1.125,3.125,-103.5,South
-1.125,5.125,850.0,South
-1.125,7.125,831.5,South
-1.125,9.125,888.5,South
-1.125,11.125,-172.5,South
-1.125,13.125,-374.0,South
-1.125,15.125,-678.5,South
-1.125,17.125,166.0,South
-1.125,19.125,-388.5,South
-1.125,21.125,-467.0,South
-1.125,23.125,-1200.5,South
-1.125,25.125,-1811.5,South
-1.125,27.125,-2172.5,South
-1.125,29.125,-2227.5,South
-1.125,31.125,-1855.0,South
-1.125,33.125,-1452.5,South
-1.125,35.125,-2007.5,South
-1.125,37.125,489.0,South
-1.125,39.125,-555.5,South
-1.125,41.125,-1051.5,South
-1.125,43.125,-1532.0,South
-1.125,45.125,-1531.0,South
-1.125,47.125,-1722.5,South
-1.125,49.125,-2041.0,South
-1.125,51.125,-2021.5,South
-1.125,53.125,-1962.5,South
-1.125,55.125,-2721.5,South
-1.125,57.125,-2427.5,South
-1.125,59.125,-1958.5,South
-1.125,61.125,-1948.0,South
-1.125,63.125,-1244.5,South
-1.125,65.125,-1588.5,South
-1.125,67.125,-1818.5,South
-1.125,69.125,-949.0,South
-1.125,71.125,171.0,South
-1.125,73.125,-2500.5,South
-1.125,75.125,-896.0,South
-1.125,77.125,-1048.5,South
-1.125,79.125,196.5,South
-1.125,81.125,-3588.5,South
-1.125,83.125,-3930.5,South
-1.125,85.125,-3724.0,South
-1.125,87.125,-3713.0,South
-1.125,89.125,-3747.5,South
-1.125,91.125,-3586.0,South
-1.125,93.125,-765.0,South
-1.125,95.125,-2091.0,South
-1.125,97.125,-2791.0,South
-1.125,99.125,-2437.0,South
-1.125,101.125,3227.0,South
-1.125,103.125,-915.0,South
-1.125,105.125,1970.5,South
-1.125,107.125,234.0,South
-1.125,109.125,1814.0,South
-1.125,111.125,3092.5,South
-1.125,113.125,-1480.5,South
-1.125,115.125,2251.0,South
-1.125,117.125,1037.5,South
-1.125,119.125,1413.5,South
-1.125,121.125,1296.0,South
-1.125,123.125,677.0,South
-1.125,125.125,989.5,South
-1.125,127.125,2641.5,South
-1.125,129.125,897.5,South
-1.125,131.125,3742.0,South
-1.125,133.125,4438.5,South
-1.125,135.125,3445.5,South
-1.125,137.125,4439.0,South
-1.125,139.125,3689.5,South
-1.125,141.125,1765.0,South
-1.125,143.125,3563.0,South
-1.125,145.125,2448.0,South
-1.125,147.125,3083.0,South
-1.125,149.125,2344.0,South
-1.125,151.125,2426.5,South
-1.125,153.125,2333.5,South
-1.125,155.125,19.0,South
-1.125,157.125,2259.5,South
-1.125,159.125,2513.5,South
-1.125,161.125,1961.0,South
-1.125,163.125,123.0,South
-1.125,165.125,178.5,South
-1.125,167.125,80.0,South
-1.125,169.125,52.5,South
-1.125,171.125,1557.0,South
-1.125,173.125,339.0,South
-1.125,175.125,1755.0,South
-1.125,177.125,3819.0,South
-1.125,179.125,3035.0,South
-1.125,181.125,3227.5,South
-1.125,183.125,2992.0,South
-1.125,185.125,1371.5,South
-1.125,187.125,3487.5,South
-1.125,189.125,4364.5,South
-1.125,191.125,5717.5,South
-1.125,193.125,6628.5,South
-1.125,195.125,7261.5,South
-1.125,197.125,5760.5,South
-1.125,199.125,2786.5,South
-1.125,201.125,3943.5,South
-1.125,203.125,2777.0,South
-1.125,205.125,1067.5,South
-1.125,207.125,1665.0,South
-1.125,209.125,7525.0,South
-1.125,211.125,6194.5,South
-1.125,213.125,5722.0,South
-1.125,215.125,4790.5,South
-1.125,217.125,6366.5,South
-1.125,219.125,7175.0,South
-1.125,221.125,2583.5,South
-1.125,223.125,5579.5,South
-1.125,225.125,2854.5,South
-1.125,227.125,2691.5,South
-1.125,229.125,2698.5,South
-1.125,231.125,2427.5,South
-1.125,233.125,2091.0,South
-1.125,235.125,2423.0,South
-1.125,237.125,2408.5,South
-1.125,239.125,3948.0,South
-1.125,241.125,4761.5,South
-1.125,243.125,4262.5,South
-1.125,245.125,1684.0,South
-1.125,247.125,3795.5,South
-1.125,249.125,1909.5,South
-1.125,251.125,2705.0,South
-1.125,253.125,3249.0,South
-1.125,255.125,3673.0,South
-1.125,257.125,2603.0,South
-1.125,259.125,3078.5,South
-1.125,261.125,1227.0,South
-1.125,263.125,4586.0,South
-1.125,265.125,1868.0,South
-1.125,267.125,2794.5,South
-1.125,269.125,868.0,South
-1.125,271.125,662.0,South
-1.125,273.125,-146.0,South
-1.125,275.125,240.5,South
-1.125,277.125,-299.5,South
-1.125,279.125,-588.0,South
-1.125,281.125,215.0,South
-1.125,283.125,1119.5,South
-1.125,285.125,-95.0,South
-1.125,287.125,798.0,South
-1.125,289.125,127.0,South
-1.125,291.125,-307.5,South
-1.125,293.125,-914.5,South
-1.125,295.125,-840.5,South
-1.125,297.125,-1524.5,South
-1.125,299.125,-1678.0,South
-1.125,301.125,-1899.5,South
-1.125,303.125,-1719.0,South
-1.125,305.125,-1880.0,South
-1.125,307.125,-1793.0,South
-1.125,309.125,-1944.5,South
-1.125,311.125,-1950.0,South
-1.125,313.125,-1939.0,South
-1.125,315.125,-1700.5,South
-1.125,317.125,-1637.5,South
-1.125,319.125,-1674.5,South
-1.125,321.125,-1682.0,South
-1.125,323.125,-1672.0,South
-1.125,325.125,-1532.5,South
-1.125,327.125,-1386.0,South
-1.125,329.125,-1149.5,South
-1.125,331.125,-1032.0,South
-1.125,333.125,-835.0,South
-1.125,335.125,-1138.0,South
-1.125,337.125,-1243.5,South
-1.125,339.125,-1144.5,South
-1.125,341.125,-1202.5,South
-1.125,343.125,-736.5,South
-1.125,345.125,-1250.0,South
-1.125,347.125,-1078.0,South
-1.125,349.125,-1045.0,South
-1.125,351.125,-996.0,South
-1.125,353.125,-1049.5,South
-1.125,355.125,-222.5,South
-1.125,357.125,-578.0,South
-1.125,359.125,-598.5,South
-3.125,1.125,283.5,South
-3.125,3.125,-235.5,South
-3.125,5.125,644.0,South
-3.125,7.125,748.0,South
-3.125,9.125,234.5,South
-3.125,11.125,-22.5,South
-3.125,13.125,288.0,South
-3.125,15.125,1966.5,South
-3.125,17.125,385.5,South
-3.125,19.125,-835.5,South
-3.125,21.125,-26.5,South
-3.125,23.125,146.5,South
-3.125,25.125,-2302.5,South
-3.125,27.125,-2327.5,South
-3.125,29.125,-2325.0,South
-3.125,31.125,-2045.5,South
-3.125,33.125,-1698.5,South
-3.125,35.125,-1466.0,South
-3.125,37.125,-2089.0,South
-3.125,39.125,-1881.0,South
-3.125,41.125,-1718.0,South
-3.125,43.125,-1751.0,South
-3.125,45.125,-1739.0,South
-3.125,47.125,-1998.5,South
-3.125,49.125,-2110.5,South
-3.125,51.125,-2302.0,South
-3.125,53.125,-1931.5,South
-3.125,55.125,-2355.0,South
-3.125,57.125,-2257.5,South
-3.125,59.125,-2454.5,South
-3.125,61.125,-2020.0,South
-3.125,63.125,-2166.0,South
-3.125,65.125,-884.5,South
-3.125,67.125,-2415.0,South
-3.125,69.125,-627.0,South
-3.125,71.125,-736.5,South
-3.125,73.125,-991.0,South
-3.125,75.125,-2492.5,South
-3.125,77.125,-2578.5,South
-3.125,79.125,-1145.5,South
-3.125,81.125,-3319.5,South
-3.125,83.125,-3525.5,South
-3.125,85.125,-3683.5,South
-3.125,87.125,-3465.0,South
-3.125,89.125,-3949.0,South
-3.125,91.125,-3601.5,South
-3.125,93.125,-3307.0,South
-3.125,95.125,1695.0,South
-3.125,97.125,-46.0,South
-3.125,99.125,2078.5,South
-3.125,101.125,2977.0,South
-3.125,103.125,1249.0,South
-3.125,105.125,1992.5,South
-3.125,107.125,1817.5,South
-3.125,109.125,2474.0,South
-3.125,111.125,2003.0,South
-3.125,113.125,338.0,South
-3.125,115.125,-395.5,South
-3.125,117.125,473.0,South
-3.125,119.125,2397.0,South
-3.125,121.125,1245.0,South
-3.125,123.125,-1491.0,South
-3.125,125.125,-2008.0,South
-3.125,127.125,998.5,South
-3.125,129.125,3876.5,South
-3.125,131.125,4034.5,South
-3.125,133.125,3848.0,South
-3.125,135.125,4390.5,South
-3.125,137.125,2437.5,South
-3.125,139.125,4572.0,South
-3.125,141.125,4417.0,South
-3.125,143.125,3112.5,South
-3.125,145.125,922.5,South
-3.125,147.125,2304.5,South
-3.125,149.125,2464.0,South
-3.125,151.125,2396.0,South
-3.125,153.125,3407.5,South
-3.125,155.125,1866.0,South
-3.125,157.125,3698.5,South
-3.125,159.125,1993.0,South
-3.125,161.125,2695.5,South
-3.125,163.125,1896.0,South
-3.125,165.125,2141.0,South
-3.125,167.125,1042.5,South
-3.125,169.125,212.5,South
-3.125,171.125,1172.5,South
-3.125,173.125,1869.5,South
-3.125,175.125,2415.0,South
-3.125,177.125,145.0,South
-3.125,179.125,4620.0,South
-3.125,181.125,2127.0,South
-3.125,183.125,2682.0,South
-3.125,185.125,3476.0,South
-3.125,187.125,4671.5,South
-3.125,189.125,4647.5,South
-3.125,191.125,5253.0,South
-3.125,193.125,6553.5,South
-3.125,195.125,5853.0,South
-3.125,197.125,3187.5,South
-3.125,199.125,3651.0,South
-3.125,201.125,2591.0,South
-3.125,203.125,2752.5,South
-3.125,205.125,4514.5,South
-3.125,207.125,4052.5,South
-3.125,209.125,6150.5,South
-3.125,211.125,6111.5,South
-3.125,213.125,7089.0,South
-3.125,215.125,5104.0,South
-3.125,217.125,6082.0,South
-3.125,219.125,7096.5,South
-3.125,221.125,8054.5,South
-3.125,223.125,5996.5,South
-3.125,225.125,3043.0,South
-3.125,227.125,2404.0,South
-3.125,229.125,2756.5,South
-3.125,231.125,2325.5,South
-3.125,233.125,1720.0,South
-3.125,235.125,2370.5,South
-3.125,237.125,2671.0,South
-3.125,239.125,3811.0,South
-3.125,241.125,1808.5,South
-3.125,243.125,1996.0,South
-3.125,245.125,3084.0,South
-3.125,247.125,2793.5,South
-3.125,249.125,2623.0,South
-3.125,251.125,2383.5,South
-3.125,253.125,2597.5,South
-3.125,255.125,3615.5,South
-3.125,257.125,4103.5,South
-3.125,259.125,3181.5,South
-3.125,261.125,2837.5,South
-3.125,263.125,2869.5,South
-3.125,265.125,1496.5,South
-3.125,267.125,2482.5,South
-3.125,269.125,2622.5,South
-3.125,271.125,1660.0,South
-3.125,273.125,805.5,South
-3.125,275.125,523.0,South
-3.125,277.125,-75.0,South
-3.125,279.125,162.5,South
-3.125,281.125,1305.5,South
-3.125,283.125,1012.5,South
-3.125,285.125,-187.5,South
-3.125,287.125,-655.5,South
-3.125,289.125,-533.0,South
-3.125,291.125,-1521.0,South
-3.125,293.125,-1391.5,South
-3.125,295.125,-763.0,South
-3.125,297.125,-1164.5,South
-3.125,299.125,-1634.0,South
-3.125,301.125,-1620.0,South
-3.125,303.125,-1789.0,South
-3.125,305.125,-1938.5,South
-3.125,307.125,-1971.5,South
-3.125,309.125,-1653.0,South
-3.125,311.125,-1739.0,South
-3.125,313.125,-1997.5,South
-3.125,315.125,-2006.5,South
-3.125,317.125,-1864.5,South
-3.125,319.125,-1897.5,South
-3.125,321.125,-1943.5,South
-3.125,323.125,-1874.0,South
-3.125,325.125,-1688.5,South
-3.125,327.125,-1619.0,South
-3.125,329.125,-1287.5,South
-3.125,331.125,-1301.0,South
-3.125,333.125,-1333.0,South
-3.125,335.125,-1517.0,South
-3.125,337.125,-1397.5,South
-3.125,339.125,-1166.5,South
-3.125,341.125,-1305.0,South
-3.125,343.125,-889.5,South
-3.125,345.125,-1426.5,South
-3.125,347.125,-1184.5,South
-3.125,349.125,-1083.5,South
-3.125,351.125,-1010.5,South
-3.125,353.125,-841.5,South
-3.125,355.125,-256.5,South
-3.125,357.125,-522.5,South
-3.125,359.125,-801.0,South
-5.125,1.125,573.5,South
-5.125,3.125,-90.5,South
-5.125,5.125,53.0,South
-5.125,7.125,146.5,South
-5.125,9.125,64.0,South
-5.125,11.125,463.5,South
-5.125,13.125,339.5,South
-5.125,15.125,1606.5,South
-5.125,17.125,636.0,South
-5.125,19.125,692.5,South
-5.125,21.125,-1287.5,South
-5.125,23.125,-2171.5,South
-5.125,25.125,-2485.0,South
-5.125,27.125,-2509.5,South
-5.125,29.125,-2562.0,South
-5.125,31.125,-1705.0,South
-5.125,33.125,-1707.0,South
-5.125,35.125,-1961.5,South
-5.125,37.125,-1375.0,South
-5.125,39.125,-1774.0,South
-5.125,41.125,-1974.5,South
-5.125,43.125,-1226.0,South
-5.125,45.125,-1850.5,South
-5.125,47.125,-2092.5,South
-5.125,49.125,-2155.0,South
-5.125,51.125,-2156.0,South
-5.125,53.125,-2135.0,South
-5.125,55.125,-1997.5,South
-5.125,57.125,-2349.0,South
-5.125,59.125,-2342.0,South
-5.125,61.125,-1929.5,South
-5.125,63.125,-1877.0,South
-5.125,65.125,-2145.5,South
-5.125,67.125,-2858.0,South
-5.125,69.125,-2486.0,South
-5.125,71.125,-223.5,South
-5.125,73.125,-1188.0,South
-5.125,75.125,-73.5,South
-5.125,77.125,657.5,South
-5.125,79.125,-1577.0,South
-5.125,81.125,-1967.0,South
-5.125,83.125,-3528.0,South
-5.125,85.125,-3403.0,South
-5.125,87.125,-3547.5,South
-5.125,89.125,-3776.0,South
-5.125,91.125,-2143.0,South
-5.125,93.125,-3019.0,South
-5.125,95.125,-2153.5,South
-5.125,97.125,-54.5,South
-5.125,99.125,578.0,South
-5.125,101.125,2016.0,South
-5.125,103.125,2235.0,South
-5.125,105.125,2502.0,South
-5.125,107.125,1193.0,South
-5.125,109.125,77.0,South
-5.125,111.125,2429.0,South
-5.125,113.125,1809.5,South
-5.125,115.125,2263.0,South
-5.125,117.125,1932.5,South
-5.125,119.125,742.5,South
-5.125,121.125,2875.0,South
-5.125,123.125,1289.5,South
-5.125,125.125,556.0,South
-5.125,127.125,4613.0,South
-5.125,129.125,2398.5,South
-5.125,131.125,3050.5,South
-5.125,133.125,3365.0,South
-5.125,135.125,2420.5,South
-5.125,137.125,2112.5,South
-5.125,139.125,837.0,South
-5.125,141.125,2065.5,South
-5.125,143.125,1512.0,South
-5.125,145.125,2340.0,South
-5.125,147.125,1632.0,South
-5.125,149.125,-1376.5,South
-5.125,151.125,-1438.5,South
-5.125,153.125,2305.5,South
-5.125,155.125,3067.0,South
-5.125,157.125,-1498.0,South
-5.125,159.125,1772.0,South
-5.125,161.125,-816.0,South
-5.125,163.125,1577.0,South
-5.125,165.125,-800.0,South
-5.125,167.125,1608.5,South
-5.125,169.125,1451.0,South
-5.125,171.125,2362.5,South
-5.125,173.125,2147.0,South
-5.125,175.125,693.0,South
-5.125,177.125,2409.0,South
-5.125,179.125,37.0,South
-5.125,181.125,3759.0,South
-5.125,183.125,3086.0,South
-5.125,185.125,5006.0,South
-5.125,187.125,826.5,South
-5.125,189.125,3285.0,South
-5.125,191.125,3605.0,South
-5.125,193.125,6618.0,South
-5.125,195.125,5081.5,South
-5.125,197.125,2656.5,South
-5.125,199.125,3191.0,South
-5.125,201.125,2563.0,South
-5.125,203.125,3102.0,South
-5.125,205.125,5098.5,South
-5.125,207.125,3671.5,South
-5.125,209.125,5696.5,South
-5.125,211.125,6810.5,South
-5.125,213.125,2848.5,South
-5.125,215.125,5328.0,South
-5.125,217.125,6208.5,South
-5.125,219.125,5002.5,South
-5.125,221.125,6450.0,South
-5.125,223.125,7237.0,South
-5.125,225.125,7634.0,South
-5.125,227.125,2108.5,South
-5.125,229.125,2457.0,South
-5.125,231.125,3226.0,South
-5.125,233.125,2327.5,South
-5.125,235.125,2567.5,South
-5.125,237.125,6642.0,South
-5.125,239.125,4995.0,South
-5.125,241.125,2802.5,South
-5.125,243.125,5551.5,South
-5.125,245.125,5921.5,South
-5.125,247.125,4462.5,South
-5.125,249.125,3920.5,South
-5.125,251.125,2715.5,South
-5.125,253.125,2312.5,South
-5.125,255.125,5473.0,South
-5.125,257.125,5737.0,South
-5.125,259.125,4204.5,South
-5.125,261.125,2566.0,South
-5.125,263.125,1657.0,South
-5.125,265.125,2137.0,South
-5.125,267.125,1565.0,South
-5.125,269.125,2203.5,South
-5.125,271.125,2027.0,South
-5.125,273.125,1014.5,South
-5.125,275.125,2130.5,South
-5.125,277.125,-1524.0,South
-5.125,279.125,127.0,South
-5.125,281.125,931.5,South
-5.125,283.125,449.0,South
-5.125,285.125,480.5,South
-5.125,287.125,1938.0,South
-5.125,289.125,-1348.5,South
-5.125,291.125,-1882.5,South
-5.125,293.125,-1969.0,South
-5.125,295.125,-374.0,South
-5.125,297.125,-963.5,South
-5.125,299.125,-1743.0,South
-5.125,301.125,-1670.5,South
-5.125,303.125,-1744.5,South
-5.125,305.125,-1852.5,South
-5.125,307.125,-1978.5,South
-5.125,309.125,-1990.5,South
-5.125,311.125,-1957.0,South
-5.125,313.125,-1749.0,South
-5.125,315.125,-1872.0,South
-5.125,317.125,-1831.0,South
-5.125,319.125,-1843.5,South
-5.125,321.125,-1974.0,South
-5.125,323.125,-1957.0,South
-5.125,325.125,-1896.5,South
-5.125,327.125,-1584.5,South
-5.125,329.125,-1513.5,South
-5.125,331.125,-1139.5,South
-5.125,333.125,-1329.5,South
-5.125,335.125,-1625.0,South
-5.125,337.125,-1435.0,South
-5.125,339.125,-1449.0,South
-5.125,341.125,-1182.0,South
-5.125,343.125,-1579.0,South
-5.125,345.125,-1341.0,South
-5.125,347.125,-1324.0,South
-5.125,349.125,-918.0,South
-5.125,351.125,-1010.0,South
-5.125,353.125,-185.0,South
-5.125,355.125,-443.5,South
-5.125,357.125,1107.0,South
-5.125,359.125,-296.5,South
-7.125,1.125,1297.0,South
-7.125,3.125,1397.0,South
-7.125,5.125,-215.0,South
-7.125,7.125,1850.5,South
-7.125,9.125,853.5,South
-7.125,11.125,115.0,South
-7.125,13.125,226.5,South
-7.125,15.125,166.0,South
-7.125,17.125,1288.0,South
-7.125,19.125,1323.5,South
-7.125,21.125,-178.5,South
-7.125,23.125,-2260.0,South
-7.125,25.125,-2142.5,South
-7.125,27.125,-2519.0,South
-7.125,29.125,-2481.0,South
-7.125,31.125,-2192.5,South
-7.125,33.125,-1463.5,South
-7.125,35.125,-956.0,South
-7.125,37.125,-1575.0,South
-7.125,39.125,-1663.5,South
-7.125,41.125,-1612.5,South
-7.125,43.125,-1764.0,South
-7.125,45.125,-1726.5,South
-7.125,47.125,-1765.0,South
-7.125,49.125,-1924.5,South
-7.125,51.125,-2034.0,South
-7.125,53.125,-1840.5,South
-7.125,55.125,-2240.5,South
-7.125,57.125,-2198.5,South
-7.125,59.125,-1688.0,South
-7.125,61.125,-2973.0,South
-7.125,63.125,-1534.5,South
-7.125,65.125,-1573.5,South
-7.125,67.125,-1940.0,South
-7.125,69.125,-1911.5,South
-7.125,71.125,938.0,South
-7.125,73.125,818.5,South
-7.125,75.125,849.5,South
-7.125,77.125,-286.0,South
-7.125,79.125,-1962.0,South
-7.125,81.125,-426.5,South
-7.125,83.125,-1722.0,South
-7.125,85.125,-3042.0,South
-7.125,87.125,-3510.5,South
-7.125,89.125,-3293.0,South
-7.125,91.125,-162.0,South
-7.125,93.125,-2403.0,South
-7.125,95.125,-2117.0,South
-7.125,97.125,403.0,South
-7.125,99.125,794.5,South
-7.125,101.125,3200.0,South
-7.125,103.125,2928.5,South
-7.125,105.125,1742.0,South
-7.125,107.125,2291.5,South
-7.125,109.125,2537.0,South
-7.125,111.125,1751.0,South
-7.125,113.125,2031.5,South
-7.125,115.125,2093.0,South
-7.125,117.125,418.0,South
-7.125,119.125,2478.5,South
-7.125,121.125,2203.5,South
-7.125,123.125,1680.0,South
-7.125,125.125,3001.0,South
-7.125,127.125,3089.0,South
-7.125,129.125,628.0,South
-7.125,131.125,2853.5,South
-7.125,133.125,3036.0,South
-7.125,135.125,3097.5,South
-7.125,137.125,3653.5,South
-7.125,139.125,3286.5,South
-7.125,141.125,1930.5,South
-7.125,143.125,4077.5,South
-7.125,145.125,2866.5,South
-7.125,147.125,2125.0,South
-7.125,149.125,1939.0,South
-7.125,151.125,778.5,South
-7.125,153.125,2382.0,South
-7.125,155.125,2720.5,South
-7.125,157.125,325.0,South
-7.125,159.125,1179.5,South
-7.125,161.125,4632.0,South
-7.125,163.125,2590.5,South
-7.125,165.125,1595.5,South
-7.125,167.125,3972.5,South
-7.125,169.125,2633.5,South
-7.125,171.125,2622.0,South
-7.125,173.125,2798.0,South
-7.125,175.125,2250.0,South
-7.125,177.125,1800.0,South
-7.125,179.125,1733.0,South
-7.125,181.125,4007.5,South
-7.125,183.125,3309.5,South
-7.125,185.125,4692.5,South
-7.125,187.125,3419.0,South
-7.125,189.125,3272.0,South
-7.125,191.125,5045.0,South
-7.125,193.125,4244.0,South
-7.125,195.125,7009.0,South
-7.125,197.125,4806.0,South
-7.125,199.125,2802.5,South
-7.125,201.125,3138.0,South
-7.125,203.125,3353.0,South
-7.125,205.125,3487.0,South
-7.125,207.125,3394.5,South
-7.125,209.125,8041.5,South
-7.125,211.125,4968.5,South
-7.125,213.125,5359.0,South
-7.125,215.125,5202.5,South
-7.125,217.125,3037.5,South
-7.125,219.125,5483.0,South
-7.125,221.125,4717.0,South
-7.125,223.125,5739.5,South
-7.125,225.125,6912.5,South
-7.125,227.125,6306.0,South
-7.125,229.125,5002.5,South
-7.125,231.125,5586.0,South
-7.125,233.125,5481.0,South
-7.125,235.125,4648.0,South
-7.125,237.125,4753.5,South
-7.125,239.125,4846.5,South
-7.125,241.125,3681.5,South
-7.125,243.125,3937.0,South
-7.125,245.125,2368.0,South
-7.125,247.125,4373.0,South
-7.125,249.125,3898.0,South
-7.125,251.125,3090.5,South
-7.125,253.125,4736.0,South
-7.125,255.125,5216.5,South
-7.125,257.125,1871.0,South
-7.125,259.125,1622.0,South
-7.125,261.125,1892.5,South
-7.125,263.125,1416.0,South
-7.125,265.125,746.0,South
-7.125,267.125,719.0,South
-7.125,269.125,314.0,South
-7.125,271.125,555.5,South
-7.125,273.125,403.0,South
-7.125,275.125,2252.5,South
-7.125,277.125,663.5,South
-7.125,279.125,-335.0,South
-7.125,281.125,1003.5,South
-7.125,283.125,1855.0,South
-7.125,285.125,194.0,South
-7.125,287.125,-145.0,South
-7.125,289.125,-886.0,South
-7.125,291.125,-1852.0,South
-7.125,293.125,-1904.5,South
-7.125,295.125,248.5,South
-7.125,297.125,-869.0,South
-7.125,299.125,-579.5,South
-7.125,301.125,-1453.0,South
-7.125,303.125,-1730.0,South
-7.125,305.125,-1825.0,South
-7.125,307.125,-1877.0,South
-7.125,309.125,-1908.0,South
-7.125,311.125,-1969.5,South
-7.125,313.125,-2015.5,South
-7.125,315.125,-2061.0,South
-7.125,317.125,-1887.5,South
-7.125,319.125,-1906.0,South
-7.125,321.125,-2013.5,South
-7.125,323.125,-1997.0,South
-7.125,325.125,-1843.5,South
-7.125,327.125,-1838.0,South
-7.125,329.125,-1699.5,South
-7.125,331.125,-1319.5,South
-7.125,333.125,-530.0,South
-7.125,335.125,-1586.0,South
-7.125,337.125,-1793.0,South
-7.125,339.125,-1617.5,South
-7.125,341.125,-1285.0,South
-7.125,343.125,-1549.5,South
-7.125,345.125,-1489.0,South
-7.125,347.125,-1388.0,South
-7.125,349.125,-1396.0,South
-7.125,351.125,-1257.0,South
-7.125,353.125,-45.0,South
-7.125,355.125,797.0,South
-7.125,357.125,228.0,South
-7.125,359.125,-380.0,South
-9.125,1.125,1627.5,South
-9.125,3.125,2721.0,South
-9.125,5.125,2900.0,South
-9.125,7.125,1330.0,South
-9.125,9.125,718.5,South
-9.125,11.125,336.0,South
-9.125,13.125,465.0,South
-9.125,15.125,18.0,South
-9.125,17.125,17.0,South
-9.125,19.125,1880.0,South
-9.125,21.125,1673.0,South
-9.125,23.125,-2149.5,South
-9.125,25.125,-2067.5,South
-9.125,27.125,-2212.0,South
-9.125,29.125,-2484.0,South
-9.125,31.125,-2210.0,South
-9.125,33.125,-1751.0,South
-9.125,35.125,-1848.0,South
-9.125,37.125,-2323.0,South
-9.125,39.125,-1750.0,South
-9.125,41.125,-2343.5,South
-9.125,43.125,-1222.0,South
-9.125,45.125,-1162.0,South
-9.125,47.125,-1404.0,South
-9.125,49.125,-1626.5,South
-9.125,51.125,-1826.0,South
-9.125,53.125,-1963.0,South
-9.125,55.125,-2140.5,South
-9.125,57.125,-1806.0,South
-9.125,59.125,-1415.0,South
-9.125,61.125,-4338.5,South
-9.125,63.125,-1488.0,South
-9.125,65.125,-1274.0,South
-9.125,67.125,-1353.5,South
-9.125,69.125,-2542.0,South
-9.125,71.125,-1068.0,South
-9.125,73.125,-706.5,South
-9.125,75.125,1227.5,South
-9.125,77.125,200.5,South
-9.125,79.125,238.5,South
-9.125,81.125,807.5,South
-9.125,83.125,1571.0,South
-9.125,85.125,122.0,South
-9.125,87.125,-889.0,South
-9.125,89.125,626.5,South
-9.125,91.125,2227.0,South
-9.125,93.125,2860.0,South
-9.125,95.125,-88.0,South
-9.125,97.125,-1090.0,South
-9.125,99.125,1250.5,South
-9.125,101.125,1046.0,South
-9.125,103.125,17.5,South
-9.125,105.125,-1363.0,South
-9.125,107.125,382.0,South
-9.125,109.125,652.0,South
-9.125,111.125,1463.0,South
-9.125,113.125,3037.5,South
-9.125,115.125,2014.0,South
-9.125,117.125,2479.0,South
-9.125,119.125,-624.5,South
-9.125,121.125,3511.5,South
-9.125,123.125,3210.0,South
-9.125,125.125,3056.0,South
-9.125,127.125,1470.5,South
-9.125,129.125,375.0,South
-9.125,131.125,3623.5,South
-9.125,133.125,4002.5,South
-9.125,135.125,880.5,South
-9.125,137.125,3783.0,South
-9.125,139.125,3573.5,South
-9.125,141.125,2853.0,South
-9.125,143.125,2039.5,South
-9.125,145.125,-154.0,South
-9.125,147.125,3619.5,South
-9.125,149.125,175.5,South
-9.125,151.125,3287.0,South
-9.125,153.125,4462.5,South
-9.125,155.125,-436.5,South
-9.125,157.125,-369.0,South
-9.125,159.125,-272.0,South
-9.125,161.125,-1069.5,South
-9.125,163.125,-930.0,South
-9.125,165.125,957.5,South
-9.125,167.125,-1285.0,South
-9.125,169.125,2708.5,South
-9.125,171.125,2180.0,South
-9.125,173.125,1806.5,South
-9.125,175.125,1046.0,South
-9.125,177.125,2113.5,South
-9.125,179.125,3974.0,South
-9.125,181.125,4077.5,South
-9.125,183.125,3061.0,South
-9.125,185.125,906.5,South
-9.125,187.125,4600.5,South
-9.125,189.125,4568.5,South
-9.125,191.125,2151.5,South
-9.125,193.125,4078.5,South
-9.125,195.125,5784.0,South
-9.125,197.125,6821.0,South
-9.125,199.125,3369.5,South
-9.125,201.125,2644.0,South
-9.125,203.125,2362.5,South
-9.125,205.125,2889.5,South
-9.125,207.125,5541.5,South
-9.125,209.125,6912.0,South
-9.125,211.125,6892.0,South
-9.125,213.125,5161.5,South
-9.125,215.125,5202.0,South
-9.125,217.125,5021.0,South
-9.125,219.125,4911.0,South
-9.125,221.125,5541.5,South
-9.125,223.125,6816.5,South
-9.125,225.125,6553.0,South
-9.125,227.125,5935.5,South
-9.125,229.125,4156.5,South
-9.125,231.125,6668.5,South
-9.125,233.125,5398.5,South
-9.125,235.125,4702.0,South
-9.125,237.125,4987.0,South
-9.125,239.125,4381.5,South
-9.125,241.125,3154.0,South
-9.125,243.125,3079.5,South
-9.125,245.125,3300.0,South
-9.125,247.125,4018.5,South
-9.125,249.125,4431.5,South
-9.125,251.125,4217.5,South
-9.125,253.125,4356.5,South
-9.125,255.125,1496.0,South
-9.125,257.125,808.0,South
-9.125,259.125,1476.5,South
-9.125,261.125,2455.0,South
-9.125,263.125,525.0,South
-9.125,265.125,-202.5,South
-9.125,267.125,-976.5,South
-9.125,269.125,462.0,South
-9.125,271.125,1392.0,South
-9.125,273.125,870.0,South
-9.125,275.125,-105.0,South
-9.125,277.125,-1044.0,South
-9.125,279.125,113.0,South
-9.125,281.125,1744.5,South
-9.125,283.125,1143.0,South
-9.125,285.125,840.5,South
-9.125,287.125,238.0,South
-9.125,289.125,182.0,South
-9.125,291.125,1210.5,South
-9.125,293.125,617.0,South
-9.125,295.125,-590.0,South
-9.125,297.125,786.5,South
-9.125,299.125,-1059.5,South
-9.125,301.125,-1537.0,South
-9.125,303.125,-1687.5,South
-9.125,305.125,-1752.5,South
-9.125,307.125,-1828.0,South
-9.125,309.125,-1923.5,South
-9.125,311.125,-2046.5,South
-9.125,313.125,-1835.0,South
-9.125,315.125,-2148.5,South
-9.125,317.125,-2054.5,South
-9.125,319.125,-1796.5,South
-9.125,321.125,-1876.5,South
-9.125,323.125,-1976.5,South
-9.125,325.125,-1915.0,South
-9.125,327.125,-1864.5,South
-9.125,329.125,-1827.5,South
-9.125,331.125,-1656.5,South
-9.125,333.125,-1703.5,South
-9.125,335.125,-1823.0,South
-9.125,337.125,-1900.5,South
-9.125,339.125,-1927.0,South
-9.125,341.125,-1636.0,South
-9.125,343.125,-1518.5,South
-9.125,345.125,-1342.5,South
-9.125,347.125,-1545.5,South
-9.125,349.125,-1525.0,South
-9.125,351.125,-1492.5,South
-9.125,353.125,-1204.0,South
-9.125,355.125,-287.0,South
-9.125,357.125,-644.0,South
-9.125,359.125,-664.0,South
-11.125,1.125,804.5,South
-11.125,3.125,-1660.0,South
-11.125,5.125,-1694.5,South
-11.125,7.125,958.5,South
-11.125,9.125,652.5,South
-11.125,11.125,299.5,South
-11.125,13.125,1453.0,South
-11.125,15.125,816.0,South
-11.125,17.125,525.0,South
-11.125,19.125,162.5,South
-11.125,21.125,-691.5,South
-11.125,23.125,-891.0,South
-11.125,25.125,-3399.0,South
-11.125,27.125,-4709.0,South
-11.125,29.125,-1804.5,South
-11.125,31.125,-2693.0,South
-11.125,33.125,-2758.5,South
-11.125,35.125,-2870.0,South
-11.125,37.125,-2560.0,South
-11.125,39.125,-2573.5,South
-11.125,41.125,883.5,South
-11.125,43.125,-985.0,South
-11.125,45.125,-1078.5,South
-11.125,47.125,-1189.0,South
-11.125,49.125,-1316.0,South
-11.125,51.125,-1310.5,South
-11.125,53.125,-1693.5,South
-11.125,55.125,-1646.5,South
-11.125,57.125,-1557.0,South
-11.125,59.125,-1570.5,South
-11.125,61.125,-481.5,South
-11.125,63.125,-1100.5,South
-11.125,65.125,-1591.5,South
-11.125,67.125,-1815.0,South
-11.125,69.125,-540.5,South
-11.125,71.125,-1817.5,South
-11.125,73.125,-534.5,South
-11.125,75.125,624.5,South
-11.125,77.125,-1465.0,South
-11.125,79.125,347.5,South
-11.125,81.125,82.0,South
-11.125,83.125,-132.5,South
-11.125,85.125,250.5,South
-11.125,87.125,-513.0,South
-11.125,89.125,857.0,South
-11.125,91.125,598.5,South
-11.125,93.125,55.5,South
-11.125,95.125,-522.0,South
-11.125,97.125,1894.5,South
-11.125,99.125,3364.5,South
-11.125,101.125,2972.0,South
-11.125,103.125,-1075.5,South
-11.125,105.125,-958.5,South
-11.125,107.125,-1069.5,South
-11.125,109.125,2965.5,South
-11.125,111.125,2259.5,South
-11.125,113.125,-1155.5,South
-11.125,115.125,2560.0,South
-11.125,117.125,3063.5,South
-11.125,119.125,-167.5,South
-11.125,121.125,4420.0,South
-11.125,123.125,1346.0,South
-11.125,125.125,1540.5,South
-11.125,127.125,3043.5,South
-11.125,129.125,1755.5,South
-11.125,131.125,3026.0,South
-11.125,133.125,2593.5,South
-11.125,135.125,1869.5,South
-11.125,137.125,870.5,South
-11.125,139.125,2196.0,South
-11.125,141.125,2785.0,South
-11.125,143.125,3340.5,South
-11.125,145.125,3301.0,South
-11.125,147.125,4222.0,South
-11.125,149.125,1916.5,South
-11.125,151.125,1989.0,South
-11.125,153.125,2807.0,South
-11.125,155.125,-694.5,South
-11.125,157.125,-200.0,South
-11.125,159.125,2054.5,South
-11.125,161.125,-584.0,South
-11.125,163.125,1645.0,South
-11.125,165.125,864.0,South
-11.125,167.125,-727.0,South
-11.125,169.125,1983.0,South
-11.125,171.125,3529.5,South
-11.125,173.125,3285.0,South
-11.125,175.125,1919.0,South
-11.125,177.125,2538.0,South
-11.125,179.125,2810.0,South
-11.125,181.125,3101.0,South
-11.125,183.125,1803.0,South
-11.125,185.125,4334.5,South
-11.125,187.125,3145.5,South
-11.125,189.125,3717.5,South
-11.125,191.125,3678.5,South
-11.125,193.125,5179.5,South
-11.125,195.125,6045.5,South
-11.125,197.125,7394.0,South
-11.125,199.125,7918.5,South
-11.125,201.125,6560.0,South
-11.125,203.125,5314.0,South
-11.125,205.125,6835.5,South
-11.125,207.125,5115.5,South
-11.125,209.125,7243.0,South
-11.125,211.125,4392.5,South
-11.125,213.125,4481.0,South
-11.125,215.125,5437.5,South
-11.125,217.125,5321.0,South
-11.125,219.125,4353.5,South
-11.125,221.125,5774.0,South
-11.125,223.125,4470.0,South
-11.125,225.125,6300.0,South
-11.125,227.125,5894.0,South
-11.125,229.125,4024.0,South
-11.125,231.125,6953.5,South
-11.125,233.125,5849.5,South
-11.125,235.125,5528.5,South
-11.125,237.125,3346.5,South
-11.125,239.125,3929.0,South
-11.125,241.125,4113.5,South
-11.125,243.125,3704.0,South
-11.125,245.125,3551.5,South
-11.125,247.125,2890.0,South
-11.125,249.125,3447.0,South
-11.125,251.125,2637.5,South
-11.125,253.125,1695.0,South
-11.125,255.125,1002.0,South
-11.125,257.125,-705.5,South
-11.125,259.125,831.5,South
-11.125,261.125,838.5,South
-11.125,263.125,681.5,South
-11.125,265.125,796.0,South
-11.125,267.125,544.5,South
-11.125,269.125,466.5,South
-11.125,271.125,-750.5,South
-11.125,273.125,-360.5,South
-11.125,275.125,-80.0,South
-11.125,277.125,-459.0,South
-11.125,279.125,2408.5,South
-11.125,281.125,1477.5,South
-11.125,283.125,1071.5,South
-11.125,285.125,1856.0,South
-11.125,287.125,1786.0,South
-11.125,289.125,632.0,South
-11.125,291.125,-39.0,South
-11.125,293.125,-43.5,South
-11.125,295.125,-251.0,South
-11.125,297.125,-994.0,South
-11.125,299.125,-567.0,South
-11.125,301.125,-329.0,South
-11.125,303.125,-1649.5,South
-11.125,305.125,-1717.0,South
-11.125,307.125,-1445.0,South
-11.125,309.125,-1940.0,South
-11.125,311.125,-2076.5,South
-11.125,313.125,-1922.0,South
-11.125,315.125,-1926.0,South
-11.125,317.125,-2080.0,South
-11.125,319.125,-1924.5,South
-11.125,321.125,-1966.0,South
-11.125,323.125,-1712.0,South
-11.125,325.125,-1882.5,South
-11.125,327.125,-1872.5,South
-11.125,329.125,-1737.0,South
-11.125,331.125,-1708.0,South
-11.125,333.125,-1833.0,South
-11.125,335.125,-1860.5,South
-11.125,337.125,-1967.5,South
-11.125,339.125,-1917.0,South
-11.125,341.125,-1760.0,South
-11.125,343.125,-1884.0,South
-11.125,345.125,-1680.5,South
-11.125,347.125,-1815.5,South
-11.125,349.125,-1795.5,South
-11.125,351.125,-1603.5,South
-11.125,353.125,-1558.5,South
-11.125,355.125,-1270.0,South
-11.125,357.125,-444.5,South
-11.125,359.125,-443.0,South
-13.125,1.125,-477.5,South
-13.125,3.125,503.5,South
-13.125,5.125,1108.0,South
-13.125,7.125,-223.5,South
-13.125,9.125,-63.0,South
-13.125,11.125,296.0,South
-13.125,13.125,996.0,South
-13.125,15.125,2673.0,South
-13.125,17.125,1150.5,South
-13.125,19.125,990.5,South
-13.125,21.125,57.5,South
-13.125,23.125,-1835.5,South
-13.125,25.125,-411.5,South
-13.125,27.125,-763.5,South
-13.125,29.125,-2401.0,South
-13.125,31.125,-2688.5,South
-13.125,33.125,-2755.0,South
-13.125,35.125,-2808.0,South
-13.125,37.125,-2724.5,South
-13.125,39.125,-2593.0,South
-13.125,41.125,-1008.0,South
-13.125,43.125,-1271.5,South
-13.125,45.125,-734.0,South
-13.125,47.125,-273.0,South
-13.125,49.125,50.0,South
-13.125,51.125,-400.5,South
-13.125,53.125,-1368.0,South
-13.125,55.125,-1425.5,South
-13.125,57.125,-1308.0,South
-13.125,59.125,-1258.5,South
-13.125,61.125,-1213.5,South
-13.125,63.125,-619.5,South
-13.125,65.125,-407.0,South
-13.125,67.125,-1513.5,South
-13.125,69.125,-1752.0,South
-13.125,71.125,-1496.0,South
-13.125,73.125,-782.5,South
-13.125,75.125,22.0,South
-13.125,77.125,-164.5,South
-13.125,79.125,-3594.5,South
-13.125,81.125,-657.0,South
-13.125,83.125,-963.5,South
-13.125,85.125,-1344.0,South
-13.125,87.125,-407.0,South
-13.125,89.125,-1075.0,South
-13.125,91.125,-1214.0,South
-13.125,93.125,-1103.5,South
-13.125,95.125,1523.5,South
-13.125,97.125,2320.5,South
-13.125,99.125,1721.5,South
-13.125,101.125,2989.0,South
-13.125,103.125,-1233.5,South
-13.125,105.125,-584.0,South
-13.125,107.125,-1048.5,South
-13.125,109.125,1827.0,South
-13.125,111.125,2671.0,South
-13.125,113.125,907.5,South
-13.125,115.125,2569.5,South
-13.125,117.125,698.5,South
-13.125,119.125,-300.0,South
-13.125,121.125,2579.0,South
-13.125,123.125,1320.5,South
-13.125,125.125,2346.0,South
-13.125,127.125,2261.5,South
-13.125,129.125,3109.5,South
-13.125,131.125,2727.5,South
-13.125,133.125,2402.0,South
-13.125,135.125,2637.0,South
-13.125,137.125,4134.5,South
-13.125,139.125,3116.0,South
-13.125,141.125,4359.5,South
-13.125,143.125,2795.0,South
-13.125,145.125,3626.5,South
-13.125,147.125,4124.0,South
-13.125,149.125,3519.5,South
-13.125,151.125,-774.0,South
-13.125,153.125,1532.5,South
-13.125,155.125,2373.0,South
-13.125,157.125,1373.0,South
-13.125,159.125,4917.5,South
-13.125,161.125,3602.5,South
-13.125,163.125,287.0,South
-13.125,165.125,1871.0,South
-13.125,167.125,1197.5,South
-13.125,169.125,818.5,South
-13.125,171.125,6179.0,South
-13.125,173.125,297.5,South
-13.125,175.125,280.0,South
-13.125,177.125,2725.0,South
-13.125,179.125,4447.5,South
-13.125,181.125,5161.0,South
-13.125,183.125,2277.0,South
-13.125,185.125,4655.5,South
-13.125,187.125,3776.5,South
-13.125,189.125,5957.0,South
-13.125,191.125,4741.5,South
-13.125,193.125,4695.0,South
-13.125,195.125,5063.0,South
-13.125,197.125,3271.5,South
-13.125,199.125,5132.5,South
-13.125,201.125,5617.5,South
-13.125,203.125,6603.0,South
-13.125,205.125,2190.0,South
-13.125,207.125,1804.5,South
-13.125,209.125,2259.5,South
-13.125,211.125,6479.5,South
-13.125,213.125,4368.5,South
-13.125,215.125,3991.5,South
-13.125,217.125,5885.0,South
-13.125,219.125,2853.0,South
-13.125,221.125,4660.5,South
-13.125,223.125,4904.0,South
-13.125,225.125,5486.5,South
-13.125,227.125,5401.0,South
-13.125,229.125,6633.0,South
-13.125,231.125,6569.0,South
-13.125,233.125,2261.0,South
-13.125,235.125,4738.5,South
-13.125,237.125,2952.0,South
-13.125,239.125,5974.5,South
-13.125,241.125,3854.0,South
-13.125,243.125,4148.0,South
-13.125,245.125,3832.5,South
-13.125,247.125,4337.5,South
-13.125,249.125,2642.5,South
-13.125,251.125,1704.0,South
-13.125,253.125,819.0,South
-13.125,255.125,1145.5,South
-13.125,257.125,-2496.0,South
-13.125,259.125,1911.5,South
-13.125,261.125,214.5,South
-13.125,263.125,505.5,South
-13.125,265.125,-3.5,South
-13.125,267.125,-1050.5,South
-13.125,269.125,-592.0,South
-13.125,271.125,-258.0,South
-13.125,273.125,99.5,South
-13.125,275.125,1117.0,South
-13.125,277.125,-120.5,South
-13.125,279.125,-355.5,South
-13.125,281.125,2284.5,South
-13.125,283.125,1766.0,South
-13.125,285.125,570.0,South
-13.125,287.125,-700.5,South
-13.125,289.125,-308.5,South
-13.125,291.125,-738.5,South
-13.125,293.125,-1687.5,South
-13.125,295.125,-1610.0,South
-13.125,297.125,-295.5,South
-13.125,299.125,-94.0,South
-13.125,301.125,-875.5,South
-13.125,303.125,-1008.5,South
-13.125,305.125,-1612.0,South
-13.125,307.125,-1812.5,South
-13.125,309.125,-1607.5,South
-13.125,311.125,-2001.5,South
-13.125,313.125,-1932.5,South
-13.125,315.125,-1467.5,South
-13.125,317.125,-1586.5,South
-13.125,319.125,-1405.5,South
-13.125,321.125,-1956.0,South
-13.125,323.125,-1958.0,South
-13.125,325.125,-1692.5,South
-13.125,327.125,-1859.0,South
-13.125,329.125,-1738.5,South
-13.125,331.125,-1735.5,South
-13.125,333.125,-1676.0,South
-13.125,335.125,-1729.0,South
-13.125,337.125,-1785.0,South
-13.125,339.125,-2029.5,South
-13.125,341.125,-1669.5,South
-13.125,343.125,-1973.5,South
-13.125,345.125,-2004.5,South
-13.125,347.125,-2053.5,South
-13.125,349.125,-1903.0,South
-13.125,351.125,-1897.5,South
-13.125,353.125,-1669.5,South
-13.125,355.125,-510.0,South
-13.125,357.125,-1445.5,South
-13.125,359.125,896.0,South
-15.125,1.125,-366.5,South
-15.125,3.125,-857.5,South
-15.125,5.125,174.0,South
-15.125,7.125,36.5,South
-15.125,9.125,-8.5,South
-15.125,11.125,937.0,South
-15.125,13.125,1203.0,South
-15.125,15.125,920.5,South
-15.125,17.125,1810.5,South
-15.125,19.125,1594.0,South
-15.125,21.125,1010.5,South
-15.125,23.125,1104.5,South
-15.125,25.125,715.0,South
-15.125,27.125,-1602.5,South
-15.125,29.125,-2532.5,South
-15.125,31.125,-2649.5,South
-15.125,33.125,-2806.5,South
-15.125,35.125,-2760.0,South
-15.125,37.125,-2795.5,South
-15.125,39.125,-2352.5,South
-15.125,41.125,-864.0,South
-15.125,43.125,-1440.0,South
-15.125,45.125,-2130.0,South
-15.125,47.125,-652.5,South
-15.125,49.125,197.5,South
-15.125,51.125,554.0,South
-15.125,53.125,-682.5,South
-15.125,55.125,-1125.0,South
-15.125,57.125,-1240.5,South
-15.125,59.125,-670.0,South
-15.125,61.125,-2798.5,South
-15.125,63.125,-1173.5,South
-15.125,65.125,-2571.5,South
-15.125,67.125,-1286.5,South
-15.125,69.125,-1381.5,South
-15.125,71.125,-2523.5,South
-15.125,73.125,-1109.0,South
-15.125,75.125,-291.5,South
-15.125,77.125,-245.5,South
-15.125,79.125,-963.5,South
-15.125,81.125,-940.0,South
-15.125,83.125,-369.0,South
-15.125,85.125,-1106.5,South
-15.125,87.125,-643.0,South
-15.125,89.125,-1165.0,South
-15.125,91.125,443.5,South
-15.125,93.125,-1066.0,South
-15.125,95.125,1241.0,South
-15.125,97.125,1253.0,South
-15.125,99.125,1777.0,South
-15.125,101.125,2599.5,South
-15.125,103.125,2323.0,South
-15.125,105.125,653.0,South
-15.125,107.125,3310.0,South
-15.125,109.125,3026.0,South
-15.125,111.125,2030.0,South
-15.125,113.125,2137.0,South
-15.125,115.125,-1422.0,South
-15.125,117.125,1704.0,South
-15.125,119.125,1675.0,South
-15.125,121.125,2836.5,South
-15.125,123.125,1629.5,South
-15.125,125.125,3633.5,South
-15.125,127.125,3026.0,South
-15.125,129.125,2330.5,South
-15.125,131.125,2547.0,South
-15.125,133.125,3293.5,South
-15.125,135.125,2821.5,South
-15.125,137.125,506.5,South
-15.125,139.125,2428.5,South
-15.125,141.125,1432.0,South
-15.125,143.125,4944.5,South
-15.125,145.125,3821.0,South
-15.125,147.125,4679.0,South
-15.125,149.125,6244.0,South
-15.125,151.125,4486.0,South
-15.125,153.125,2627.0,South
-15.125,155.125,3089.0,South
-15.125,157.125,4075.5,South
-15.125,159.125,713.5,South
-15.125,161.125,5995.5,South
-15.125,163.125,683.5,South
-15.125,165.125,-737.0,South
-15.125,167.125,-1043.0,South
-15.125,169.125,1003.0,South
-15.125,171.125,4823.5,South
-15.125,173.125,-2923.5,South
-15.125,175.125,5627.0,South
-15.125,177.125,6177.0,South
-15.125,179.125,569.0,South
-15.125,181.125,1889.5,South
-15.125,183.125,4471.0,South
-15.125,185.125,5399.0,South
-15.125,187.125,2240.0,South
-15.125,189.125,140.0,South
-15.125,191.125,5522.5,South
-15.125,193.125,4118.0,South
-15.125,195.125,5048.0,South
-15.125,197.125,6369.5,South
-15.125,199.125,6463.0,South
-15.125,201.125,4707.0,South
-15.125,203.125,7314.5,South
-15.125,205.125,1581.5,South
-15.125,207.125,2238.5,South
-15.125,209.125,2475.0,South
-15.125,211.125,5106.5,South
-15.125,213.125,3924.0,South
-15.125,215.125,4110.0,South
-15.125,217.125,3883.0,South
-15.125,219.125,2846.0,South
-15.125,221.125,4784.0,South
-15.125,223.125,3982.5,South
-15.125,225.125,4747.0,South
-15.125,227.125,4762.5,South
-15.125,229.125,6043.5,South
-15.125,231.125,2223.5,South
-15.125,233.125,5471.0,South
-15.125,235.125,3164.0,South
-15.125,237.125,2434.0,South
-15.125,239.125,6305.5,South
-15.125,241.125,3504.5,South
-15.125,243.125,4310.0,South
-15.125,245.125,5480.5,South
-15.125,247.125,6310.0,South
-15.125,249.125,4488.0,South
-15.125,251.125,4071.0,South
-15.125,253.125,1738.5,South
-15.125,255.125,521.5,South
-15.125,257.125,141.5,South
-15.125,259.125,685.5,South
-15.125,261.125,-61.0,South
-15.125,263.125,-2445.5,South
-15.125,265.125,-1616.0,South
-15.125,267.125,-1449.5,South
-15.125,269.125,-1681.5,South
-15.125,271.125,-1439.5,South
-15.125,273.125,-205.0,South
-15.125,275.125,2019.0,South
-15.125,277.125,136.0,South
-15.125,279.125,276.5,South
-15.125,281.125,351.5,South
-15.125,283.125,-533.0,South
-15.125,285.125,-769.5,South
-15.125,287.125,821.5,South
-15.125,289.125,-608.0,South
-15.125,291.125,-1153.5,South
-15.125,293.125,-1511.0,South
-15.125,295.125,-1555.5,South
-15.125,297.125,-1514.0,South
-15.125,299.125,-470.0,South
-15.125,301.125,-524.0,South
-15.125,303.125,-774.0,South
-15.125,305.125,-789.0,South
-15.125,307.125,-1660.5,South
-15.125,309.125,-1939.0,South
-15.125,311.125,-1757.5,South
-15.125,313.125,-1795.0,South
-15.125,315.125,-1395.5,South
-15.125,317.125,-626.5,South
-15.125,319.125,-1373.5,South
-15.125,321.125,-1543.0,South
-15.125,323.125,-2033.0,South
-15.125,325.125,-1851.0,South
-15.125,327.125,-1910.5,South
-15.125,329.125,-1763.0,South
-15.125,331.125,-1711.0,South
-15.125,333.125,-1871.0,South
-15.125,335.125,-1984.5,South
-15.125,337.125,-2136.0,South
-15.125,339.125,-1918.5,South
-15.125,341.125,-1925.0,South
-15.125,343.125,-2057.0,South
-15.125,345.125,-2216.5,South
-15.125,347.125,-2142.5,South
-15.125,349.125,-2040.0,South
-15.125,351.125,-1731.0,South
-15.125,353.125,-2111.0,South
-15.125,355.125,-978.5,South
-15.125,357.125,-1060.5,South
-15.125,359.125,-956.5,South
-17.125,1.125,45.0,South
-17.125,3.125,819.0,South
-17.125,5.125,-10.0,South
-17.125,7.125,-237.0,South
-17.125,9.125,171.0,South
-17.125,11.125,561.0,South
-17.125,13.125,-61.5,South
-17.125,15.125,-1042.0,South
-17.125,17.125,780.0,South
-17.125,19.125,2002.5,South
-17.125,21.125,1124.0,South
-17.125,23.125,-1755.5,South
-17.125,25.125,1070.0,South
-17.125,27.125,-1222.0,South
-17.125,29.125,-2185.5,South
-17.125,31.125,-2662.0,South
-17.125,33.125,-2716.5,South
-17.125,35.125,-2674.5,South
-17.125,37.125,-2762.5,South
-17.125,39.125,-2528.5,South
-17.125,41.125,52.0,South
-17.125,43.125,-1381.0,South
-17.125,45.125,-295.5,South
-17.125,47.125,323.0,South
-17.125,49.125,-395.5,South
-17.125,51.125,-646.5,South
-17.125,53.125,-772.0,South
-17.125,55.125,-977.5,South
-17.125,57.125,-1071.5,South
-17.125,59.125,-387.5,South
-17.125,61.125,-2496.5,South
-17.125,63.125,-2547.0,South
-17.125,65.125,-735.5,South
-17.125,67.125,-1336.0,South
-17.125,69.125,-1097.5,South
-17.125,71.125,-1347.5,South
-17.125,73.125,-1112.5,South
-17.125,75.125,-476.5,South
-17.125,77.125,-168.0,South
-17.125,79.125,-1542.0,South
-17.125,81.125,501.0,South
-17.125,83.125,384.0,South
-17.125,85.125,1483.0,South
-17.125,87.125,624.0,South
-17.125,89.125,794.0,South
-17.125,91.125,400.5,South
-17.125,93.125,440.5,South
-17.125,95.125,-3071.5,South
-17.125,97.125,-1973.0,South
-17.125,99.125,647.5,South
-17.125,101.125,7.0,South
-17.125,103.125,1330.0,South
-17.125,105.125,2210.5,South
-17.125,107.125,-1498.5,South
-17.125,109.125,-1727.5,South
-17.125,111.125,2952.5,South
-17.125,113.125,2953.0,South
-17.125,115.125,1301.5,South
-17.125,117.125,3198.5,South
-17.125,119.125,1114.0,South
-17.125,121.125,-857.0,South
-17.125,123.125,-2709.0,South
-17.125,125.125,-1170.0,South
-17.125,127.125,3516.5,South
-17.125,129.125,2683.5,South
-17.125,131.125,1774.5,South
-17.125,133.125,2185.0,South
-17.125,135.125,150.5,South
-17.125,137.125,-291.0,South
-17.125,139.125,64.5,South
-17.125,141.125,-241.0,South
-17.125,143.125,4150.5,South
-17.125,145.125,5471.0,South
-17.125,147.125,-981.0,South
-17.125,149.125,1281.5,South
-17.125,151.125,262.0,South
-17.125,153.125,1699.0,South
-17.125,155.125,898.0,South
-17.125,157.125,-697.0,South
-17.125,159.125,2873.5,South
-17.125,161.125,-273.5,South
-17.125,163.125,-1058.0,South
-17.125,165.125,1800.5,South
-17.125,167.125,-978.5,South
-17.125,169.125,2177.0,South
-17.125,171.125,968.5,South
-17.125,173.125,-2219.5,South
-17.125,175.125,1403.0,South
-17.125,177.125,912.5,South
-17.125,179.125,-2073.0,South
-17.125,181.125,-1119.5,South
-17.125,183.125,-1066.5,South
-17.125,185.125,2782.5,South
-17.125,187.125,1467.5,South
-17.125,189.125,3510.5,South
-17.125,191.125,707.0,South
-17.125,193.125,-206.0,South
-17.125,195.125,-35.5,South
-17.125,197.125,2276.5,South
-17.125,199.125,2797.0,South
-17.125,201.125,2992.5,South
-17.125,203.125,5273.5,South
-17.125,205.125,5496.0,South
-17.125,207.125,3405.0,South
-17.125,209.125,6740.5,South
-17.125,211.125,2623.0,South
-17.125,213.125,1023.5,South
-17.125,215.125,4857.5,South
-17.125,217.125,5671.0,South
-17.125,219.125,2614.0,South
-17.125,221.125,5048.0,South
-17.125,223.125,3644.0,South
-17.125,225.125,2237.0,South
-17.125,227.125,5479.0,South
-17.125,229.125,3455.5,South
-17.125,231.125,2770.5,South
-17.125,233.125,5284.0,South
-17.125,235.125,3947.0,South
-17.125,237.125,3193.0,South
-17.125,239.125,3326.5,South
-17.125,241.125,4589.5,South
-17.125,243.125,4533.5,South
-17.125,245.125,4965.5,South
-17.125,247.125,5145.5,South
-17.125,249.125,5837.0,South
-17.125,251.125,2358.5,South
-17.125,253.125,164.0,South
-17.125,255.125,-69.5,South
-17.125,257.125,23.0,South
-17.125,259.125,-320.5,South
-17.125,261.125,-2489.5,South
-17.125,263.125,-2865.0,South
-17.125,265.125,-2568.5,South
-17.125,267.125,-2618.0,South
-17.125,269.125,-2389.0,South
-17.125,271.125,-1223.0,South
-17.125,273.125,-295.5,South
-17.125,275.125,-411.5,South
-17.125,277.125,525.5,South
-17.125,279.125,202.5,South
-17.125,281.125,2166.0,South
-17.125,283.125,728.5,South
-17.125,285.125,1221.5,South
-17.125,287.125,1699.0,South
-17.125,289.125,-1479.5,South
-17.125,291.125,-1264.5,South
-17.125,293.125,-1666.5,South
-17.125,295.125,-1376.0,South
-17.125,297.125,-1024.0,South
-17.125,299.125,376.5,South
-17.125,301.125,-1273.5,South
-17.125,303.125,-737.0,South
-17.125,305.125,-908.5,South
-17.125,307.125,-1151.0,South
-17.125,309.125,-1691.0,South
-17.125,311.125,-1532.0,South
-17.125,313.125,-1599.5,South
-17.125,315.125,-1566.5,South
-17.125,317.125,-1306.5,South
-17.125,319.125,-2349.0,South
-17.125,321.125,-2207.0,South
-17.125,323.125,-2197.5,South
-17.125,325.125,-2023.0,South
-17.125,327.125,-1890.0,South
-17.125,329.125,-1945.5,South
-17.125,331.125,-1901.0,South
-17.125,333.125,-1754.0,South
-17.125,335.125,-2089.0,South
-17.125,337.125,-2294.0,South
-17.125,339.125,-2293.5,South
-17.125,341.125,-2236.0,South
-17.125,343.125,-1986.5,South
-17.125,345.125,-2364.0,South
-17.125,347.125,-2364.5,South
-17.125,349.125,-2232.5,South
-17.125,351.125,-1848.0,South
-17.125,353.125,-1888.5,South
-17.125,355.125,-1502.0,South
-17.125,357.125,-729.5,South
-17.125,359.125,-138.0,South
-19.125,1.125,871.0,South
-19.125,3.125,-1023.5,South
-19.125,5.125,-707.0,South
-19.125,7.125,-337.0,South
-19.125,9.125,-333.0,South
-19.125,11.125,-121.0,South
-19.125,13.125,531.0,South
-19.125,15.125,1002.0,South
-19.125,17.125,1294.0,South
-19.125,19.125,3777.0,South
-19.125,21.125,1271.0,South
-19.125,23.125,-1214.0,South
-19.125,25.125,630.5,South
-19.125,27.125,-89.0,South
-19.125,29.125,-1527.0,South
-19.125,31.125,-2497.0,South
-19.125,33.125,-2531.5,South
-19.125,35.125,-2651.5,South
-19.125,37.125,-2580.0,South
-19.125,39.125,-2415.0,South
-19.125,41.125,-1344.5,South
-19.125,43.125,-1399.0,South
-19.125,45.125,-992.5,South
-19.125,47.125,-1493.5,South
-19.125,49.125,-680.5,South
-19.125,51.125,-827.5,South
-19.125,53.125,-748.5,South
-19.125,55.125,-820.0,South
-19.125,57.125,-701.5,South
-19.125,59.125,-881.0,South
-19.125,61.125,-900.5,South
-19.125,63.125,-2141.5,South
-19.125,65.125,-41.5,South
-19.125,67.125,-907.0,South
-19.125,69.125,-1543.5,South
-19.125,71.125,-1364.0,South
-19.125,73.125,-1427.0,South
-19.125,75.125,-1675.5,South
-19.125,77.125,-170.0,South
-19.125,79.125,-4973.0,South
-19.125,81.125,-190.5,South
-19.125,83.125,326.5,South
-19.125,85.125,-345.0,South
-19.125,87.125,-1065.5,South
-19.125,89.125,-1825.0,South
-19.125,91.125,545.5,South
-19.125,93.125,-239.0,South
-19.125,95.125,-2598.0,South
-19.125,97.125,-2194.0,South
-19.125,99.125,-349.0,South
-19.125,101.125,299.5,South
-19.125,103.125,1781.5,South
-19.125,105.125,2839.0,South
-19.125,107.125,-1808.5,South
-19.125,109.125,-1698.0,South
-19.125,111.125,2013.0,South
-19.125,113.125,1885.0,South
-19.125,115.125,2162.0,South
-19.125,117.125,1589.0,South
-19.125,119.125,2313.5,South
-19.125,121.125,-1619.5,South
-19.125,123.125,-1275.0,South
-19.125,125.125,-697.0,South
-19.125,127.125,-1187.0,South
-19.125,129.125,-1515.5,South
-19.125,131.125,-309.0,South
-19.125,133.125,1943.0,South
-19.125,135.125,-684.5,South
-19.125,137.125,2230.5,South
-19.125,139.125,3917.5,South
-19.125,141.125,592.5,South
-19.125,143.125,4959.0,South
-19.125,145.125,4622.0,South
-19.125,147.125,1248.5,South
-19.125,149.125,819.0,South
-19.125,151.125,207.5,South
-19.125,153.125,-159.0,South
-19.125,155.125,673.5,South
-19.125,157.125,2470.5,South
-19.125,159.125,-544.5,South
-19.125,161.125,-286.0,South
-19.125,163.125,-826.5,South
-19.125,165.125,-848.0,South
-19.125,167.125,-204.5,South
-19.125,169.125,-1900.0,South
-19.125,171.125,-942.5,South
-19.125,173.125,-485.5,South
-19.125,175.125,483.5,South
-19.125,177.125,1213.5,South
-19.125,179.125,-300.0,South
-19.125,181.125,-200.5,South
-19.125,183.125,-569.5,South
-19.125,185.125,345.5,South
-19.125,187.125,2050.5,South
-19.125,189.125,6306.0,South
-19.125,191.125,-334.0,South
-19.125,193.125,-868.5,South
-19.125,195.125,-2522.5,South
-19.125,197.125,-669.0,South
-19.125,199.125,359.0,South
-19.125,201.125,1747.5,South
-19.125,203.125,750.5,South
-19.125,205.125,1925.5,South
-19.125,207.125,5144.0,South
-19.125,209.125,6080.5,South
-19.125,211.125,1991.5,South
-19.125,213.125,3248.0,South
-19.125,215.125,4191.0,South
-19.125,217.125,1695.5,South
-19.125,219.125,2413.0,South
-19.125,221.125,4282.0,South
-19.125,223.125,2641.5,South
-19.125,225.125,3506.5,South
-19.125,227.125,3744.5,South
-19.125,229.125,3909.5,South
-19.125,231.125,3462.0,South
-19.125,233.125,3273.5,South
-19.125,235.125,4322.5,South
-19.125,237.125,4091.5,South
-19.125,239.125,4325.0,South
-19.125,241.125,4564.5,South
-19.125,243.125,4795.0,South
-19.125,245.125,5796.0,South
-19.125,247.125,4320.0,South
-19.125,249.125,5309.5,South
-19.125,251.125,2593.5,South
-19.125,253.125,3364.0,South
-19.125,255.125,2675.5,South
-19.125,257.125,89.5,South
-19.125,259.125,864.5,South
-19.125,261.125,-2601.0,South
-19.125,263.125,-2924.5,South
-19.125,265.125,-2639.0,South
-19.125,267.125,-2798.5,South
-19.125,269.125,-2661.0,South
-19.125,271.125,-1711.5,South
-19.125,273.125,-159.0,South
-19.125,275.125,-793.5,South
-19.125,277.125,603.0,South
-19.125,279.125,463.5,South
-19.125,281.125,-173.0,South
-19.125,283.125,372.5,South
-19.125,285.125,-199.5,South
-19.125,287.125,618.5,South
-19.125,289.125,-678.0,South
-19.125,291.125,-919.0,South
-19.125,293.125,1161.0,South
-19.125,295.125,-888.5,South
-19.125,297.125,-1480.5,South
-19.125,299.125,34.5,South
-19.125,301.125,-751.0,South
-19.125,303.125,-627.5,South
-19.125,305.125,-927.0,South
-19.125,307.125,-870.0,South
-19.125,309.125,-1295.5,South
-19.125,311.125,-1135.0,South
-19.125,313.125,-950.0,South
-19.125,315.125,-351.0,South
-19.125,317.125,-2295.5,South
-19.125,319.125,-2219.0,South
-19.125,321.125,-1538.0,South
-19.125,323.125,-2133.5,South
-19.125,325.125,-2091.5,South
-19.125,327.125,-2041.0,South
-19.125,329.125,-2194.5,South
-19.125,331.125,-2091.0,South
-19.125,333.125,-1800.5,South
-19.125,335.125,-2202.0,South
-19.125,337.125,-2235.5,South
-19.125,339.125,-2431.5,South
-19.125,341.125,-2508.0,South
-19.125,343.125,-2237.0,South
-19.125,345.125,-2350.0,South
-19.125,347.125,-2406.0,South
-19.125,349.125,-2244.5,South
-19.125,351.125,-1930.0,South
-19.125,353.125,-1613.5,South
-19.125,355.125,-815.5,South
-19.125,357.125,-1173.5,South
-19.125,359.125,-402.0,South
-21.125,1.125,-182.0,South
-21.125,3.125,-929.5,South
-21.125,5.125,-797.0,South
-21.125,7.125,-350.0,South
-21.125,9.125,-306.5,South
-21.125,11.125,-265.0,South
-21.125,13.125,462.5,South
-21.125,15.125,120.0,South
-21.125,17.125,1525.0,South
-21.125,19.125,876.0,South
-21.125,21.125,681.0,South
-21.125,23.125,2270.0,South
-21.125,25.125,898.0,South
-21.125,27.125,-234.0,South
-21.125,29.125,117.0,South
-21.125,31.125,-656.5,South
-21.125,33.125,-2220.5,South
-21.125,35.125,-1404.0,South
-21.125,37.125,-1939.0,South
-21.125,39.125,-74.5,South
-21.125,41.125,-849.0,South
-21.125,43.125,-1369.0,South
-21.125,45.125,-1115.5,South
-21.125,47.125,-1367.0,South
-21.125,49.125,-152.0,South
-21.125,51.125,-781.0,South
-21.125,53.125,-881.0,South
-21.125,55.125,-899.5,South
-21.125,57.125,-655.0,South
-21.125,59.125,-666.5,South
-21.125,61.125,-673.5,South
-21.125,63.125,-689.0,South
-21.125,65.125,348.0,South
-21.125,67.125,243.5,South
-21.125,69.125,-1363.0,South
-21.125,71.125,-1386.5,South
-21.125,73.125,-681.0,South
-21.125,75.125,-417.0,South
-21.125,77.125,-442.5,South
-21.125,79.125,-4729.5,South
-21.125,81.125,-2639.0,South
-21.125,83.125,-1338.0,South
-21.125,85.125,-1780.5,South
-21.125,87.125,-769.0,South
-21.125,89.125,-290.0,South
-21.125,91.125,266.5,South
-21.125,93.125,-63.5,South
-21.125,95.125,-2261.5,South
-21.125,97.125,-48.0,South
-21.125,99.125,224.5,South
-21.125,101.125,-284.5,South
-21.125,103.125,13.5,South
-21.125,105.125,592.0,South
-21.125,107.125,1124.5,South
-21.125,109.125,-379.5,South
-21.125,111.125,589.0,South
-21.125,113.125,1563.0,South
-21.125,115.125,814.0,South
-21.125,117.125,376.5,South
-21.125,119.125,194.0,South
-21.125,121.125,-1149.0,South
-21.125,123.125,-764.0,South
-21.125,125.125,-80.5,South
-21.125,127.125,-1634.0,South
-21.125,129.125,-1790.0,South
-21.125,131.125,-1776.0,South
-21.125,133.125,3054.0,South
-21.125,135.125,3236.0,South
-21.125,137.125,380.0,South
-21.125,139.125,3323.5,South
-21.125,141.125,1227.5,South
-21.125,143.125,1457.5,South
-21.125,145.125,5126.0,South
-21.125,147.125,99.0,South
-21.125,149.125,149.0,South
-21.125,151.125,60.5,South
-21.125,153.125,1272.0,South
-21.125,155.125,2766.0,South
-21.125,157.125,-2558.0,South
-21.125,159.125,-105.5,South
-21.125,161.125,-34.0,South
-21.125,163.125,1396.5,South
-21.125,165.125,-1483.5,South
-21.125,167.125,1530.5,South
-21.125,169.125,-500.0,South
-21.125,171.125,-2604.5,South
-21.125,173.125,-485.5,South
-21.125,175.125,-907.0,South
-21.125,177.125,-1069.5,South
-21.125,179.125,-283.5,South
-21.125,181.125,-519.5,South
-21.125,183.125,950.0,South
-21.125,185.125,-605.5,South
-21.125,187.125,-2487.0,South
-21.125,189.125,376.0,South
-21.125,191.125,-1257.5,South
-21.125,193.125,-748.5,South
-21.125,195.125,3163.5,South
-21.125,197.125,192.0,South
-21.125,199.125,2954.0,South
-21.125,201.125,614.0,South
-21.125,203.125,526.5,South
-21.125,205.125,785.5,South
-21.125,207.125,484.0,South
-21.125,209.125,919.0,South
-21.125,211.125,4084.5,South
-21.125,213.125,3754.5,South
-21.125,215.125,2683.5,South
-21.125,217.125,2918.0,South
-21.125,219.125,4588.5,South
-21.125,221.125,3096.0,South
-21.125,223.125,3123.5,South
-21.125,225.125,3278.0,South
-21.125,227.125,3065.0,South
-21.125,229.125,3136.0,South
-21.125,231.125,3011.0,South
-21.125,233.125,3364.0,South
-21.125,235.125,3717.0,South
-21.125,237.125,1746.0,South
-21.125,239.125,2961.5,South
-21.125,241.125,3672.5,South
-21.125,243.125,5277.5,South
-21.125,245.125,4705.0,South
-21.125,247.125,6746.0,South
-21.125,249.125,3878.0,South
-21.125,251.125,2651.0,South
-21.125,253.125,3720.0,South
-21.125,255.125,-806.0,South
-21.125,257.125,272.5,South
-21.125,259.125,-771.0,South
-21.125,261.125,-1324.5,South
-21.125,263.125,-2867.5,South
-21.125,265.125,-2856.0,South
-21.125,267.125,-2819.0,South
-21.125,269.125,-2623.0,South
-21.125,271.125,-2065.5,South
-21.125,273.125,15.5,South
-21.125,275.125,-822.0,South
-21.125,277.125,1494.0,South
-21.125,279.125,1152.5,South
-21.125,281.125,656.5,South
-21.125,283.125,1921.5,South
-21.125,285.125,723.5,South
-21.125,287.125,1896.0,South
-21.125,289.125,882.5,South
-21.125,291.125,-1040.5,South
-21.125,293.125,196.0,South
-21.125,295.125,-1285.5,South
-21.125,297.125,2065.5,South
-21.125,299.125,956.5,South
-21.125,301.125,-222.5,South
-21.125,303.125,-1082.5,South
-21.125,305.125,-73.0,South
-21.125,307.125,-1046.0,South
-21.125,309.125,-129.5,South
-21.125,311.125,-2047.0,South
-21.125,313.125,-210.5,South
-21.125,315.125,-1949.0,South
-21.125,317.125,-2539.0,South
-21.125,319.125,-2388.0,South
-21.125,321.125,-2282.5,South
-21.125,323.125,-2276.5,South
-21.125,325.125,-2265.5,South
-21.125,327.125,-1254.0,South
-21.125,329.125,-1917.0,South
-21.125,331.125,-1947.0,South
-21.125,333.125,-1918.5,South
-21.125,335.125,-2210.0,South
-21.125,337.125,-3780.0,South
-21.125,339.125,-2273.0,South
-21.125,341.125,-2547.0,South
-21.125,343.125,-2384.0,South
-21.125,345.125,-2430.5,South
-21.125,347.125,-2382.5,South
-21.125,349.125,-2287.0,South
-21.125,351.125,-2185.0,South
-21.125,353.125,-1511.5,South
-21.125,355.125,-763.5,South
-21.125,357.125,-225.5,South
-21.125,359.125,-353.5,South
-23.125,1.125,-688.5,South
-23.125,3.125,746.0,South
-23.125,5.125,-273.5,South
-23.125,7.125,-1143.5,South
-23.125,9.125,757.5,South
-23.125,11.125,238.0,South
-23.125,13.125,1256.0,South
-23.125,15.125,584.5,South
-23.125,17.125,-687.0,South
-23.125,19.125,1966.5,South
-23.125,21.125,1625.0,South
-23.125,23.125,202.5,South
-23.125,25.125,1761.0,South
-23.125,27.125,631.0,South
-23.125,29.125,-194.5,South
-23.125,31.125,-838.0,South
-23.125,33.125,-578.0,South
-23.125,35.125,590.5,South
-23.125,37.125,436.0,South
-23.125,39.125,-175.5,South
-23.125,41.125,-863.5,South
-23.125,43.125,-918.0,South
-23.125,45.125,-1275.5,South
-23.125,47.125,65.5,South
-23.125,49.125,-322.0,South
-23.125,51.125,-853.0,South
-23.125,53.125,-835.0,South
-23.125,55.125,-625.5,South
-23.125,57.125,792.5,South
-23.125,59.125,245.5,South
-23.125,61.125,-1402.5,South
-23.125,63.125,-396.0,South
-23.125,65.125,-365.0,South
-23.125,67.125,-154.0,South
-23.125,69.125,87.0,South
-23.125,71.125,-869.0,South
-23.125,73.125,-1163.0,South
-23.125,75.125,-444.0,South
-23.125,77.125,-870.5,South
-23.125,79.125,-4146.0,South
-23.125,81.125,-1318.0,South
-23.125,83.125,-1126.5,South
-23.125,85.125,-1097.5,South
-23.125,87.125,-1538.0,South
-23.125,89.125,-1626.0,South
-23.125,91.125,-3035.5,South
-23.125,93.125,-2748.0,South
-23.125,95.125,-1052.5,South
-23.125,97.125,-154.0,South
-23.125,99.125,-2363.5,South
-23.125,101.125,254.0,South
-23.125,103.125,944.0,South
-23.125,105.125,446.0,South
-23.125,107.125,180.5,South
-23.125,109.125,1219.0,South
-23.125,111.125,-2050.5,South
-23.125,113.125,1852.5,South
-23.125,115.125,-76.0,South
-23.125,117.125,1039.0,South
-23.125,119.125,-132.5,South
-23.125,121.125,646.5,South
-23.125,123.125,-919.0,South
-23.125,125.125,270.5,South
-23.125,127.125,2402.0,South
-23.125,129.125,-212.0,South
-23.125,131.125,971.5,South
-23.125,133.125,776.0,South
-23.125,135.125,-1001.5,South
-23.125,137.125,987.5,South
-23.125,139.125,1147.5,South
-23.125,141.125,2060.0,South
-23.125,143.125,-1363.5,South
-23.125,145.125,3109.0,South
-23.125,147.125,2624.5,South
-23.125,149.125,365.0,South
-23.125,151.125,1808.5,South
-23.125,153.125,4068.5,South
-23.125,155.125,2726.0,South
-23.125,157.125,1411.5,South
-23.125,159.125,-164.5,South
-23.125,161.125,-896.5,South
-23.125,163.125,-2581.5,South
-23.125,165.125,1293.0,South
-23.125,167.125,-784.5,South
-23.125,169.125,-1053.5,South
-23.125,171.125,-1242.5,South
-23.125,173.125,-1005.0,South
-23.125,175.125,-1549.5,South
-23.125,177.125,-894.0,South
-23.125,179.125,-642.0,South
-23.125,181.125,-2114.0,South
-23.125,183.125,-3130.5,South
-23.125,185.125,-3616.0,South
-23.125,187.125,-837.5,South
-23.125,189.125,-3305.0,South
-23.125,191.125,-1886.0,South
-23.125,193.125,-1463.0,South
-23.125,195.125,-415.5,South
-23.125,197.125,-1340.0,South
-23.125,199.125,-180.5,South
-23.125,201.125,152.0,South
-23.125,203.125,2205.0,South
-23.125,205.125,2129.5,South
-23.125,207.125,1200.5,South
-23.125,209.125,2385.0,South
-23.125,211.125,4994.0,South
-23.125,213.125,2004.0,South
-23.125,215.125,5746.0,South
-23.125,217.125,3430.0,South
-23.125,219.125,1118.0,South
-23.125,221.125,4478.5,South
-23.125,223.125,3168.5,South
-23.125,225.125,1519.0,South
-23.125,227.125,4162.5,South
-23.125,229.125,3183.5,South
-23.125,231.125,2822.5,South
-23.125,233.125,3621.0,South
-23.125,235.125,3626.5,South
-23.125,237.125,636.5,South
-23.125,239.125,3084.5,South
-23.125,241.125,2666.0,South
-23.125,243.125,3992.0,South
-23.125,245.125,4201.5,South
-23.125,247.125,5677.0,South
-23.125,249.125,4581.0,South
-23.125,251.125,2553.0,South
-23.125,253.125,939.0,South
-23.125,255.125,162.5,South
-23.125,257.125,368.5,South
-23.125,259.125,777.5,South
-23.125,261.125,-1364.5,South
-23.125,263.125,-1738.5,South
-23.125,265.125,-2840.5,South
-23.125,267.125,-2813.5,South
-23.125,269.125,-2038.0,South
-23.125,271.125,376.0,South
-23.125,273.125,-239.0,South
-23.125,275.125,-973.0,South
-23.125,277.125,280.5,South
-23.125,279.125,1157.5,South
-23.125,281.125,1930.5,South
-23.125,283.125,963.5,South
-23.125,285.125,641.0,South
-23.125,287.125,1642.0,South
-23.125,289.125,-663.0,South
-23.125,291.125,-695.5,South
-23.125,293.125,1392.5,South
-23.125,295.125,1552.5,South
-23.125,297.125,-198.0,South
-23.125,299.125,-515.5,South
-23.125,301.125,-1669.5,South
-23.125,303.125,104.5,South
-23.125,305.125,-1033.5,South
-23.125,307.125,-813.5,South
-23.125,309.125,-1110.5,South
-23.125,311.125,-312.0,South
-23.125,313.125,-1556.0,South
-23.125,315.125,-2380.0,South
-23.125,317.125,-2511.0,South
-23.125,319.125,-2389.0,South
-23.125,321.125,-2298.5,South
-23.125,323.125,-2302.0,South
-23.125,325.125,-2395.0,South
-23.125,327.125,-1693.0,South
-23.125,329.125,-2173.5,South
-23.125,331.125,-1794.5,South
-23.125,333.125,-1842.5,South
-23.125,335.125,-2357.0,South
-23.125,337.125,-2406.0,South
-23.125,339.125,-2527.5,South
-23.125,341.125,-2579.5,South
-23.125,343.125,-2378.5,South
-23.125,345.125,-2521.0,South
-23.125,347.125,-2446.0,South
-23.125,349.125,-2384.5,South
-23.125,351.125,-2177.0,South
-23.125,353.125,-1539.5,South
-23.125,355.125,-1012.5,South
-23.125,357.125,340.0,South
-23.125,359.125,382.0,South
-25.125,1.125,232.5,South
-25.125,3.125,-1296.0,South
-25.125,5.125,-396.0,South
-25.125,7.125,-1040.0,South
-25.125,9.125,179.0,South
-25.125,11.125,894.0,South
-25.125,13.125,268.5,South
-25.125,15.125,395.0,South
-25.125,17.125,174.5,South
-25.125,19.125,1656.0,South
-25.125,21.125,326.0,South
-25.125,23.125,1636.0,South
-25.125,25.125,1039.5,South
-25.125,27.125,1221.0,South
-25.125,29.125,-192.5,South
-25.125,31.125,-108.5,South
-25.125,33.125,-227.5,South
-25.125,35.125,-84.0,South
-25.125,37.125,-452.5,South
-25.125,39.125,-1011.0,South
-25.125,41.125,-522.0,South
-25.125,43.125,742.0,South
-25.125,45.125,-400.0,South
-25.125,47.125,880.5,South
-25.125,49.125,-691.0,South
-25.125,51.125,286.5,South
-25.125,53.125,-724.0,South
-25.125,55.125,-591.5,South
-25.125,57.125,914.5,South
-25.125,59.125,-1836.0,South
-25.125,61.125,-1270.5,South
-25.125,63.125,-1395.5,South
-25.125,65.125,-487.0,South
-25.125,67.125,-245.0,South
-25.125,69.125,341.5,South
-25.125,71.125,-1083.5,South
-25.125,73.125,-1143.0,South
-25.125,75.125,-1282.0,South
-25.125,77.125,-335.0,South
-25.125,79.125,-2888.0,South
-25.125,81.125,-3202.5,South
-25.125,83.125,-2545.0,South
-25.125,85.125,-1071.0,South
-25.125,87.125,-1245.5,South
-25.125,89.125,-50.5,South
-25.125,91.125,-494.5,South
-25.125,93.125,463.5,South
-25.125,95.125,659.0,South
-25.125,97.125,-2031.0,South
-25.125,99.125,-779.0,South
-25.125,101.125,-1466.0,South
-25.125,103.125,-1205.5,South
-25.125,105.125,-437.0,South
-25.125,107.125,773.5,South
-25.125,109.125,995.5,South
-25.125,111.125,-865.5,South
-25.125,113.125,774.0,South
-25.125,115.125,-1436.0,South
-25.125,117.125,-265.0,South
-25.125,119.125,-91.5,South
-25.125,121.125,-1837.0,South
-25.125,123.125,751.5,South
-25.125,125.125,386.0,South
-25.125,127.125,1339.0,South
-25.125,129.125,221.0,South
-25.125,131.125,847.5,South
-25.125,133.125,-55.0,South
-25.125,135.125,-1491.0,South
-25.125,137.125,-971.5,South
-25.125,139.125,136.5,South
-25.125,141.125,3117.5,South
-25.125,143.125,128.0,South
-25.125,145.125,632.0,South
-25.125,147.125,452.0,South
-25.125,149.125,2764.0,South
-25.125,151.125,1909.0,South
-25.125,153.125,4927.5,South
-25.125,155.125,5224.0,South
-25.125,157.125,-269.0,South
-25.125,159.125,1424.0,South
-25.125,161.125,-1102.0,South
-25.125,163.125,-293.0,South
-25.125,165.125,-137.5,South
-25.125,167.125,-1518.5,South
-25.125,169.125,699.0,South
-25.125,171.125,-281.5,South
-25.125,173.125,-3973.0,South
-25.125,175.125,-3297.5,South
-25.125,177.125,-3784.0,South
-25.125,179.125,-2322.5,South
-25.125,181.125,-4558.5,South
-25.125,183.125,-758.5,South
-25.125,185.125,-4254.0,South
-25.125,187.125,-697.5,South
-25.125,189.125,-3496.0,South
-25.125,191.125,-2951.5,South
-25.125,193.125,-1934.5,South
-25.125,195.125,-1991.5,South
-25.125,197.125,-613.5,South
-25.125,199.125,-68.5,South
-25.125,201.125,-111.5,South
-25.125,203.125,-239.0,South
-25.125,205.125,-1579.0,South
-25.125,207.125,1719.0,South
-25.125,209.125,858.5,South
-25.125,211.125,1813.0,South
-25.125,213.125,6573.0,South
-25.125,215.125,1844.0,South
-25.125,217.125,2179.0,South
-25.125,219.125,469.0,South
-25.125,221.125,5748.5,South
-25.125,223.125,3679.0,South
-25.125,225.125,2793.0,South
-25.125,227.125,-172.0,South
-25.125,229.125,2948.0,South
-25.125,231.125,3629.5,South
-25.125,233.125,2768.5,South
-25.125,235.125,3002.0,South
-25.125,237.125,4162.5,South
-25.125,239.125,1737.5,South
-25.125,241.125,3386.5,South
-25.125,243.125,3529.0,South
-25.125,245.125,4372.0,South
-25.125,247.125,4814.5,South
-25.125,249.125,3584.5,South
-25.125,251.125,2090.5,South
-25.125,253.125,1306.0,South
-25.125,255.125,-758.5,South
-25.125,257.125,-268.0,South
-25.125,259.125,2335.0,South
-25.125,261.125,1143.0,South
-25.125,263.125,6.0,South
-25.125,265.125,-794.5,South
-25.125,267.125,-723.0,South
-25.125,269.125,99.5,South
-25.125,271.125,1277.0,South
-25.125,273.125,-769.5,South
-25.125,275.125,-551.0,South
-25.125,277.125,653.5,South
-25.125,279.125,1547.0,South
-25.125,281.125,534.5,South
-25.125,283.125,61.5,South
-25.125,285.125,32.0,South
-25.125,287.125,-457.5,South
-25.125,289.125,-75.0,South
-25.125,291.125,196.0,South
-25.125,293.125,419.5,South
-25.125,295.125,-991.5,South
-25.125,297.125,587.0,South
-25.125,299.125,1523.0,South
-25.125,301.125,1359.0,South
-25.125,303.125,1562.5,South
-25.125,305.125,1340.0,South
-25.125,307.125,297.0,South
-25.125,309.125,-651.0,South
-25.125,311.125,-988.5,South
-25.125,313.125,505.0,South
-25.125,315.125,-2285.0,South
-25.125,317.125,-2488.0,South
-25.125,319.125,-2453.5,South
-25.125,321.125,-2366.0,South
-25.125,323.125,-2428.0,South
-25.125,325.125,-2382.0,South
-25.125,327.125,-2289.5,South
-25.125,329.125,-2282.5,South
-25.125,331.125,-1770.5,South
-25.125,333.125,-1962.0,South
-25.125,335.125,-2329.0,South
-25.125,337.125,-2506.5,South
-25.125,339.125,-2429.0,South
-25.125,341.125,-2252.5,South
-25.125,343.125,-2356.5,South
-25.125,345.125,-2504.5,South
-25.125,347.125,-2535.5,South
-25.125,349.125,-2446.0,South
-25.125,351.125,-2158.5,South
-25.125,353.125,-1632.5,South
-25.125,355.125,-808.5,South
-25.125,357.125,-1037.5,South
-25.125,359.125,-1285.0,South
-27.125,1.125,173.0,South
-27.125,3.125,-1128.5,South
-27.125,5.125,493.5,South
-27.125,7.125,-1110.0,South
-27.125,9.125,771.0,South
-27.125,11.125,1689.5,South
-27.125,13.125,1187.5,South
-27.125,15.125,215.0,South
-27.125,17.125,1619.0,South
-27.125,19.125,1745.0,South
-27.125,21.125,1344.0,South
-27.125,23.125,2209.0,South
-27.125,25.125,1418.5,South
-27.125,27.125,153.5,South
-27.125,29.125,-24.5,South
-27.125,31.125,469.5,South
-27.125,33.125,-78.5,South
-27.125,35.125,61.5,South
-27.125,37.125,-248.0,South
-27.125,39.125,-383.5,South
-27.125,41.125,-1229.0,South
-27.125,43.125,851.5,South
-27.125,45.125,2922.0,South
-27.125,47.125,364.0,South
-27.125,49.125,236.5,South
-27.125,51.125,56.0,South
-27.125,53.125,319.0,South
-27.125,55.125,-396.5,South
-27.125,57.125,-227.0,South
-27.125,59.125,-530.0,South
-27.125,61.125,-2197.5,South
-27.125,63.125,570.5,South
-27.125,65.125,-155.5,South
-27.125,67.125,-754.0,South
-27.125,69.125,-357.0,South
-27.125,71.125,-33.0,South
-27.125,73.125,-723.5,South
-27.125,75.125,-2735.0,South
-27.125,77.125,-743.5,South
-27.125,79.125,-3430.0,South
-27.125,81.125,-3593.5,South
-27.125,83.125,-3507.0,South
-27.125,85.125,-468.5,South
-27.125,87.125,-1111.0,South
-27.125,89.125,-1536.0,South
-27.125,91.125,-1724.5,South
-27.125,93.125,-564.5,South
-27.125,95.125,-149.0,South
-27.125,97.125,-78.0,South
-27.125,99.125,-1729.0,South
-27.125,101.125,-3533.0,South
-27.125,103.125,-1520.5,South
-27.125,105.125,-1243.5,South
-27.125,107.125,993.0,South
-27.125,109.125,-2812.5,South
-27.125,111.125,1394.5,South
-27.125,113.125,-702.5,South
-27.125,115.125,1088.5,South
-27.125,117.125,1173.0,South
-27.125,119.125,252.0,South
-27.125,121.125,619.5,South
-27.125,123.125,1272.5,South
-27.125,125.125,-1951.0,South
-27.125,127.125,1072.0,South
-27.125,129.125,576.0,South
-27.125,131.125,2182.0,South
-27.125,133.125,2321.0,South
-27.125,135.125,1224.0,South
-27.125,137.125,1311.5,South
-27.125,139.125,554.0,South
-27.125,141.125,-1152.0,South
-27.125,143.125,-1822.0,South
-27.125,145.125,252.5,South
-27.125,147.125,1458.0,South
-27.125,149.125,2046.0,South
-27.125,151.125,614.5,South
-27.125,153.125,2599.0,South
-27.125,155.125,2256.0,South
-27.125,157.125,5375.0,South
-27.125,159.125,597.0,South
-27.125,161.125,-119.0,South
-27.125,163.125,-1311.0,South
-27.125,165.125,-434.0,South
-27.125,167.125,552.5,South
-27.125,169.125,-3303.0,South
-27.125,171.125,-4087.0,South
-27.125,173.125,-4176.5,South
-27.125,175.125,-2131.0,South
-27.125,177.125,-2207.0,South
-27.125,179.125,-1737.0,South
-27.125,181.125,-372.0,South
-27.125,183.125,-2891.0,South
-27.125,185.125,178.0,South
-27.125,187.125,-2050.0,South
-27.125,189.125,-939.5,South
-27.125,191.125,-2267.0,South
-27.125,193.125,-2781.5,South
-27.125,195.125,-2164.0,South
-27.125,197.125,-2054.5,South
-27.125,199.125,-1562.0,South
-27.125,201.125,-286.5,South
-27.125,203.125,-156.5,South
-27.125,205.125,-813.5,South
-27.125,207.125,-558.5,South
-27.125,209.125,1657.5,South
-27.125,211.125,1974.5,South
-27.125,213.125,1278.5,South
-27.125,215.125,687.0,South
-27.125,217.125,587.5,South
-27.125,219.125,1928.5,South
-27.125,221.125,6189.0,South
-27.125,223.125,3788.5,South
-27.125,225.125,2350.5,South
-27.125,227.125,2883.5,South
-27.125,229.125,392.0,South
-27.125,231.125,3619.0,South
-27.125,233.125,2989.5,South
-27.125,235.125,3154.0,South
-27.125,237.125,2242.5,South
-27.125,239.125,3416.0,South
-27.125,241.125,3292.5,South
-27.125,243.125,3788.0,South
-27.125,245.125,4552.5,South
-27.125,247.125,2449.5,South
-27.125,249.125,2438.0,South
-27.125,251.125,2784.0,South
-27.125,253.125,867.5,South
-27.125,255.125,2691.0,South
-27.125,257.125,1565.0,South
-27.125,259.125,77.0,South
-27.125,261.125,586.0,South
-27.125,263.125,837.0,South
-27.125,265.125,32.0,South
-27.125,267.125,-762.0,South
-27.125,269.125,525.0,South
-27.125,271.125,-57.5,South
-27.125,273.125,329.5,South
-27.125,275.125,910.0,South
-27.125,277.125,303.0,South
-27.125,279.125,1805.5,South
-27.125,281.125,616.0,South
-27.125,283.125,780.0,South
-27.125,285.125,1571.0,South
-27.125,287.125,1148.5,South
-27.125,289.125,5.5,South
-27.125,291.125,-54.5,South
-27.125,293.125,1704.0,South
-27.125,295.125,801.0,South
-27.125,297.125,1473.5,South
-27.125,299.125,340.0,South
-27.125,301.125,-176.5,South
-27.125,303.125,910.0,South
-27.125,305.125,1161.0,South
-27.125,307.125,-231.5,South
-27.125,309.125,242.5,South
-27.125,311.125,-610.0,South
-27.125,313.125,-1281.5,South
-27.125,315.125,-1998.5,South
-27.125,317.125,-2338.5,South
-27.125,319.125,-2387.5,South
-27.125,321.125,-2444.5,South
-27.125,323.125,-2251.0,South
-27.125,325.125,-2272.0,South
-27.125,327.125,-1679.0,South
-27.125,329.125,-1750.0,South
-27.125,331.125,-1596.5,South
-27.125,333.125,-1717.5,South
-27.125,335.125,-2082.0,South
-27.125,337.125,-1706.0,South
-27.125,339.125,-2090.0,South
-27.125,341.125,-2205.0,South
-27.125,343.125,-2334.5,South
-27.125,345.125,-2427.0,South
-27.125,347.125,-2146.5,South
-27.125,349.125,-2055.0,South
-27.125,351.125,-1731.5,South
-27.125,353.125,-1489.5,South
-27.125,355.125,1.5,South
-27.125,357.125,986.0,South
-27.125,359.125,-344.5,South
-29.125,1.125,1543.5,South
-29.125,3.125,2027.5,South
-29.125,5.125,584.0,South
-29.125,7.125,-67.0,South
-29.125,9.125,-240.0,South
-29.125,11.125,-82.5,South
-29.125,13.125,237.5,South
-29.125,15.125,2199.5,South
-29.125,17.125,1416.0,South
-29.125,19.125,601.5,South
-29.125,21.125,2410.5,South
-29.125,23.125,2318.0,South
-29.125,25.125,1041.0,South
-29.125,27.125,1456.5,South
-29.125,29.125,1175.0,South
-29.125,31.125,-231.5,South
-29.125,33.125,-1436.0,South
-29.125,35.125,421.5,South
-29.125,37.125,911.0,South
-29.125,39.125,928.5,South
-29.125,41.125,-628.5,South
-29.125,43.125,1097.5,South
-29.125,45.125,-1647.5,South
-29.125,47.125,488.0,South
-29.125,49.125,240.5,South
-29.125,51.125,-759.5,South
-29.125,53.125,-879.0,South
-29.125,55.125,-3530.0,South
-29.125,57.125,-120.0,South
-29.125,59.125,-402.5,South
-29.125,61.125,419.5,South
-29.125,63.125,-2416.0,South
-29.125,65.125,-648.5,South
-29.125,67.125,-825.0,South
-29.125,69.125,-2865.5,South
-29.125,71.125,-2560.5,South
-29.125,73.125,-2211.0,South
-29.125,75.125,-261.5,South
-29.125,77.125,928.0,South
-29.125,79.125,-3471.5,South
-29.125,81.125,-3283.0,South
-29.125,83.125,-3322.0,South
-29.125,85.125,-2297.5,South
-29.125,87.125,-3067.5,South
-29.125,89.125,-1475.5,South
-29.125,91.125,-1043.5,South
-29.125,93.125,-2854.0,South
-29.125,95.125,-283.5,South
-29.125,97.125,-1379.5,South
-29.125,99.125,-1046.5,South
-29.125,101.125,-1572.5,South
-29.125,103.125,-157.5,South
-29.125,105.125,-1285.0,South
-29.125,107.125,77.5,South
-29.125,109.125,-200.5,South
-29.125,111.125,-1247.0,South
-29.125,113.125,-1249.5,South
-29.125,115.125,-1798.5,South
-29.125,117.125,1202.0,South
-29.125,119.125,-195.5,South
-29.125,121.125,-84.5,South
-29.125,123.125,1234.5,South
-29.125,125.125,1095.0,South
-29.125,127.125,366.0,South
-29.125,129.125,1727.5,South
-29.125,131.125,-168.0,South
-29.125,133.125,1335.5,South
-29.125,135.125,-1041.5,South
-29.125,137.125,3821.5,South
-29.125,139.125,1682.5,South
-29.125,141.125,-1978.0,South
-29.125,143.125,-1904.5,South
-29.125,145.125,768.5,South
-29.125,147.125,-1918.0,South
-29.125,149.125,959.0,South
-29.125,151.125,845.0,South
-29.125,153.125,1035.5,South
-29.125,155.125,5074.5,South
-29.125,157.125,1079.0,South
-29.125,159.125,-610.5,South
-29.125,161.125,-3050.0,South
-29.125,163.125,-3016.5,South
-29.125,165.125,-3263.0,South
-29.125,167.125,-4334.0,South
-29.125,169.125,-3995.5,South
-29.125,171.125,-4120.5,South
-29.125,173.125,-970.5,South
-29.125,175.125,-817.5,South
-29.125,177.125,-2168.5,South
-29.125,179.125,-1734.5,South
-29.125,181.125,-4860.0,South
-29.125,183.125,-4306.0,South
-29.125,185.125,-2204.0,South
-29.125,187.125,-4739.5,South
-29.125,189.125,-1980.0,South
-29.125,191.125,-2846.5,South
-29.125,193.125,-3081.0,South
-29.125,195.125,-3295.5,South
-29.125,197.125,-2431.5,South
-29.125,199.125,-1871.0,South
-29.125,201.125,-1270.0,South
-29.125,203.125,-4634.0,South
-29.125,205.125,-3803.0,South
-29.125,207.125,-3544.5,South
-29.125,209.125,-3063.0,South
-29.125,211.125,-2348.0,South
-29.125,213.125,-1176.5,South
-29.125,215.125,884.0,South
-29.125,217.125,2570.5,South
-29.125,219.125,-33.5,South
-29.125,221.125,-330.0,South
-29.125,223.125,3212.5,South
-29.125,225.125,2328.5,South
-29.125,227.125,2912.5,South
-29.125,229.125,3047.5,South
-29.125,231.125,1757.0,South
-29.125,233.125,3218.0,South
-29.125,235.125,3517.5,South
-29.125,237.125,3150.5,South
-29.125,239.125,2269.5,South
-29.125,241.125,3416.5,South
-29.125,243.125,1006.5,South
-29.125,245.125,3148.0,South
-29.125,247.125,1911.0,South
-29.125,249.125,2667.5,South
-29.125,251.125,1214.5,South
-29.125,253.125,1299.0,South
-29.125,255.125,961.0,South
-29.125,257.125,310.0,South
-29.125,259.125,282.0,South
-29.125,261.125,227.5,South
-29.125,263.125,107.5,South
-29.125,265.125,-509.5,South
-29.125,267.125,-407.5,South
-29.125,269.125,1837.0,South
-29.125,271.125,31.5,South
-29.125,273.125,740.5,South
-29.125,275.125,68.0,South
-29.125,277.125,-237.0,South
-29.125,279.125,3016.0,South
-29.125,281.125,1872.0,South
-29.125,283.125,919.0,South
-29.125,285.125,850.5,South
-29.125,287.125,-193.0,South
-29.125,289.125,23.5,South
-29.125,291.125,762.0,South
-29.125,293.125,240.0,South
-29.125,295.125,936.5,South
-29.125,297.125,1485.0,South
-29.125,299.125,696.0,South
-29.125,301.125,391.0,South
-29.125,303.125,-2242.5,South
-29.125,305.125,299.0,South
-29.125,307.125,188.0,South
-29.125,309.125,-165.0,South
-29.125,311.125,-112.0,South
-29.125,313.125,-587.5,South
-29.125,315.125,-775.0,South
-29.125,317.125,-1587.5,South
-29.125,319.125,-2027.0,South
-29.125,321.125,-2042.0,South
-29.125,323.125,-2189.5,South
-29.125,325.125,-2285.5,South
-29.125,327.125,-1403.5,South
-29.125,329.125,-1055.5,South
-29.125,331.125,-1244.5,South
-29.125,333.125,-1029.0,South
-29.125,335.125,-1673.0,South
-29.125,337.125,-1304.0,South
-29.125,339.125,-1542.0,South
-29.125,341.125,-1971.5,South
-29.125,343.125,-2191.5,South
-29.125,345.125,-1992.0,South
-29.125,347.125,-1960.5,South
-29.125,349.125,-1803.0,South
-29.125,351.125,-1471.0,South
-29.125,353.125,-1068.0,South
-29.125,355.125,-1414.5,South
-29.125,357.125,-143.0,South
-29.125,359.125,-1308.5,South
-31.125,1.125,3.5,South
-31.125,3.125,650.0,South
-31.125,5.125,-2736.5,South
-31.125,7.125,397.0,South
-31.125,9.125,-1438.5,South
-31.125,11.125,-145.0,South
-31.125,13.125,435.5,South
-31.125,15.125,565.5,South
-31.125,17.125,1273.0,South
-31.125,19.125,2121.0,South
-31.125,21.125,1561.0,South
-31.125,23.125,3430.5,South
-31.125,25.125,372.0,South
-31.125,27.125,756.0,South
-31.125,29.125,2734.0,South
-31.125,31.125,1708.0,South
-31.125,33.125,2893.5,South
-31.125,35.125,1662.0,South
-31.125,37.125,2244.5,South
-31.125,39.125,1582.0,South
-31.125,41.125,1389.5,South
-31.125,43.125,-1187.5,South
-31.125,45.125,-1924.5,South
-31.125,47.125,-46.5,South
-31.125,49.125,146.0,South
-31.125,51.125,609.0,South
-31.125,53.125,660.0,South
-31.125,55.125,449.0,South
-31.125,57.125,-1071.0,South
-31.125,59.125,-873.0,South
-31.125,61.125,137.0,South
-31.125,63.125,-3217.0,South
-31.125,65.125,-74.0,South
-31.125,67.125,34.0,South
-31.125,69.125,-225.5,South
-31.125,71.125,1050.5,South
-31.125,73.125,-1005.0,South
-31.125,75.125,-2837.0,South
-31.125,77.125,-1400.0,South
-31.125,79.125,-157.0,South
-31.125,81.125,-755.0,South
-31.125,83.125,-163.5,South
-31.125,85.125,-1920.0,South
-31.125,87.125,-2386.5,South
-31.125,89.125,-3004.5,South
-31.125,91.125,-1865.5,South
-31.125,93.125,-1479.5,South
-31.125,95.125,-3387.0,South
-31.125,97.125,-1561.5,South
-31.125,99.125,-1269.5,South
-31.125,101.125,-721.5,South
-31.125,103.125,-1339.5,South
-31.125,105.125,-1185.0,South
-31.125,107.125,-112.0,South
-31.125,109.125,-1305.5,South
-31.125,111.125,-1478.5,South
-31.125,113.125,-1936.5,South
-31.125,115.125,-2034.5,South
-31.125,117.125,97.5,South
-31.125,119.125,2500.5,South
-31.125,121.125,-617.5,South
-31.125,123.125,1031.5,South
-31.125,125.125,2221.0,South
-31.125,127.125,-768.5,South
-31.125,129.125,1791.0,South
-31.125,131.125,-1832.0,South
-31.125,133.125,-276.5,South
-31.125,135.125,412.0,South
-31.125,137.125,614.5,South
-31.125,139.125,786.0,South
-31.125,141.125,-1194.5,South
-31.125,143.125,98.5,South
-31.125,145.125,1543.0,South
-31.125,147.125,-308.0,South
-31.125,149.125,-601.5,South
-31.125,151.125,8.0,South
-31.125,153.125,258.5,South
-31.125,155.125,2033.0,South
-31.125,157.125,-1884.5,South
-31.125,159.125,-2430.0,South
-31.125,161.125,-3069.5,South
-31.125,163.125,-3236.5,South
-31.125,165.125,-3405.5,South
-31.125,167.125,-3524.5,South
-31.125,169.125,-2985.0,South
-31.125,171.125,-1677.0,South
-31.125,173.125,-1317.5,South
-31.125,175.125,-1085.0,South
-31.125,177.125,-1865.0,South
-31.125,179.125,-1837.5,South
-31.125,181.125,-2166.5,South
-31.125,183.125,-2460.5,South
-31.125,185.125,-2634.0,South
-31.125,187.125,-2842.5,South
-31.125,189.125,-2575.5,South
-31.125,191.125,-2632.0,South
-31.125,193.125,-3006.5,South
-31.125,195.125,-1782.5,South
-31.125,197.125,-2213.5,South
-31.125,199.125,-1604.0,South
-31.125,201.125,-2304.0,South
-31.125,203.125,-4042.5,South
-31.125,205.125,-4199.0,South
-31.125,207.125,-4348.0,South
-31.125,209.125,-2146.5,South
-31.125,211.125,-3899.0,South
-31.125,213.125,-3650.5,South
-31.125,215.125,-2446.0,South
-31.125,217.125,1506.0,South
-31.125,219.125,2112.5,South
-31.125,221.125,2491.5,South
-31.125,223.125,701.5,South
-31.125,225.125,3567.0,South
-31.125,227.125,2088.5,South
-31.125,229.125,2999.5,South
-31.125,231.125,3212.0,South
-31.125,233.125,1465.5,South
-31.125,235.125,4040.5,South
-31.125,237.125,4356.0,South
-31.125,239.125,1516.0,South
-31.125,241.125,2854.0,South
-31.125,243.125,4032.0,South
-31.125,245.125,2381.0,South
-31.125,247.125,4581.5,South
-31.125,249.125,1917.5,South
-31.125,251.125,2900.0,South
-31.125,253.125,1511.0,South
-31.125,255.125,305.5,South
-31.125,257.125,1671.0,South
-31.125,259.125,1025.5,South
-31.125,261.125,1292.5,South
-31.125,263.125,2666.5,South
-31.125,265.125,2761.5,South
-31.125,267.125,1788.0,South
-31.125,269.125,1249.5,South
-31.125,271.125,612.0,South
-31.125,273.125,-371.5,South
-31.125,275.125,176.5,South
-31.125,277.125,-419.0,South
-31.125,279.125,-30.0,South
-31.125,281.125,2046.0,South
-31.125,283.125,1540.5,South
-31.125,285.125,-604.5,South
-31.125,287.125,-502.0,South
-31.125,289.125,-156.0,South
-31.125,291.125,15.5,South
-31.125,293.125,-219.0,South
-31.125,295.125,1038.0,South
-31.125,297.125,210.0,South
-31.125,299.125,722.0,South
-31.125,301.125,144.5,South
-31.125,303.125,1523.5,South
-31.125,305.125,1563.0,South
-31.125,307.125,1007.0,South
-31.125,309.125,46.0,South
-31.125,311.125,-602.0,South
-31.125,313.125,-424.0,South
-31.125,315.125,-212.0,South
-31.125,317.125,114.0,South
-31.125,319.125,-1291.0,South
-31.125,321.125,126.5,South
-31.125,323.125,-290.0,South
-31.125,325.125,500.0,South
-31.125,327.125,-1214.0,South
-31.125,329.125,-1104.5,South
-31.125,331.125,-1061.0,South
-31.125,333.125,-1415.0,South
-31.125,335.125,-1476.5,South
-31.125,337.125,-723.5,South
-31.125,339.125,-1511.5,South
-31.125,341.125,-956.0,South
-31.125,343.125,-1723.5,South
-31.125,345.125,-1616.5,South
-31.125,347.125,-1888.0,South
-31.125,349.125,-1762.0,South
-31.125,351.125,-1761.5,South
-31.125,353.125,-1417.5,South
-31.125,355.125,-1310.5,South
-31.125,357.125,-1675.5,South
-31.125,359.125,132.0,South
-33.125,1.125,-1304.0,South
-33.125,3.125,782.0,South
-33.125,5.125,-503.0,South
-33.125,7.125,-1016.0,South
-33.125,9.125,128.0,South
-33.125,11.125,-455.0,South
-33.125,13.125,-185.0,South
-33.125,15.125,1594.0,South
-33.125,17.125,182.0,South
-33.125,19.125,-26.5,South
-33.125,21.125,2827.0,South
-33.125,23.125,3455.5,South
-33.125,25.125,1058.0,South
-33.125,27.125,-72.5,South
-33.125,29.125,2252.5,South
-33.125,31.125,981.0,South
-33.125,33.125,669.5,South
-33.125,35.125,1625.5,South
-33.125,37.125,876.5,South
-33.125,39.125,1655.0,South
-33.125,41.125,2088.0,South
-33.125,43.125,-1423.5,South
-33.125,45.125,-2200.5,South
-33.125,47.125,16.5,South
-33.125,49.125,1747.5,South
-33.125,51.125,431.5,South
-33.125,53.125,-23.0,South
-33.125,55.125,-223.5,South
-33.125,57.125,-676.5,South
-33.125,59.125,303.0,South
-33.125,61.125,-260.0,South
-33.125,63.125,-252.0,South
-33.125,65.125,-1129.0,South
-33.125,67.125,-1173.0,South
-33.125,69.125,-673.0,South
-33.125,71.125,-580.5,South
-33.125,73.125,-627.5,South
-33.125,75.125,-1784.0,South
-33.125,77.125,-640.0,South
-33.125,79.125,-1058.0,South
-33.125,81.125,-1227.0,South
-33.125,83.125,-4299.5,South
-33.125,85.125,-1939.0,South
-33.125,87.125,-2205.0,South
-33.125,89.125,-1863.5,South
-33.125,91.125,-2052.0,South
-33.125,93.125,-1947.5,South
-33.125,95.125,-2089.0,South
-33.125,97.125,-4404.0,South
-33.125,99.125,-1880.0,South
-33.125,101.125,-1493.5,South
-33.125,103.125,-3603.5,South
-33.125,105.125,-1773.0,South
-33.125,107.125,174.0,South
-33.125,109.125,-1311.0,South
-33.125,111.125,-1212.0,South
-33.125,113.125,-3251.5,South
-33.125,115.125,-670.5,South
-33.125,117.125,-100.5,South
-33.125,119.125,-740.5,South
-33.125,121.125,-1083.5,South
-33.125,123.125,-803.0,South
-33.125,125.125,-2373.0,South
-33.125,127.125,-1701.5,South
-33.125,129.125,1515.5,South
-33.125,131.125,3.0,South
-33.125,133.125,-990.0,South
-33.125,135.125,1904.5,South
-33.125,137.125,-162.0,South
-33.125,139.125,909.0,South
-33.125,141.125,1292.5,South
-33.125,143.125,1339.0,South
-33.125,145.125,956.0,South
-33.125,147.125,-1558.5,South
-33.125,149.125,1550.5,South
-33.125,151.125,1525.5,South
-33.125,153.125,-434.5,South
-33.125,155.125,1891.5,South
-33.125,157.125,1905.5,South
-33.125,159.125,-3262.0,South
-33.125,161.125,-3212.0,South
-33.125,163.125,-3196.5,South
-33.125,165.125,-3399.0,South
-33.125,167.125,-3582.5,South
-33.125,169.125,-3711.0,South
-33.125,171.125,-2336.0,South
-33.125,173.125,-2336.0,South
-33.125,175.125,-1796.0,South
-33.125,177.125,-2394.0,South
-33.125,179.125,-2396.0,South
-33.125,181.125,-4351.0,South
-33.125,183.125,-3178.5,South
-33.125,185.125,-3299.5,South
-33.125,187.125,-3335.5,South
-33.125,189.125,-3674.0,South
-33.125,191.125,-2350.5,South
-33.125,193.125,-4487.5,South
-33.125,195.125,-4341.5,South
-33.125,197.125,-1357.5,South
-33.125,199.125,-2269.5,South
-33.125,201.125,-5209.5,South
-33.125,203.125,-5590.0,South
-33.125,205.125,-3600.0,South
-33.125,207.125,-4915.5,South
-33.125,209.125,-4994.0,South
-33.125,211.125,-4934.0,South
-33.125,213.125,-3567.5,South
-33.125,215.125,-3925.0,South
-33.125,217.125,-1748.5,South
-33.125,219.125,2958.5,South
-33.125,221.125,1026.0,South
-33.125,223.125,723.0,South
-33.125,225.125,-1026.5,South
-33.125,227.125,-1205.5,South
-33.125,229.125,-1544.5,South
-33.125,231.125,3764.0,South
-33.125,233.125,2714.0,South
-33.125,235.125,1967.5,South
-33.125,237.125,3213.5,South
-33.125,239.125,3276.5,South
-33.125,241.125,2215.5,South
-33.125,243.125,2618.5,South
-33.125,245.125,2540.5,South
-33.125,247.125,2186.5,South
-33.125,249.125,3183.0,South
-33.125,251.125,3307.5,South
-33.125,253.125,3355.5,South
-33.125,255.125,2150.0,South
-33.125,257.125,1051.5,South
-33.125,259.125,1017.5,South
-33.125,261.125,1407.0,South
-33.125,263.125,1598.5,South
-33.125,265.125,1975.0,South
-33.125,267.125,1495.5,South
-33.125,269.125,275.5,South
-33.125,271.125,24.5,South
-33.125,273.125,2103.5,South
-33.125,275.125,194.0,South
-33.125,277.125,1373.5,South
-33.125,279.125,1727.5,South
-33.125,281.125,1793.0,South
-33.125,283.125,1854.5,South
-33.125,285.125,2435.5,South
-33.125,287.125,263.5,South
-33.125,289.125,-1351.0,South
-33.125,291.125,250.0,South
-33.125,293.125,223.5,South
-33.125,295.125,583.0,South
-33.125,297.125,-765.0,South
-33.125,299.125,-422.0,South
-33.125,301.125,-781.5,South
-33.125,303.125,-1082.5,South
-33.125,305.125,61.0,South
-33.125,307.125,326.5,South
-33.125,309.125,646.0,South
-33.125,311.125,-86.5,South
-33.125,313.125,203.5,South
-33.125,315.125,73.5,South
-33.125,317.125,-38.0,South
-33.125,319.125,-1693.0,South
-33.125,321.125,-731.0,South
-33.125,323.125,-906.5,South
-33.125,325.125,-66.5,South
-33.125,327.125,-1238.0,South
-33.125,329.125,-1101.5,South
-33.125,331.125,-381.0,South
-33.125,333.125,-611.5,South
-33.125,335.125,-1478.5,South
-33.125,337.125,-1306.5,South
-33.125,339.125,-2835.5,South
-33.125,341.125,-1681.0,South
-33.125,343.125,-1656.0,South
-33.125,345.125,-1639.5,South
-33.125,347.125,-1861.0,South
-33.125,349.125,-153.0,South
-33.125,351.125,-1550.0,South
-33.125,353.125,-1352.0,South
-33.125,355.125,-1314.5,South
-33.125,357.125,-1030.0,South
-33.125,359.125,-2260.5,South
-35.125,1.125,-874.5,South
-35.125,3.125,-1772.5,South
-35.125,5.125,-803.5,South
-35.125,7.125,-695.5,South
-35.125,9.125,-264.0,South
-35.125,11.125,-1400.0,South
-35.125,13.125,-2603.5,South
-35.125,15.125,81.5,South
-35.125,17.125,-34.0,South
-35.125,19.125,1163.5,South
-35.125,21.125,1042.0,South
-35.125,23.125,-5.5,South
-35.125,25.125,2025.0,South
-35.125,27.125,1155.0,South
-35.125,29.125,1601.0,South
-35.125,31.125,-1033.5,South
-35.125,33.125,1047.5,South
-35.125,35.125,891.5,South
-35.125,37.125,-572.0,South
-35.125,39.125,825.5,South
-35.125,41.125,75.0,South
-35.125,43.125,222.0,South
-35.125,45.125,428.5,South
-35.125,47.125,-235.5,South
-35.125,49.125,880.0,South
-35.125,51.125,1097.5,South
-35.125,53.125,-499.0,South
-35.125,55.125,-604.5,South
-35.125,57.125,-157.0,South
-35.125,59.125,-2103.5,South
-35.125,61.125,-2421.0,South
-35.125,63.125,810.0,South
-35.125,65.125,-1604.5,South
-35.125,67.125,-917.5,South
-35.125,69.125,-836.0,South
-35.125,71.125,-3123.0,South
-35.125,73.125,-1195.0,South
-35.125,75.125,-1433.5,South
-35.125,77.125,-1098.5,South
-35.125,79.125,-2238.5,South
-35.125,81.125,-877.0,South
-35.125,83.125,-720.0,South
-35.125,85.125,-3019.0,South
-35.125,87.125,-3039.5,South
-35.125,89.125,-1910.0,South
-35.125,91.125,-1436.5,South
-35.125,93.125,-1690.0,South
-35.125,95.125,-1874.5,South
-35.125,97.125,-2081.0,South
-35.125,99.125,-2107.0,South
-35.125,101.125,-3224.5,South
-35.125,103.125,-1659.5,South
-35.125,105.125,-1406.5,South
-35.125,107.125,-1217.5,South
-35.125,109.125,-924.0,South
-35.125,111.125,-62.5,South
-35.125,113.125,-480.0,South
-35.125,115.125,-238.0,South
-35.125,117.125,941.5,South
-35.125,119.125,-2439.0,South
-35.125,121.125,3055.5,South
-35.125,123.125,4214.5,South
-35.125,125.125,2275.5,South
-35.125,127.125,1001.5,South
-35.125,129.125,-1456.0,South
-35.125,131.125,-1058.5,South
-35.125,133.125,-919.0,South
-35.125,135.125,-950.0,South
-35.125,137.125,93.5,South
-35.125,139.125,1753.5,South
-35.125,141.125,841.5,South
-35.125,143.125,1148.0,South
-35.125,145.125,-2101.0,South
-35.125,147.125,-2335.0,South
-35.125,149.125,-2028.0,South
-35.125,151.125,-138.0,South
-35.125,153.125,1721.5,South
-35.125,155.125,-652.5,South
-35.125,157.125,-708.0,South
-35.125,159.125,-2656.0,South
-35.125,161.125,-3430.5,South
-35.125,163.125,-3450.5,South
-35.125,165.125,-3495.5,South
-35.125,167.125,-3672.0,South
-35.125,169.125,-1611.0,South
-35.125,171.125,-2563.5,South
-35.125,173.125,-2288.0,South
-35.125,175.125,-3251.0,South
-35.125,177.125,-3624.0,South
-35.125,179.125,-5280.0,South
-35.125,181.125,-4902.5,South
-35.125,183.125,-2288.5,South
-35.125,185.125,-3090.5,South
-35.125,187.125,-3229.5,South
-35.125,189.125,-2809.0,South
-35.125,191.125,-4746.5,South
-35.125,193.125,-4958.0,South
-35.125,195.125,-5036.5,South
-35.125,197.125,-3913.0,South
-35.125,199.125,-5058.5,South
-35.125,201.125,-4900.0,South
-35.125,203.125,-4502.0,South
-35.125,205.125,-4872.5,South
-35.125,207.125,-5405.0,South
-35.125,209.125,-5493.0,South
-35.125,211.125,-5638.5,South
-35.125,213.125,-4379.5,South
-35.125,215.125,-4008.0,South
-35.125,217.125,-3647.5,South
-35.125,219.125,560.5,South
-35.125,221.125,700.5,South
-35.125,223.125,3050.5,South
-35.125,225.125,-1294.5,South
-35.125,227.125,-1143.0,South
-35.125,229.125,358.5,South
-35.125,231.125,-205.5,South
-35.125,233.125,3034.0,South
-35.125,235.125,-1555.0,South
-35.125,237.125,2881.0,South
-35.125,239.125,2118.0,South
-35.125,241.125,3056.0,South
-35.125,243.125,2917.5,South
-35.125,245.125,3560.0,South
-35.125,247.125,3360.0,South
-35.125,249.125,2982.5,South
-35.125,251.125,2528.0,South
-35.125,253.125,2567.0,South
-35.125,255.125,2658.0,South
-35.125,257.125,3929.5,South
-35.125,259.125,1700.5,South
-35.125,261.125,1682.5,South
-35.125,263.125,-230.5,South
-35.125,265.125,487.5,South
-35.125,267.125,2626.5,South
-35.125,269.125,3975.0,South
-35.125,271.125,3662.5,South
-35.125,273.125,1900.0,South
-35.125,275.125,582.0,South
-35.125,277.125,2778.5,South
-35.125,279.125,1954.5,South
-35.125,281.125,591.5,South
-35.125,283.125,-682.0,South
-35.125,285.125,161.0,South
-35.125,287.125,811.0,South
-35.125,289.125,107.5,South
-35.125,291.125,-485.0,South
-35.125,293.125,-328.5,South
-35.125,295.125,-284.0,South
-35.125,297.125,-626.0,South
-35.125,299.125,-481.0,South
-35.125,301.125,768.5,South
-35.125,303.125,-1262.5,South
-35.125,305.125,134.0,South
-35.125,307.125,105.5,South
-35.125,309.125,-574.0,South
-35.125,311.125,-98.0,South
-35.125,313.125,295.5,South
-35.125,315.125,-33.5,South
-35.125,317.125,-67.5,South
-35.125,319.125,-251.0,South
-35.125,321.125,-609.0,South
-35.125,323.125,-1336.5,South
-35.125,325.125,-1328.5,South
-35.125,327.125,-1150.0,South
-35.125,329.125,-1568.5,South
-35.125,331.125,-1424.5,South
-35.125,333.125,1386.0,South
-35.125,335.125,-403.0,South
-35.125,337.125,869.0,South
-35.125,339.125,-258.5,South
-35.125,341.125,-1307.5,South
-35.125,343.125,-1456.0,South
-35.125,345.125,-59.5,South
-35.125,347.125,-140.5,South
-35.125,349.125,122.5,South
-35.125,351.125,513.5,South
-35.125,353.125,-1803.5,South
-35.125,355.125,-1715.0,South
-35.125,357.125,-1066.5,South
-35.125,359.125,1328.5,South
-37.125,1.125,-710.5,South
-37.125,3.125,-1141.0,South
-37.125,5.125,-414.5,South
-37.125,7.125,-1194.5,South
-37.125,9.125,-763.5,South
-37.125,11.125,305.5,South
-37.125,13.125,908.5,South
-37.125,15.125,1000.5,South
-37.125,17.125,-151.5,South
-37.125,19.125,165.0,South
-37.125,21.125,472.0,South
-37.125,23.125,172.5,South
-37.125,25.125,125.0,South
-37.125,27.125,-1036.5,South
-37.125,29.125,226.0,South
-37.125,31.125,984.5,South
-37.125,33.125,106.0,South
-37.125,35.125,-464.5,South
-37.125,37.125,-159.0,South
-37.125,39.125,434.5,South
-37.125,41.125,455.0,South
-37.125,43.125,625.0,South
-37.125,45.125,-572.5,South
-37.125,47.125,-3249.5,South
-37.125,49.125,-1770.0,South
-37.125,51.125,-398.5,South
-37.125,53.125,-560.5,South
-37.125,55.125,-679.0,South
-37.125,57.125,642.0,South
-37.125,59.125,-2590.5,South
-37.125,61.125,-2569.5,South
-37.125,63.125,848.5,South
-37.125,65.125,-272.5,South
-37.125,67.125,-478.5,South
-37.125,69.125,-1146.5,South
-37.125,71.125,-1928.0,South
-37.125,73.125,-1178.5,South
-37.125,75.125,-921.0,South
-37.125,77.125,-1827.0,South
-37.125,79.125,-245.0,South
-37.125,81.125,-677.0,South
-37.125,83.125,-1068.5,South
-37.125,85.125,-1098.0,South
-37.125,87.125,-1781.0,South
-37.125,89.125,-1611.0,South
-37.125,91.125,-1312.5,South
-37.125,93.125,-1226.0,South
-37.125,95.125,-1439.0,South
-37.125,97.125,-2262.0,South
-37.125,99.125,-1732.5,South
-37.125,101.125,-1992.5,South
-37.125,103.125,-1132.0,South
-37.125,105.125,-1562.0,South
-37.125,107.125,-2196.0,South
-37.125,109.125,-1945.5,South
-37.125,111.125,-825.5,South
-37.125,113.125,-512.0,South
-37.125,115.125,2203.5,South
-37.125,117.125,767.0,South
-37.125,119.125,-761.5,South
-37.125,121.125,-1060.0,South
-37.125,123.125,313.0,South
-37.125,125.125,-700.5,South
-37.125,127.125,-2488.0,South
-37.125,129.125,437.0,South
-37.125,131.125,2618.0,South
-37.125,133.125,1161.5,South
-37.125,135.125,-678.5,South
-37.125,137.125,-737.5,South
-37.125,139.125,543.0,South
-37.125,141.125,-566.5,South
-37.125,143.125,-270.0,South
-37.125,145.125,-1298.5,South
-37.125,147.125,-758.0,South
-37.125,149.125,-151.0,South
-37.125,151.125,-324.0,South
-37.125,153.125,2426.5,South
-37.125,155.125,434.0,South
-37.125,157.125,-751.0,South
-37.125,159.125,281.0,South
-37.125,161.125,-1609.5,South
-37.125,163.125,-3293.0,South
-37.125,165.125,-3530.0,South
-37.125,167.125,-3712.0,South
-37.125,169.125,-2689.5,South
-37.125,171.125,-2702.0,South
-37.125,173.125,-2351.5,South
-37.125,175.125,-3796.0,South
-37.125,177.125,-5698.0,South
-37.125,179.125,-5712.0,South
-37.125,181.125,-5767.5,South
-37.125,183.125,-3292.5,South
-37.125,185.125,-5853.0,South
-37.125,187.125,-3796.5,South
-37.125,189.125,-3781.5,South
-37.125,191.125,-4302.5,South
-37.125,193.125,-5075.5,South
-37.125,195.125,-5030.5,South
-37.125,197.125,-3040.5,South
-37.125,199.125,-4366.5,South
-37.125,201.125,-5100.5,South
-37.125,203.125,-4911.0,South
-37.125,205.125,-4973.5,South
-37.125,207.125,-5527.5,South
-37.125,209.125,-5509.5,South
-37.125,211.125,-5644.0,South
-37.125,213.125,-4871.5,South
-37.125,215.125,-4816.5,South
-37.125,217.125,-2945.0,South
-37.125,219.125,1001.0,South
-37.125,221.125,-872.5,South
-37.125,223.125,-339.0,South
-37.125,225.125,1267.5,South
-37.125,227.125,3341.0,South
-37.125,229.125,2528.5,South
-37.125,231.125,3408.0,South
-37.125,233.125,4099.5,South
-37.125,235.125,638.5,South
-37.125,237.125,3407.5,South
-37.125,239.125,2123.5,South
-37.125,241.125,4218.5,South
-37.125,243.125,-344.5,South
-37.125,245.125,-2335.5,South
-37.125,247.125,2868.0,South
-37.125,249.125,2374.0,South
-37.125,251.125,1470.5,South
-37.125,253.125,1796.5,South
-37.125,255.125,2328.5,South
-37.125,257.125,2958.0,South
-37.125,259.125,4438.5,South
-37.125,261.125,1337.0,South
-37.125,263.125,2819.5,South
-37.125,265.125,1606.5,South
-37.125,267.125,3530.0,South
-37.125,269.125,4680.5,South
-37.125,271.125,3945.0,South
-37.125,273.125,1476.0,South
-37.125,275.125,1499.0,South
-37.125,277.125,-426.0,South
-37.125,279.125,1339.0,South
-37.125,281.125,1500.0,South
-37.125,283.125,-886.0,South
-37.125,285.125,1883.5,South
-37.125,287.125,787.0,South
-37.125,289.125,364.0,South
-37.125,291.125,-1102.0,South
-37.125,293.125,-1137.5,South
-37.125,295.125,124.0,South
-37.125,297.125,-1938.0,South
-37.125,299.125,-51.5,South
-37.125,301.125,-710.5,South
-37.125,303.125,-258.0,South
-37.125,305.125,-1801.0,South
-37.125,307.125,202.0,South
-37.125,309.125,-195.0,South
-37.125,311.125,542.0,South
-37.125,313.125,62.0,South
-37.125,315.125,-141.5,South
-37.125,317.125,-393.5,South
-37.125,319.125,-118.5,South
-37.125,321.125,-1006.5,South
-37.125,323.125,-688.5,South
-37.125,325.125,-1452.0,South
-37.125,327.125,498.5,South
-37.125,329.125,1688.0,South
-37.125,331.125,-183.0,South
-37.125,333.125,-22.5,South
-37.125,335.125,-722.5,South
-37.125,337.125,-1002.0,South
-37.125,339.125,-1060.0,South
-37.125,341.125,-708.0,South
-37.125,343.125,-923.0,South
-37.125,345.125,-1421.0,South
-37.125,347.125,-701.0,South
-37.125,349.125,116.0,South
-37.125,351.125,586.0,South
-37.125,353.125,-344.0,South
-37.125,355.125,-42.5,South
-37.125,357.125,-297.0,South
-37.125,359.125,-1305.5,South
-39.125,1.125,-3448.5,South
-39.125,3.125,-741.5,South
-39.125,5.125,-243.0,South
-39.125,7.125,-101.0,South
-39.125,9.125,-668.0,South
-39.125,11.125,286.5,South
-39.125,13.125,-390.5,South
-39.125,15.125,323.0,South
-39.125,17.125,-649.0,South
-39.125,19.125,267.0,South
-39.125,21.125,355.5,South
-39.125,23.125,705.0,South
-39.125,25.125,-323.0,South
-39.125,27.125,47.5,South
-39.125,29.125,922.5,South
-39.125,31.125,403.5,South
-39.125,33.125,-649.0,South
-39.125,35.125,1097.5,South
-39.125,37.125,1295.5,South
-39.125,39.125,-2303.0,South
-39.125,41.125,216.0,South
-39.125,43.125,830.5,South
-39.125,45.125,1064.0,South
-39.125,47.125,-1900.0,South
-39.125,49.125,8.5,South
-39.125,51.125,-601.0,South
-39.125,53.125,-882.5,South
-39.125,55.125,-5.5,South
-39.125,57.125,-865.0,South
-39.125,59.125,-2803.0,South
-39.125,61.125,-616.5,South
-39.125,63.125,-990.5,South
-39.125,65.125,-968.0,South
-39.125,67.125,-1253.5,South
-39.125,69.125,-1167.0,South
-39.125,71.125,-777.5,South
-39.125,73.125,-615.0,South
-39.125,75.125,-1592.0,South
-39.125,77.125,-3171.0,South
-39.125,79.125,-1846.5,South
-39.125,81.125,-706.0,South
-39.125,83.125,-485.5,South
-39.125,85.125,-1020.5,South
-39.125,87.125,-1618.0,South
-39.125,89.125,-1468.5,South
-39.125,91.125,-1351.5,South
-39.125,93.125,-1389.0,South
-39.125,95.125,-1838.5,South
-39.125,97.125,-1935.5,South
-39.125,99.125,-2089.0,South
-39.125,101.125,-1714.0,South
-39.125,103.125,-978.5,South
-39.125,105.125,-1814.5,South
-39.125,107.125,-1694.0,South
-39.125,109.125,-970.5,South
-39.125,111.125,1269.5,South
-39.125,113.125,2174.5,South
-39.125,115.125,468.0,South
-39.125,117.125,-1098.5,South
-39.125,119.125,-3156.5,South
-39.125,121.125,-1685.0,South
-39.125,123.125,-689.0,South
-39.125,125.125,68.0,South
-39.125,127.125,-547.0,South
-39.125,129.125,-2431.5,South
-39.125,131.125,-3221.5,South
-39.125,133.125,704.5,South
-39.125,135.125,-102.0,South
-39.125,137.125,-355.0,South
-39.125,139.125,-593.0,South
-39.125,141.125,-126.5,South
-39.125,143.125,1745.0,South
-39.125,145.125,-426.5,South
-39.125,147.125,-1355.0,South
-39.125,149.125,-1019.5,South
-39.125,151.125,-622.0,South
-39.125,153.125,-867.5,South
-39.125,155.125,1758.0,South
-39.125,157.125,-3299.5,South
-39.125,159.125,-2159.0,South
-39.125,161.125,-1251.5,South
-39.125,163.125,-3627.5,South
-39.125,165.125,-2154.0,South
-39.125,167.125,-2940.5,South
-39.125,169.125,-3265.0,South
-39.125,171.125,-2998.0,South
-39.125,173.125,-2944.5,South
-39.125,175.125,-4602.5,South
-39.125,177.125,-5727.5,South
-39.125,179.125,-5850.5,South
-39.125,181.125,-5835.5,South
-39.125,183.125,-4967.0,South
-39.125,185.125,-4409.0,South
-39.125,187.125,-3124.0,South
-39.125,189.125,-3822.5,South
-39.125,191.125,-2854.5,South
-39.125,193.125,-2697.0,South
-39.125,195.125,-3347.0,South
-39.125,197.125,-3716.5,South
-39.125,199.125,-3793.0,South
-39.125,201.125,-4817.5,South
-39.125,203.125,-4926.5,South
-39.125,205.125,-7737.0,South
-39.125,207.125,-6035.5,South
-39.125,209.125,-5430.0,South
-39.125,211.125,-7017.5,South
-39.125,213.125,-4620.0,South
-39.125,215.125,-4984.0,South
-39.125,217.125,-2582.5,South
-39.125,219.125,-158.0,South
-39.125,221.125,114.0,South
-39.125,223.125,-1239.5,South
-39.125,225.125,814.5,South
-39.125,227.125,777.5,South
-39.125,229.125,-55.5,South
-39.125,231.125,-1711.5,South
-39.125,233.125,3259.5,South
-39.125,235.125,4181.5,South
-39.125,237.125,3855.0,South
-39.125,239.125,3037.5,South
-39.125,241.125,2491.0,South
-39.125,243.125,2821.0,South
-39.125,245.125,2384.0,South
-39.125,247.125,2672.0,South
-39.125,249.125,2009.5,South
-39.125,251.125,2378.5,South
-39.125,253.125,2760.5,South
-39.125,255.125,144.5,South
-39.125,257.125,3544.5,South
-39.125,259.125,3585.0,South
-39.125,261.125,3836.5,South
-39.125,263.125,656.5,South
-39.125,265.125,4114.5,South
-39.125,267.125,3522.0,South
-39.125,269.125,3929.0,South
-39.125,271.125,3585.0,South
-39.125,273.125,2576.5,South
-39.125,275.125,5520.5,South
-39.125,277.125,2131.5,South
-39.125,279.125,411.0,South
-39.125,281.125,1492.5,South
-39.125,283.125,60.5,South
-39.125,285.125,353.5,South
-39.125,287.125,1070.0,South
-39.125,289.125,-1442.0,South
-39.125,291.125,-1608.5,South
-39.125,293.125,-925.5,South
-39.125,295.125,-139.0,South
-39.125,297.125,-536.5,South
-39.125,299.125,-180.0,South
-39.125,301.125,-307.0,South
-39.125,303.125,53.5,South
-39.125,305.125,435.5,South
-39.125,307.125,-576.0,South
-39.125,309.125,-353.0,South
-39.125,311.125,-231.0,South
-39.125,313.125,-59.5,South
-39.125,315.125,435.5,South
-39.125,317.125,-149.0,South
-39.125,319.125,346.0,South
-39.125,321.125,327.5,South
-39.125,323.125,-118.5,South
-39.125,325.125,-22.0,South
-39.125,327.125,-293.5,South
-39.125,329.125,-1029.0,South
-39.125,331.125,-1115.0,South
-39.125,333.125,-866.0,South
-39.125,335.125,-1578.0,South
-39.125,337.125,-269.0,South
-39.125,339.125,-339.0,South
-39.125,341.125,-1797.0,South
-39.125,343.125,-2449.5,South
-39.125,345.125,-592.5,South
-39.125,347.125,-236.5,South
-39.125,349.125,-1291.5,South
-39.125,351.125,-1889.0,South
-39.125,353.125,242.0,South
-39.125,355.125,-1902.0,South
-39.125,357.125,-1651.5,South
-39.125,359.125,-225.5,South
-41.125,1.125,-236.0,South
-41.125,3.125,152.5,South
-41.125,5.125,-2792.0,South
-41.125,7.125,-1823.5,South
-41.125,9.125,445.5,South
-41.125,11.125,-806.0,South
-41.125,13.125,-3547.5,South
-41.125,15.125,-3184.5,South
-41.125,17.125,120.0,South
-41.125,19.125,-769.0,South
-41.125,21.125,455.0,South
-41.125,23.125,-1156.5,South
-41.125,25.125,-549.5,South
-41.125,27.125,-199.0,South
-41.125,29.125,-74.5,South
-41.125,31.125,-34.5,South
-41.125,33.125,-598.5,South
-41.125,35.125,-421.5,South
-41.125,37.125,1963.5,South
-41.125,39.125,-532.5,South
-41.125,41.125,938.0,South
-41.125,43.125,-2093.0,South
-41.125,45.125,100.0,South
-41.125,47.125,104.5,South
-41.125,49.125,-92.5,South
-41.125,51.125,-2755.0,South
-41.125,53.125,-711.5,South
-41.125,55.125,-891.5,South
-41.125,57.125,-1572.0,South
-41.125,59.125,-1129.0,South
-41.125,61.125,-2184.0,South
-41.125,63.125,-438.5,South
-41.125,65.125,-757.5,South
-41.125,67.125,-1347.5,South
-41.125,69.125,-1115.5,South
-41.125,71.125,-1300.5,South
-41.125,73.125,-1372.5,South
-41.125,75.125,-1139.5,South
-41.125,77.125,-993.0,South
-41.125,79.125,-1324.5,South
-41.125,81.125,-2310.5,South
-41.125,83.125,-500.5,South
-41.125,85.125,-864.0,South
-41.125,87.125,-809.0,South
-41.125,89.125,-1105.0,South
-41.125,91.125,-1397.5,South
-41.125,93.125,-1328.0,South
-41.125,95.125,-1913.0,South
-41.125,97.125,-245.0,South
-41.125,99.125,-1441.0,South
-41.125,101.125,-1023.5,South
-41.125,103.125,-962.0,South
-41.125,105.125,-1377.0,South
-41.125,107.125,-1231.0,South
-41.125,109.125,3642.0,South
-41.125,111.125,-614.0,South
-41.125,113.125,556.5,South
-41.125,115.125,1216.5,South
-41.125,117.125,-1360.5,South
-41.125,119.125,128.0,South
-41.125,121.125,2260.5,South
-41.125,123.125,-515.0,South
-41.125,125.125,37.5,South
-41.125,127.125,1074.5,South
-41.125,129.125,2361.0,South
-41.125,131.125,-2287.0,South
-41.125,133.125,610.0,South
-41.125,135.125,-2962.0,South
-41.125,137.125,-2878.5,South
-41.125,139.125,75.5,South
-41.125,141.125,-644.5,South
-41.125,143.125,405.5,South
-41.125,145.125,2049.5,South
-41.125,147.125,26.0,South
-41.125,149.125,510.5,South
-41.125,151.125,1627.5,South
-41.125,153.125,793.5,South
-41.125,155.125,-1915.0,South
-41.125,157.125,-2418.0,South
-41.125,159.125,-3209.5,South
-41.125,161.125,-3161.0,South
-41.125,163.125,-2415.5,South
-41.125,165.125,-5517.0,South
-41.125,167.125,-2841.0,South
-41.125,169.125,-3592.0,South
-41.125,171.125,-2424.0,South
-41.125,173.125,-1208.0,South
-41.125,175.125,-1470.5,South
-41.125,177.125,-4654.0,South
-41.125,179.125,-5815.5,South
-41.125,181.125,-4497.5,South
-41.125,183.125,-1440.5,South
-41.125,185.125,-3042.0,South
-41.125,187.125,-3463.0,South
-41.125,189.125,-3605.0,South
-41.125,191.125,-5093.0,South
-41.125,193.125,-2969.5,South
-41.125,195.125,-4963.0,South
-41.125,197.125,-4019.0,South
-41.125,199.125,-3348.5,South
-41.125,201.125,-4905.5,South
-41.125,203.125,-5109.5,South
-41.125,205.125,-5178.5,South
-41.125,207.125,-5244.5,South
-41.125,209.125,-5090.5,South
-41.125,211.125,-5267.0,South
-41.125,213.125,-4191.5,South
-41.125,215.125,-2730.5,South
-41.125,217.125,-3927.5,South
-41.125,219.125,-1052.0,South
-41.125,221.125,-886.0,South
-41.125,223.125,-1037.0,South
-41.125,225.125,-3224.0,South
-41.125,227.125,-3475.0,South
-41.125,229.125,-929.0,South
-41.125,231.125,-1282.5,South
-41.125,233.125,-816.5,South
-41.125,235.125,2494.0,South
-41.125,237.125,1581.5,South
-41.125,239.125,250.0,South
-41.125,241.125,2515.5,South
-41.125,243.125,4370.0,South
-41.125,245.125,3881.5,South
-41.125,247.125,2281.5,South
-41.125,249.125,2642.0,South
-41.125,251.125,2448.5,South
-41.125,253.125,2893.5,South
-41.125,255.125,3284.0,South
-41.125,257.125,3143.5,South
-41.125,259.125,2445.5,South
-41.125,261.125,2403.5,South
-41.125,263.125,1692.0,South
-41.125,265.125,2864.5,South
-41.125,267.125,2121.5,South
-41.125,269.125,928.0,South
-41.125,271.125,1199.0,South
-41.125,273.125,1961.0,South
-41.125,275.125,3037.5,South
-41.125,277.125,4006.5,South
-41.125,279.125,1414.0,South
-41.125,281.125,1782.5,South
-41.125,283.125,1033.5,South
-41.125,285.125,2095.0,South
-41.125,287.125,26.5,South
-41.125,289.125,-56.5,South
-41.125,291.125,-1102.0,South
-41.125,293.125,-1170.5,South
-41.125,295.125,-125.5,South
-41.125,297.125,-204.0,South
-41.125,299.125,238.0,South
-41.125,301.125,176.0,South
-41.125,303.125,-185.5,South
-41.125,305.125,-123.0,South
-41.125,307.125,1034.5,South
-41.125,309.125,-284.5,South
-41.125,311.125,-2308.0,South
-41.125,313.125,93.0,South
-41.125,315.125,-325.5,South
-41.125,317.125,49.0,South
-41.125,319.125,-111.5,South
-41.125,321.125,-976.0,South
-41.125,323.125,1271.0,South
-41.125,325.125,1375.5,South
-41.125,327.125,-1637.5,South
-41.125,329.125,637.0,South
-41.125,331.125,-412.0,South
-41.125,333.125,-898.0,South
-41.125,335.125,-750.0,South
-41.125,337.125,-535.0,South
-41.125,339.125,-310.5,South
-41.125,341.125,24.0,South
-41.125,343.125,-556.5,South
-41.125,345.125,445.0,South
-41.125,347.125,245.5,South
-41.125,349.125,217.5,South
-41.125,351.125,-486.0,South
-41.125,353.125,-520.5,South
-41.125,355.125,-2971.5,South
-41.125,357.125,-1891.5,South
-41.125,359.125,-2329.5,South
-43.125,1.125,-1233.0,South
-43.125,3.125,-463.0,South
-43.125,5.125,-1098.5,South
-43.125,7.125,-2173.5,South
-43.125,9.125,-2347.5,South
-43.125,11.125,-353.0,South
-43.125,13.125,-4103.5,South
-43.125,15.125,-2954.5,South
-43.125,17.125,-1033.0,South
-43.125,19.125,-862.0,South
-43.125,21.125,-565.5,South
-43.125,23.125,-380.0,South
-43.125,25.125,-297.5,South
-43.125,27.125,-716.0,South
-43.125,29.125,-923.5,South
-43.125,31.125,-355.5,South
-43.125,33.125,-1052.0,South
-43.125,35.125,603.5,South
-43.125,37.125,-376.0,South
-43.125,39.125,-827.0,South
-43.125,41.125,-3465.0,South
-43.125,43.125,-1574.0,South
-43.125,45.125,-522.5,South
-43.125,47.125,16.0,South
-43.125,49.125,-245.0,South
-43.125,51.125,-1230.0,South
-43.125,53.125,-126.0,South
-43.125,55.125,-838.5,South
-43.125,57.125,-980.0,South
-43.125,59.125,-1109.0,South
-43.125,61.125,-2520.5,South
-43.125,63.125,-1303.5,South
-43.125,65.125,-1758.0,South
-43.125,67.125,-672.5,South
-43.125,69.125,-1756.5,South
-43.125,71.125,-2662.0,South
-43.125,73.125,-1794.5,South
-43.125,75.125,-2702.5,South
-43.125,77.125,-2283.5,South
-43.125,79.125,-1725.5,South
-43.125,81.125,-996.5,South
-43.125,83.125,-791.0,South
-43.125,85.125,-3396.0,South
-43.125,87.125,615.0,South
-43.125,89.125,-894.0,South
-43.125,91.125,-1118.0,South
-43.125,93.125,-1166.5,South
-43.125,95.125,-424.5,South
-43.125,97.125,490.5,South
-43.125,99.125,-994.5,South
-43.125,101.125,-1254.0,South
-43.125,103.125,-130.0,South
-43.125,105.125,-1108.5,South
-43.125,107.125,321.5,South
-43.125,109.125,-366.5,South
-43.125,111.125,-9.5,South
-43.125,113.125,-1792.5,South
-43.125,115.125,-512.0,South
-43.125,117.125,-664.0,South
-43.125,119.125,-2325.0,South
-43.125,121.125,-2228.0,South
-43.125,123.125,1969.5,South
-43.125,125.125,-650.5,South
-43.125,127.125,-2779.5,South
-43.125,129.125,654.0,South
-43.125,131.125,-1752.0,South
-43.125,133.125,-29.0,South
-43.125,135.125,-2137.5,South
-43.125,137.125,-1260.0,South
-43.125,139.125,-705.5,South
-43.125,141.125,-1381.5,South
-43.125,143.125,1547.5,South
-43.125,145.125,610.5,South
-43.125,147.125,-937.0,South
-43.125,149.125,-1447.0,South
-43.125,151.125,-1990.5,South
-43.125,153.125,-728.0,South
-43.125,155.125,-1640.5,South
-43.125,157.125,-2946.0,South
-43.125,159.125,-3180.5,South
-43.125,161.125,-4052.5,South
-43.125,163.125,-3021.5,South
-43.125,165.125,-3581.5,South
-43.125,167.125,-2015.0,South
-43.125,169.125,-4362.5,South
-43.125,171.125,-2458.5,South
-43.125,173.125,-3500.5,South
-43.125,175.125,-5707.0,South
-43.125,177.125,-5140.0,South
-43.125,179.125,-3431.0,South
-43.125,181.125,-3144.5,South
-43.125,183.125,-4631.0,South
-43.125,185.125,-4731.5,South
-43.125,187.125,-4417.5,South
-43.125,189.125,-4258.5,South
-43.125,191.125,-4358.0,South
-43.125,193.125,-4304.0,South
-43.125,195.125,-4234.0,South
-43.125,197.125,-3867.5,South
-43.125,199.125,-2759.5,South
-43.125,201.125,-2125.0,South
-43.125,203.125,-4477.5,South
-43.125,205.125,-2873.5,South
-43.125,207.125,-5252.5,South
-43.125,209.125,-5122.5,South
-43.125,211.125,-4412.0,South
-43.125,213.125,-6028.0,South
-43.125,215.125,-2743.0,South
-43.125,217.125,-2360.5,South
-43.125,219.125,-1961.0,South
-43.125,221.125,-3934.0,South
-43.125,223.125,-2238.5,South
-43.125,225.125,-1110.0,South
-43.125,227.125,-1159.5,South
-43.125,229.125,466.0,South
-43.125,231.125,-1510.0,South
-43.125,233.125,-2361.5,South
-43.125,235.125,-1494.5,South
-43.125,237.125,-1149.0,South
-43.125,239.125,-111.5,South
-43.125,241.125,-123.0,South
-43.125,243.125,1604.0,South
-43.125,245.125,-361.5,South
-43.125,247.125,-499.5,South
-43.125,249.125,2606.5,South
-43.125,251.125,3294.5,South
-43.125,253.125,3787.5,South
-43.125,255.125,2841.0,South
-43.125,257.125,1340.5,South
-43.125,259.125,1030.0,South
-43.125,261.125,1612.5,South
-43.125,263.125,776.0,South
-43.125,265.125,1373.5,South
-43.125,267.125,1743.0,South
-43.125,269.125,2077.5,South
-43.125,271.125,1651.5,South
-43.125,273.125,1943.0,South
-43.125,275.125,1710.5,South
-43.125,277.125,1620.5,South
-43.125,279.125,3254.0,South
-43.125,281.125,2428.5,South
-43.125,283.125,718.0,South
-43.125,285.125,1225.5,South
-43.125,287.125,867.5,South
-43.125,289.125,104.0,South
-43.125,291.125,-282.5,South
-43.125,293.125,-149.5,South
-43.125,295.125,227.5,South
-43.125,297.125,-227.5,South
-43.125,299.125,-105.0,South
-43.125,301.125,-1001.0,South
-43.125,303.125,-1508.0,South
-43.125,305.125,-1490.0,South
-43.125,307.125,-1546.5,South
-43.125,309.125,633.0,South
-43.125,311.125,-769.5,South
-43.125,313.125,-626.5,South
-43.125,315.125,-572.5,South
-43.125,317.125,-668.0,South
-43.125,319.125,-45.5,South
-43.125,321.125,-215.0,South
-43.125,323.125,-1833.0,South
-43.125,325.125,-2350.5,South
-43.125,327.125,-1121.5,South
-43.125,329.125,-1571.0,South
-43.125,331.125,-1431.0,South
-43.125,333.125,-635.0,South
-43.125,335.125,-103.0,South
-43.125,337.125,-358.5,South
-43.125,339.125,-2309.0,South
-43.125,341.125,-1072.5,South
-43.125,343.125,429.5,South
-43.125,345.125,-1532.5,South
-43.125,347.125,-858.5,South
-43.125,349.125,-3407.0,South
-43.125,351.125,1381.0,South
-43.125,353.125,-1617.0,South
-43.125,355.125,-1894.5,South
-43.125,357.125,-2040.0,South
-43.125,359.125,-597.5,South
-45.125,1.125,-1087.0,South
-45.125,3.125,-955.5,South
-45.125,5.125,-1032.5,South
-45.125,7.125,-2047.0,South
-45.125,9.125,-648.5,South
-45.125,11.125,-1024.5,South
-45.125,13.125,-136.0,South
-45.125,15.125,-105.0,South
-45.125,17.125,-3328.5,South
-45.125,19.125,-235.5,South
-45.125,21.125,-2334.0,South
-45.125,23.125,-670.5,South
-45.125,25.125,-563.5,South
-45.125,27.125,-725.0,South
-45.125,29.125,-838.5,South
-45.125,31.125,-693.0,South
-45.125,33.125,-62.0,South
-45.125,35.125,467.0,South
-45.125,37.125,-1363.0,South
-45.125,39.125,-2203.5,South
-45.125,41.125,-1652.5,South
-45.125,43.125,-2275.0,South
-45.125,45.125,-243.5,South
-45.125,47.125,381.5,South
-45.125,49.125,-348.5,South
-45.125,51.125,-329.5,South
-45.125,53.125,-1835.5,South
-45.125,55.125,-2101.5,South
-45.125,57.125,-472.0,South
-45.125,59.125,-1433.0,South
-45.125,61.125,-300.5,South
-45.125,63.125,-3447.0,South
-45.125,65.125,-93.0,South
-45.125,67.125,-1571.0,South
-45.125,69.125,-1131.0,South
-45.125,71.125,-2283.0,South
-45.125,73.125,-1696.5,South
-45.125,75.125,-1259.5,South
-45.125,77.125,-1458.5,South
-45.125,79.125,-1255.5,South
-45.125,81.125,-1080.0,South
-45.125,83.125,-973.0,South
-45.125,85.125,-164.5,South
-45.125,87.125,-654.5,South
-45.125,89.125,-467.0,South
-45.125,91.125,-765.5,South
-45.125,93.125,-1265.0,South
-45.125,95.125,-726.0,South
-45.125,97.125,-959.5,South
-45.125,99.125,-1066.0,South
-45.125,101.125,263.0,South
-45.125,103.125,-445.0,South
-45.125,105.125,1437.5,South
-45.125,107.125,581.5,South
-45.125,109.125,494.0,South
-45.125,111.125,-429.0,South
-45.125,113.125,-2964.5,South
-45.125,115.125,889.0,South
-45.125,117.125,-505.5,South
-45.125,119.125,-1395.0,South
-45.125,121.125,129.5,South
-45.125,123.125,764.5,South
-45.125,125.125,-1391.5,South
-45.125,127.125,-2217.5,South
-45.125,129.125,-1216.5,South
-45.125,131.125,-1004.0,South
-45.125,133.125,-325.0,South
-45.125,135.125,1832.0,South
-45.125,137.125,-2911.5,South
-45.125,139.125,-915.0,South
-45.125,141.125,473.0,South
-45.125,143.125,-1186.5,South
-45.125,145.125,-738.0,South
-45.125,147.125,-2254.5,South
-45.125,149.125,-2509.5,South
-45.125,151.125,-2319.0,South
-45.125,153.125,-2791.0,South
-45.125,155.125,-4122.5,South
-45.125,157.125,-2634.0,South
-45.125,159.125,-2240.5,South
-45.125,161.125,-3183.0,South
-45.125,163.125,-3957.0,South
-45.125,165.125,-3963.0,South
-45.125,167.125,-2720.0,South
-45.125,169.125,-3233.0,South
-45.125,171.125,-2730.0,South
-45.125,173.125,-5682.0,South
-45.125,175.125,-5884.5,South
-45.125,177.125,-5915.0,South
-45.125,179.125,-5945.0,South
-45.125,181.125,-2817.0,South
-45.125,183.125,-1628.5,South
-45.125,185.125,-3204.5,South
-45.125,187.125,-4172.5,South
-45.125,189.125,-4797.0,South
-45.125,191.125,-3235.0,South
-45.125,193.125,-4398.5,South
-45.125,195.125,-4292.0,South
-45.125,197.125,-2840.5,South
-45.125,199.125,-2532.5,South
-45.125,201.125,-5150.5,South
-45.125,203.125,-3990.0,South
-45.125,205.125,-4383.5,South
-45.125,207.125,-3898.0,South
-45.125,209.125,-3725.0,South
-45.125,211.125,-3420.0,South
-45.125,213.125,-4239.5,South
-45.125,215.125,-3211.5,South
-45.125,217.125,-4318.5,South
-45.125,219.125,-5787.5,South
-45.125,221.125,-4753.5,South
-45.125,223.125,-1586.5,South
-45.125,225.125,-1166.0,South
-45.125,227.125,-2576.0,South
-45.125,229.125,-3127.0,South
-45.125,231.125,-1612.5,South
-45.125,233.125,-2416.0,South
-45.125,235.125,-1079.5,South
-45.125,237.125,-411.0,South
-45.125,239.125,-2436.5,South
-45.125,241.125,-1318.0,South
-45.125,243.125,-174.0,South
-45.125,245.125,-104.0,South
-45.125,247.125,1163.5,South
-45.125,249.125,3029.0,South
-45.125,251.125,5301.0,South
-45.125,253.125,2534.0,South
-45.125,255.125,350.0,South
-45.125,257.125,660.0,South
-45.125,259.125,848.5,South
-45.125,261.125,2101.0,South
-45.125,263.125,444.0,South
-45.125,265.125,1042.5,South
-45.125,267.125,324.5,South
-45.125,269.125,-485.5,South
-45.125,271.125,1331.5,South
-45.125,273.125,2264.5,South
-45.125,275.125,1653.5,South
-45.125,277.125,904.0,South
-45.125,279.125,2842.5,South
-45.125,281.125,-438.5,South
-45.125,283.125,1032.0,South
-45.125,285.125,1022.5,South
-45.125,287.125,692.5,South
-45.125,289.125,925.5,South
-45.125,291.125,765.5,South
-45.125,293.125,-100.0,South
-45.125,295.125,-975.5,South
-45.125,297.125,-979.5,South
-45.125,299.125,250.0,South
-45.125,301.125,-1756.5,South
-45.125,303.125,-1585.0,South
-45.125,305.125,-1467.5,South
-45.125,307.125,-1511.0,South
-45.125,309.125,-921.5,South
-45.125,311.125,569.5,South
-45.125,313.125,-303.0,South
-45.125,315.125,-301.0,South
-45.125,317.125,-102.0,South
-45.125,319.125,359.0,South
-45.125,321.125,-453.0,South
-45.125,323.125,-1270.0,South
-45.125,325.125,-1190.0,South
-45.125,327.125,755.0,South
-45.125,329.125,-34.5,South
-45.125,331.125,148.5,South
-45.125,333.125,-430.0,South
-45.125,335.125,-132.0,South
-45.125,337.125,-826.0,South
-45.125,339.125,-1030.5,South
-45.125,341.125,459.0,South
-45.125,343.125,460.0,South
-45.125,345.125,-1054.0,South
-45.125,347.125,555.5,South
-45.125,349.125,434.5,South
-45.125,351.125,652.5,South
-45.125,353.125,29.5,South
-45.125,355.125,513.5,South
-45.125,357.125,-60.5,South
-45.125,359.125,-563.0,South
-47.125,1.125,-1079.5,South
-47.125,3.125,-1474.0,South
-47.125,5.125,-1698.5,South
-47.125,7.125,-3544.0,South
-47.125,9.125,-1244.5,South
-47.125,11.125,-666.5,South
-47.125,13.125,-2126.5,South
-47.125,15.125,-1909.0,South
-47.125,17.125,-766.0,South
-47.125,19.125,-1258.0,South
-47.125,21.125,-714.0,South
-47.125,23.125,-690.0,South
-47.125,25.125,-823.0,South
-47.125,27.125,-884.0,South
-47.125,29.125,-951.5,South
-47.125,31.125,-2037.0,South
-47.125,33.125,-1820.5,South
-47.125,35.125,-484.5,South
-47.125,37.125,-698.0,South
-47.125,39.125,-2501.0,South
-47.125,41.125,-2750.5,South
-47.125,43.125,-2206.5,South
-47.125,45.125,230.0,South
-47.125,47.125,-464.0,South
-47.125,49.125,-687.5,South
-47.125,51.125,-1577.0,South
-47.125,53.125,-688.0,South
-47.125,55.125,-811.5,South
-47.125,57.125,-1915.0,South
-47.125,59.125,-303.0,South
-47.125,61.125,-607.0,South
-47.125,63.125,-524.0,South
-47.125,65.125,-835.0,South
-47.125,67.125,-1593.5,South
-47.125,69.125,-312.5,South
-47.125,71.125,-2458.0,South
-47.125,73.125,-1445.5,South
-47.125,75.125,-1978.5,South
-47.125,77.125,-1668.0,South
-47.125,79.125,-620.0,South
-47.125,81.125,-904.5,South
-47.125,83.125,-881.5,South
-47.125,85.125,-682.0,South
-47.125,87.125,120.0,South
-47.125,89.125,96.5,South
-47.125,91.125,488.0,South
-47.125,93.125,807.5,South
-47.125,95.125,-866.5,South
-47.125,97.125,499.0,South
-47.125,99.125,-291.5,South
-47.125,101.125,-137.0,South
-47.125,103.125,-275.5,South
-47.125,105.125,600.5,South
-47.125,107.125,-3652.5,South
-47.125,109.125,-3217.0,South
-47.125,111.125,140.0,South
-47.125,113.125,-1487.0,South
-47.125,115.125,-2644.0,South
-47.125,117.125,3989.0,South
-47.125,119.125,3106.0,South
-47.125,121.125,3353.5,South
-47.125,123.125,3261.5,South
-47.125,125.125,965.0,South
-47.125,127.125,198.5,South
-47.125,129.125,-1977.0,South
-47.125,131.125,36.0,South
-47.125,133.125,-950.5,South
-47.125,135.125,-676.0,South
-47.125,137.125,704.0,South
-47.125,139.125,-1978.5,South
-47.125,141.125,-2158.5,South
-47.125,143.125,-1277.0,South
-47.125,145.125,-3807.5,South
-47.125,147.125,-1976.0,South
-47.125,149.125,-2388.0,South
-47.125,151.125,-4150.5,South
-47.125,153.125,-3253.5,South
-47.125,155.125,-4198.5,South
-47.125,157.125,-5043.5,South
-47.125,159.125,-2874.0,South
-47.125,161.125,-2515.5,South
-47.125,163.125,-4260.0,South
-47.125,165.125,-3271.5,South
-47.125,167.125,-3671.0,South
-47.125,169.125,-4079.5,South
-47.125,171.125,-4937.0,South
-47.125,173.125,-3410.0,South
-47.125,175.125,-4798.0,South
-47.125,177.125,-4885.5,South
-47.125,179.125,-3018.5,South
-47.125,181.125,-4665.5,South
-47.125,183.125,-3691.0,South
-47.125,185.125,-3533.0,South
-47.125,187.125,-4122.5,South
-47.125,189.125,-4300.0,South
-47.125,191.125,-4356.0,South
-47.125,193.125,-3740.5,South
-47.125,195.125,-4362.5,South
-47.125,197.125,-4145.5,South
-47.125,199.125,-4284.0,South
-47.125,201.125,-4280.0,South
-47.125,203.125,-4283.0,South
-47.125,205.125,-4575.5,South
-47.125,207.125,-4281.0,South
-47.125,209.125,-4305.0,South
-47.125,211.125,-6365.5,South
-47.125,213.125,-4706.5,South
-47.125,215.125,-5533.0,South
-47.125,217.125,-4735.0,South
-47.125,219.125,-3954.5,South
-47.125,221.125,-4127.5,South
-47.125,223.125,-2639.0,South
-47.125,225.125,-2652.0,South
-47.125,227.125,-2045.0,South
-47.125,229.125,-1864.5,South
-47.125,231.125,-2347.0,South
-47.125,233.125,-3712.5,South
-47.125,235.125,-1859.0,South
-47.125,237.125,-1060.0,South
-47.125,239.125,1701.0,South
-47.125,241.125,571.5,South
-47.125,243.125,-42.0,South
-47.125,245.125,1619.0,South
-47.125,247.125,4899.5,South
-47.125,249.125,1526.5,South
-47.125,251.125,809.5,South
-47.125,253.125,2636.5,South
-47.125,255.125,1478.5,South
-47.125,257.125,977.0,South
-47.125,259.125,595.5,South
-47.125,261.125,424.0,South
-47.125,263.125,-168.5,South
-47.125,265.125,-710.5,South
-47.125,267.125,-1300.0,South
-47.125,269.125,319.5,South
-47.125,271.125,297.5,South
-47.125,273.125,588.5,South
-47.125,275.125,890.0,South
-47.125,277.125,1905.5,South
-47.125,279.125,2169.0,South
-47.125,281.125,2924.0,South
-47.125,283.125,3184.0,South
-47.125,285.125,2187.5,South
-47.125,287.125,996.5,South
-47.125,289.125,248.0,South
-47.125,291.125,-1740.5,South
-47.125,293.125,260.5,South
-47.125,295.125,277.5,South
-47.125,297.125,480.5,South
-47.125,299.125,669.5,South
-47.125,301.125,192.5,South
-47.125,303.125,-367.5,South
-47.125,305.125,-1569.5,South
-47.125,307.125,-1412.0,South
-47.125,309.125,221.0,South
-47.125,311.125,246.5,South
-47.125,313.125,114.0,South
-47.125,315.125,122.0,South
-47.125,317.125,258.5,South
-47.125,319.125,-119.5,South
-47.125,321.125,-258.5,South
-47.125,323.125,-985.5,South
-47.125,325.125,-102.0,South
-47.125,327.125,-796.0,South
-47.125,329.125,-351.0,South
-47.125,331.125,-744.0,South
-47.125,333.125,-838.5,South
-47.125,335.125,-96.5,South
-47.125,337.125,1801.0,South
-47.125,339.125,1004.5,South
-47.125,341.125,1227.0,South
-47.125,343.125,525.5,South
-47.125,345.125,252.0,South
-47.125,347.125,546.0,South
-47.125,349.125,-1399.5,South
-47.125,351.125,-273.0,South
-47.125,353.125,1106.0,South
-47.125,355.125,776.0,South
-47.125,357.125,305.5,South
-47.125,359.125,126.0,South
-49.125,1.125,-2214.5,South
-49.125,3.125,-276.5,South
-49.125,5.125,-1732.5,South
-49.125,7.125,-1775.0,South
-49.125,9.125,-110.0,South
-49.125,11.125,-257.0,South
-49.125,13.125,133.0,South
-49.125,15.125,-2088.5,South
-49.125,17.125,-408.0,South
-49.125,19.125,-790.5,South
-49.125,21.125,-2070.0,South
-49.125,23.125,-1794.5,South
-49.125,25.125,-1208.5,South
-49.125,27.125,-1132.5,South
-49.125,29.125,-186.5,South
-49.125,31.125,35.0,South
-49.125,33.125,-870.0,South
-49.125,35.125,-726.0,South
-49.125,37.125,-617.5,South
-49.125,39.125,66.5,South
-49.125,41.125,318.0,South
-49.125,43.125,-128.5,South
-49.125,45.125,224.5,South
-49.125,47.125,-3886.0,South
-49.125,49.125,-2560.0,South
-49.125,51.125,-934.5,South
-49.125,53.125,-1172.5,South
-49.125,55.125,-1264.0,South
-49.125,57.125,-1346.5,South
-49.125,59.125,-891.5,South
-49.125,61.125,-1272.0,South
-49.125,63.125,-1475.0,South
-49.125,65.125,-1064.5,South
-49.125,67.125,-939.0,South
-49.125,69.125,-2789.0,South
-49.125,71.125,-1288.5,South
-49.125,73.125,-2121.0,South
-49.125,75.125,-1435.0,South
-49.125,77.125,-1556.0,South
-49.125,79.125,291.5,South
-49.125,81.125,720.5,South
-49.125,83.125,-1987.0,South
-49.125,85.125,-1793.5,South
-49.125,87.125,-1736.0,South
-49.125,89.125,-14.5,South
-49.125,91.125,266.5,South
-49.125,93.125,229.5,South
-49.125,95.125,-401.0,South
-49.125,97.125,-441.0,South
-49.125,99.125,-465.0,South
-49.125,101.125,-2446.5,South
-49.125,103.125,185.5,South
-49.125,105.125,-588.0,South
-49.125,107.125,949.5,South
-49.125,109.125,-261.0,South
-49.125,111.125,-1225.0,South
-49.125,113.125,-2426.5,South
-49.125,115.125,-2681.5,South
-49.125,117.125,-2825.0,South
-49.125,119.125,292.0,South
-49.125,121.125,-3336.5,South
-49.125,123.125,205.5,South
-49.125,125.125,1923.5,South
-49.125,127.125,2147.0,South
-49.125,129.125,3050.0,South
-49.125,131.125,-802.5,South
-49.125,133.125,-14.5,South
-49.125,135.125,-1063.5,South
-49.125,137.125,-1042.5,South
-49.125,139.125,2412.5,South
-49.125,141.125,699.5,South
-49.125,143.125,-3254.5,South
-49.125,145.125,-1868.0,South
-49.125,147.125,-4029.5,South
-49.125,149.125,-4327.5,South
-49.125,151.125,-3051.0,South
-49.125,153.125,-3650.5,South
-49.125,155.125,-2508.0,South
-49.125,157.125,-3423.0,South
-49.125,159.125,-3649.0,South
-49.125,161.125,-3674.5,South
-49.125,163.125,-4403.0,South
-49.125,165.125,-4389.5,South
-49.125,167.125,-4120.0,South
-49.125,169.125,-3386.0,South
-49.125,171.125,-3622.0,South
-49.125,173.125,-5129.5,South
-49.125,175.125,-5283.5,South
-49.125,177.125,-5424.5,South
-49.125,179.125,-5459.5,South
-49.125,181.125,-6271.5,South
-49.125,183.125,-6147.0,South
-49.125,185.125,-3993.0,South
-49.125,187.125,-4783.0,South
-49.125,189.125,-4422.5,South
-49.125,191.125,-3729.0,South
-49.125,193.125,-4551.5,South
-49.125,195.125,-4418.0,South
-49.125,197.125,-4578.5,South
-49.125,199.125,-4458.0,South
-49.125,201.125,-4674.0,South
-49.125,203.125,-4677.5,South
-49.125,205.125,-3952.5,South
-49.125,207.125,-4098.5,South
-49.125,209.125,-4456.5,South
-49.125,211.125,-6019.5,South
-49.125,213.125,-4257.5,South
-49.125,215.125,-3990.0,South
-49.125,217.125,-4448.0,South
-49.125,219.125,-6315.0,South
-49.125,221.125,-5241.0,South
-49.125,223.125,-3181.5,South
-49.125,225.125,-3510.0,South
-49.125,227.125,-1445.5,South
-49.125,229.125,-1986.0,South
-49.125,231.125,-3141.5,South
-49.125,233.125,-2104.5,South
-49.125,235.125,-2339.0,South
-49.125,237.125,83.0,South
-49.125,239.125,946.0,South
-49.125,241.125,-380.5,South
-49.125,243.125,-138.5,South
-49.125,245.125,2154.0,South
-49.125,247.125,1196.5,South
-49.125,249.125,-1915.0,South
-49.125,251.125,-1510.5,South
-49.125,253.125,214.0,South
-49.125,255.125,1503.0,South
-49.125,257.125,863.0,South
-49.125,259.125,852.5,South
-49.125,261.125,-1469.5,South
-49.125,263.125,-1364.0,South
-49.125,265.125,-1827.0,South
-49.125,267.125,-1823.5,South
-49.125,269.125,-1506.0,South
-49.125,271.125,1076.0,South
-49.125,273.125,518.0,South
-49.125,275.125,508.0,South
-49.125,277.125,728.0,South
-49.125,279.125,1113.0,South
-49.125,281.125,2751.0,South
-49.125,283.125,3123.5,South
-49.125,285.125,2928.0,South
-49.125,287.125,1115.0,South
-49.125,289.125,1307.5,South
-49.125,291.125,1208.5,South
-49.125,293.125,800.5,South
-49.125,295.125,405.5,South
-49.125,297.125,512.5,South
-49.125,299.125,1137.5,South
-49.125,301.125,1425.5,South
-49.125,303.125,1196.0,South
-49.125,305.125,443.5,South
-49.125,307.125,-12.5,South
-49.125,309.125,-320.5,South
-49.125,311.125,-191.5,South
-49.125,313.125,405.0,South
-49.125,315.125,597.0,South
-49.125,317.125,-156.5,South
-49.125,319.125,136.5,South
-49.125,321.125,569.0,South
-49.125,323.125,91.5,South
-49.125,325.125,-401.0,South
-49.125,327.125,-1425.0,South
-49.125,329.125,-378.0,South
-49.125,331.125,-630.0,South
-49.125,333.125,-585.0,South
-49.125,335.125,-933.5,South
-49.125,337.125,-3254.5,South
-49.125,339.125,-3096.5,South
-49.125,341.125,-1419.5,South
-49.125,343.125,-398.0,South
-49.125,345.125,442.0,South
-49.125,347.125,218.0,South
-49.125,349.125,1420.5,South
-49.125,351.125,-1062.5,South
-49.125,353.125,-2920.5,South
-49.125,355.125,-2795.5,South
-49.125,357.125,-1124.0,South
-49.125,359.125,-170.5,South
-51.125,1.125,-158.0,South
-51.125,3.125,-2499.0,South
-51.125,5.125,-2277.5,South
-51.125,7.125,50.5,South
-51.125,9.125,-2347.0,South
-51.125,11.125,-821.0,South
-51.125,13.125,-1332.5,South
-51.125,15.125,-1079.5,South
-51.125,17.125,-382.0,South
-51.125,19.125,-3733.5,South
-51.125,21.125,-1755.0,South
-51.125,23.125,-1890.5,South
-51.125,25.125,-1934.5,South
-51.125,27.125,-920.0,South
-51.125,29.125,-3042.0,South
-51.125,31.125,-3485.5,South
-51.125,33.125,-506.0,South
-51.125,35.125,-1019.0,South
-51.125,37.125,-869.0,South
-51.125,39.125,-2346.5,South
-51.125,41.125,-1340.0,South
-51.125,43.125,-1530.5,South
-51.125,45.125,-1421.5,South
-51.125,47.125,-997.5,South
-51.125,49.125,-1375.0,South
-51.125,51.125,-1206.5,South
-51.125,53.125,-1442.0,South
-51.125,55.125,-1209.5,South
-51.125,57.125,-1585.5,South
-51.125,59.125,-1161.5,South
-51.125,61.125,-1697.5,South
-51.125,63.125,-1376.0,South
-51.125,65.125,-1153.0,South
-51.125,67.125,-1285.0,South
-51.125,69.125,-1193.0,South
-51.125,71.125,-1672.5,South
-51.125,73.125,-1829.0,South
-51.125,75.125,-1842.5,South
-51.125,77.125,-1212.0,South
-51.125,79.125,-1210.0,South
-51.125,81.125,-1022.5,South
-51.125,83.125,-1989.5,South
-51.125,85.125,-1764.0,South
-51.125,87.125,-1839.0,South
-51.125,89.125,340.0,South
-51.125,91.125,-487.0,South
-51.125,93.125,-826.5,South
-51.125,95.125,164.5,South
-51.125,97.125,-488.0,South
-51.125,99.125,-1345.5,South
-51.125,101.125,-435.0,South
-51.125,103.125,-1164.0,South
-51.125,105.125,354.5,South
-51.125,107.125,-230.0,South
-51.125,109.125,2537.0,South
-51.125,111.125,1362.5,South
-51.125,113.125,-855.5,South
-51.125,115.125,-2321.0,South
-51.125,117.125,182.0,South
-51.125,119.125,880.5,South
-51.125,121.125,-2572.0,South
-51.125,123.125,-1894.5,South
-51.125,125.125,-1283.5,South
-51.125,127.125,-1140.5,South
-51.125,129.125,-1051.5,South
-51.125,131.125,-576.5,South
-51.125,133.125,207.0,South
-51.125,135.125,778.5,South
-51.125,137.125,1494.5,South
-51.125,139.125,-1613.5,South
-51.125,141.125,-624.5,South
-51.125,143.125,-667.0,South
-51.125,145.125,-619.0,South
-51.125,147.125,-2374.0,South
-51.125,149.125,-3861.0,South
-51.125,151.125,-2460.5,South
-51.125,153.125,-2174.5,South
-51.125,155.125,-3379.0,South
-51.125,157.125,-3303.5,South
-51.125,159.125,-5455.0,South
-51.125,161.125,-5104.5,South
-51.125,163.125,-3337.5,South
-51.125,165.125,-3192.0,South
-51.125,167.125,-3405.5,South
-51.125,169.125,-3769.0,South
-51.125,171.125,-3162.5,South
-51.125,173.125,-3662.5,South
-51.125,175.125,-3021.5,South
-51.125,177.125,-4631.5,South
-51.125,179.125,-2884.5,South
-51.125,181.125,-4041.0,South
-51.125,183.125,-4285.0,South
-51.125,185.125,-4752.0,South
-51.125,187.125,-4947.5,South
-51.125,189.125,-4809.0,South
-51.125,191.125,-5093.0,South
-51.125,193.125,-5033.5,South
-51.125,195.125,-4938.5,South
-51.125,197.125,-4835.0,South
-51.125,199.125,-4816.5,South
-51.125,201.125,-4893.5,South
-51.125,203.125,-5176.5,South
-51.125,205.125,-4095.0,South
-51.125,207.125,-6422.5,South
-51.125,209.125,-4737.5,South
-51.125,211.125,-5060.0,South
-51.125,213.125,-3563.0,South
-51.125,215.125,-3687.5,South
-51.125,217.125,-3519.0,South
-51.125,219.125,-3939.0,South
-51.125,221.125,-3811.0,South
-51.125,223.125,-5123.5,South
-51.125,225.125,-4330.0,South
-51.125,227.125,-3815.5,South
-51.125,229.125,-2465.5,South
-51.125,231.125,-2788.0,South
-51.125,233.125,-3179.5,South
-51.125,235.125,-2907.0,South
-51.125,237.125,196.5,South
-51.125,239.125,-2506.0,South
-51.125,241.125,-1083.0,South
-51.125,243.125,-1495.5,South
-51.125,245.125,207.0,South
-51.125,247.125,2575.5,South
-51.125,249.125,3469.0,South
-51.125,251.125,3602.5,South
-51.125,253.125,-921.5,South
-51.125,255.125,1925.5,South
-51.125,257.125,-71.5,South
-51.125,259.125,903.0,South
-51.125,261.125,-597.0,South
-51.125,263.125,-1509.5,South
-51.125,265.125,-2130.5,South
-51.125,267.125,-1946.5,South
-51.125,269.125,-929.0,South
-51.125,271.125,-687.0,South
-51.125,273.125,-605.5,South
-51.125,275.125,594.5,South
-51.125,277.125,888.5,South
-51.125,279.125,2128.5,South
-51.125,281.125,2688.0,South
-51.125,283.125,3945.5,South
-51.125,285.125,2964.0,South
-51.125,287.125,1948.0,South
-51.125,289.125,1237.0,South
-51.125,291.125,97.0,South
-51.125,293.125,545.5,South
-51.125,295.125,1215.5,South
-51.125,297.125,653.5,South
-51.125,299.125,1747.5,South
-51.125,301.125,1069.0,South
-51.125,303.125,289.0,South
-51.125,305.125,740.5,South
-51.125,307.125,-262.5,South
-51.125,309.125,-1400.0,South
-51.125,311.125,-1124.0,South
-51.125,313.125,-1149.0,South
-51.125,315.125,-1080.5,South
-51.125,317.125,67.0,South
-51.125,319.125,-3428.0,South
-51.125,321.125,-674.5,South
-51.125,323.125,-1287.5,South
-51.125,325.125,-1624.5,South
-51.125,327.125,15.0,South
-51.125,329.125,-198.0,South
-51.125,331.125,-688.0,South
-51.125,333.125,-775.5,South
-51.125,335.125,-267.5,South
-51.125,337.125,-3173.5,South
-51.125,339.125,-2676.0,South
-51.125,341.125,429.0,South
-51.125,343.125,477.5,South
-51.125,345.125,-82.0,South
-51.125,347.125,82.5,South
-51.125,349.125,-45.5,South
-51.125,351.125,-369.0,South
-51.125,353.125,-2862.0,South
-51.125,355.125,-2796.5,South
-51.125,357.125,-178.5,South
-51.125,359.125,66.0,South
-53.125,1.125,-1583.0,South
-53.125,3.125,-742.0,South
-53.125,5.125,-1119.0,South
-53.125,7.125,-470.5,South
-53.125,9.125,-926.0,South
-53.125,11.125,-948.0,South
-53.125,13.125,-605.0,South
-53.125,15.125,-949.5,South
-53.125,17.125,-947.0,South
-53.125,19.125,-747.5,South
-53.125,21.125,-1473.5,South
-53.125,23.125,-2268.0,South
-53.125,25.125,-1759.5,South
-53.125,27.125,-1364.0,South
-53.125,29.125,-770.0,South
-53.125,31.125,333.0,South
-53.125,33.125,68.5,South
-53.125,35.125,1296.0,South
-53.125,37.125,-2644.5,South
-53.125,39.125,-3863.0,South
-53.125,41.125,135.0,South
-53.125,43.125,-1290.5,South
-53.125,45.125,-949.5,South
-53.125,47.125,-2409.5,South
-53.125,49.125,-1314.5,South
-53.125,51.125,-1624.5,South
-53.125,53.125,-3041.5,South
-53.125,55.125,-1754.0,South
-53.125,57.125,-1869.5,South
-53.125,59.125,-3217.0,South
-53.125,61.125,-1052.5,South
-53.125,63.125,-2083.0,South
-53.125,65.125,-1103.5,South
-53.125,67.125,-1213.0,South
-53.125,69.125,-1483.0,South
-53.125,71.125,-1551.0,South
-53.125,73.125,-1841.5,South
-53.125,75.125,-2035.5,South
-53.125,77.125,-930.0,South
-53.125,79.125,-1455.0,South
-53.125,81.125,-1161.0,South
-53.125,83.125,-942.0,South
-53.125,85.125,439.5,South
-53.125,87.125,841.5,South
-53.125,89.125,-734.0,South
-53.125,91.125,-1266.5,South
-53.125,93.125,-1190.5,South
-53.125,95.125,-805.5,South
-53.125,97.125,-1665.5,South
-53.125,99.125,-345.5,South
-53.125,101.125,-911.0,South
-53.125,103.125,-149.5,South
-53.125,105.125,-468.0,South
-53.125,107.125,-557.0,South
-53.125,109.125,-541.0,South
-53.125,111.125,66.0,South
-53.125,113.125,-1947.0,South
-53.125,115.125,-2431.5,South
-53.125,117.125,-2414.5,South
-53.125,119.125,-1011.5,South
-53.125,121.125,-463.5,South
-53.125,123.125,-1455.5,South
-53.125,125.125,74.5,South
-53.125,127.125,-932.5,South
-53.125,129.125,-515.5,South
-53.125,131.125,669.5,South
-53.125,133.125,-2225.0,South
-53.125,135.125,-2157.0,South
-53.125,137.125,-2332.0,South
-53.125,139.125,-1377.0,South
-53.125,141.125,-1715.0,South
-53.125,143.125,846.0,South
-53.125,145.125,-324.0,South
-53.125,147.125,-1197.0,South
-53.125,149.125,-2185.5,South
-53.125,151.125,-2726.5,South
-53.125,153.125,-3324.0,South
-53.125,155.125,-3052.0,South
-53.125,157.125,-2763.0,South
-53.125,159.125,-4416.0,South
-53.125,161.125,-4803.5,South
-53.125,163.125,-4445.5,South
-53.125,165.125,-4631.0,South
-53.125,167.125,-4491.0,South
-53.125,169.125,-4059.5,South
-53.125,171.125,-4133.0,South
-53.125,173.125,-3982.0,South
-53.125,175.125,-3753.0,South
-53.125,177.125,-6148.5,South
-53.125,179.125,-5023.0,South
-53.125,181.125,-4963.0,South
-53.125,183.125,-5174.0,South
-53.125,185.125,-4466.5,South
-53.125,187.125,-4768.0,South
-53.125,189.125,-6793.0,South
-53.125,191.125,-7250.5,South
-53.125,193.125,-6758.0,South
-53.125,195.125,-4935.5,South
-53.125,197.125,-5090.0,South
-53.125,199.125,-5102.5,South
-53.125,201.125,-5113.0,South
-53.125,203.125,-5088.5,South
-53.125,205.125,-5224.5,South
-53.125,207.125,-6164.5,South
-53.125,209.125,-6046.5,South
-53.125,211.125,-5569.5,South
-53.125,213.125,-5582.5,South
-53.125,215.125,-5401.5,South
-53.125,217.125,-4628.5,South
-53.125,219.125,-5134.0,South
-53.125,221.125,-4784.0,South
-53.125,223.125,-4789.0,South
-53.125,225.125,-3918.5,South
-53.125,227.125,-5389.5,South
-53.125,229.125,-3794.5,South
-53.125,231.125,-2396.5,South
-53.125,233.125,-3373.5,South
-53.125,235.125,-2661.5,South
-53.125,237.125,-2781.5,South
-53.125,239.125,-1339.0,South
-53.125,241.125,-1240.0,South
-53.125,243.125,1037.5,South
-53.125,245.125,-46.0,South
-53.125,247.125,965.5,South
-53.125,249.125,3663.5,South
-53.125,251.125,1805.0,South
-53.125,253.125,1737.0,South
-53.125,255.125,36.0,South
-53.125,257.125,405.0,South
-53.125,259.125,541.0,South
-53.125,261.125,-61.0,South
-53.125,263.125,-199.5,South
-53.125,265.125,-371.0,South
-53.125,267.125,-818.5,South
-53.125,269.125,-78.5,South
-53.125,271.125,139.0,South
-53.125,273.125,605.0,South
-53.125,275.125,492.5,South
-53.125,277.125,2810.0,South
-53.125,279.125,2134.5,South
-53.125,281.125,2264.0,South
-53.125,283.125,2078.0,South
-53.125,285.125,2160.5,South
-53.125,287.125,2156.5,South
-53.125,289.125,883.0,South
-53.125,291.125,962.0,South
-53.125,293.125,830.5,South
-53.125,295.125,379.5,South
-53.125,297.125,220.5,South
-53.125,299.125,1045.0,South
-53.125,301.125,-1632.5,South
-53.125,303.125,-1496.5,South
-53.125,305.125,-1110.5,South
-53.125,307.125,-250.0,South
-53.125,309.125,-1238.5,South
-53.125,311.125,-1064.0,South
-53.125,313.125,-880.0,South
-53.125,315.125,-1286.0,South
-53.125,317.125,-1108.0,South
-53.125,319.125,-522.0,South
-53.125,321.125,-3311.0,South
-53.125,323.125,-1779.0,South
-53.125,325.125,-176.5,South
-53.125,327.125,-1539.5,South
-53.125,329.125,-599.0,South
-53.125,331.125,-764.0,South
-53.125,333.125,-1123.5,South
-53.125,335.125,-172.0,South
-53.125,337.125,133.5,South
-53.125,339.125,-1099.0,South
-53.125,341.125,-561.0,South
-53.125,343.125,177.5,South
-53.125,345.125,121.5,South
-53.125,347.125,-235.5,South
-53.125,349.125,146.0,South
-53.125,351.125,133.0,South
-53.125,353.125,485.5,South
-53.125,355.125,591.0,South
-53.125,357.125,-239.0,South
-53.125,359.125,81.0,South
-55.125,1.125,-1326.0,South
-55.125,3.125,-39.0,South
-55.125,5.125,-1150.5,South
-55.125,7.125,-2329.5,South
-55.125,9.125,-2205.0,South
-55.125,11.125,-1528.0,South
-55.125,13.125,-1451.0,South
-55.125,15.125,-1178.5,South
-55.125,17.125,-1055.5,South
-55.125,19.125,-1620.0,South
-55.125,21.125,-1110.5,South
-55.125,23.125,-1348.0,South
-55.125,25.125,-3478.5,South
-55.125,27.125,-1219.5,South
-55.125,29.125,-2418.0,South
-55.125,31.125,-3250.5,South
-55.125,33.125,-3117.0,South
-55.125,35.125,-1519.0,South
-55.125,37.125,-1843.5,South
-55.125,39.125,-625.0,South
-55.125,41.125,-2514.5,South
-55.125,43.125,-3137.0,South
-55.125,45.125,-2196.5,South
-55.125,47.125,-1294.0,South
-55.125,49.125,-283.5,South
-55.125,51.125,-4175.0,South
-55.125,53.125,-3413.0,South
-55.125,55.125,-1700.0,South
-55.125,57.125,-1561.0,South
-55.125,59.125,-828.5,South
-55.125,61.125,-1254.0,South
-55.125,63.125,-1357.0,South
-55.125,65.125,-1277.5,South
-55.125,67.125,-1291.5,South
-55.125,69.125,-966.5,South
-55.125,71.125,-1047.0,South
-55.125,73.125,-1302.0,South
-55.125,75.125,-1580.5,South
-55.125,77.125,-1362.5,South
-55.125,79.125,-1267.5,South
-55.125,81.125,490.0,South
-55.125,83.125,-2023.5,South
-55.125,85.125,1268.0,South
-55.125,87.125,-1570.0,South
-55.125,89.125,513.0,South
-55.125,91.125,-2483.5,South
-55.125,93.125,-1780.5,South
-55.125,95.125,-2082.0,South
-55.125,97.125,-222.5,South
-55.125,99.125,-1323.5,South
-55.125,101.125,-83.0,South
-55.125,103.125,-628.0,South
-55.125,105.125,-685.0,South
-55.125,107.125,-723.5,South
-55.125,109.125,1482.5,South
-55.125,111.125,-2815.5,South
-55.125,113.125,-1946.0,South
-55.125,115.125,-394.5,South
-55.125,117.125,-65.5,South
-55.125,119.125,13.0,South
-55.125,121.125,-870.5,South
-55.125,123.125,-149.0,South
-55.125,125.125,-492.0,South
-55.125,127.125,668.0,South
-55.125,129.125,-2125.0,South
-55.125,131.125,-1642.0,South
-55.125,133.125,-944.5,South
-55.125,135.125,-3424.0,South
-55.125,137.125,-3191.0,South
-55.125,139.125,-2492.5,South
-55.125,141.125,-3032.5,South
-55.125,143.125,-2848.5,South
-55.125,145.125,-82.5,South
-55.125,147.125,-1338.5,South
-55.125,149.125,-3051.5,South
-55.125,151.125,-3352.0,South
-55.125,153.125,-3700.0,South
-55.125,155.125,-3640.5,South
-55.125,157.125,-4933.5,South
-55.125,159.125,-4452.5,South
-55.125,161.125,-5064.0,South
-55.125,163.125,-4911.5,South
-55.125,165.125,-4883.5,South
-55.125,167.125,-4504.5,South
-55.125,169.125,-4712.5,South
-55.125,171.125,-4643.0,South
-55.125,173.125,-5970.0,South
-55.125,175.125,-5977.5,South
-55.125,177.125,-3573.5,South
-55.125,179.125,-3561.5,South
-55.125,181.125,-4632.0,South
-55.125,183.125,-5159.0,South
-55.125,185.125,-5612.5,South
-55.125,187.125,-5191.0,South
-55.125,189.125,-4560.5,South
-55.125,191.125,-6614.5,South
-55.125,193.125,-5128.0,South
-55.125,195.125,-7306.0,South
-55.125,197.125,-4620.0,South
-55.125,199.125,-5131.0,South
-55.125,201.125,-5280.0,South
-55.125,203.125,-6400.0,South
-55.125,205.125,-4105.5,South
-55.125,207.125,-5389.5,South
-55.125,209.125,-5414.0,South
-55.125,211.125,-5299.0,South
-55.125,213.125,-6725.0,South
-55.125,215.125,-6886.0,South
-55.125,217.125,-4294.5,South
-55.125,219.125,-4682.0,South
-55.125,221.125,-5075.0,South
-55.125,223.125,-5168.0,South
-55.125,225.125,-4875.5,South
-55.125,227.125,-4420.5,South
-55.125,229.125,-4196.0,South
-55.125,231.125,-3020.0,South
-55.125,233.125,-3199.0,South
-55.125,235.125,-3653.5,South
-55.125,237.125,-3110.5,South
-55.125,239.125,-1390.0,South
-55.125,241.125,540.0,South
-55.125,243.125,-2590.5,South
-55.125,245.125,-2626.0,South
-55.125,247.125,-2260.0,South
-55.125,249.125,-604.0,South
-55.125,251.125,2884.0,South
-55.125,253.125,2104.5,South
-55.125,255.125,1936.0,South
-55.125,257.125,380.0,South
-55.125,259.125,509.0,South
-55.125,261.125,-1363.0,South
-55.125,263.125,694.0,South
-55.125,265.125,769.5,South
-55.125,267.125,395.0,South
-55.125,269.125,194.0,South
-55.125,271.125,348.0,South
-55.125,273.125,249.5,South
-55.125,275.125,330.0,South
-55.125,277.125,-1232.0,South
-55.125,279.125,1296.5,South
-55.125,281.125,2371.0,South
-55.125,283.125,1637.0,South
-55.125,285.125,591.0,South
-55.125,287.125,441.0,South
-55.125,289.125,1904.5,South
-55.125,291.125,847.5,South
-55.125,293.125,949.5,South
-55.125,295.125,634.5,South
-55.125,297.125,427.5,South
-55.125,299.125,1021.5,South
-55.125,301.125,211.0,South
-55.125,303.125,791.0,South
-55.125,305.125,-254.0,South
-55.125,307.125,-1288.5,South
-55.125,309.125,-718.0,South
-55.125,311.125,-1478.0,South
-55.125,313.125,-1445.0,South
-55.125,315.125,-1695.0,South
-55.125,317.125,-1597.5,South
-55.125,319.125,-1384.0,South
-55.125,321.125,-1893.5,South
-55.125,323.125,-1545.0,South
-55.125,325.125,-1193.0,South
-55.125,327.125,-40.0,South
-55.125,329.125,-170.5,South
-55.125,331.125,-1606.5,South
-55.125,333.125,-1118.0,South
-55.125,335.125,-670.5,South
-55.125,337.125,-225.0,South
-55.125,339.125,-53.5,South
-55.125,341.125,787.5,South
-55.125,343.125,-1502.5,South
-55.125,345.125,969.5,South
-55.125,347.125,134.5,South
-55.125,349.125,-80.5,South
-55.125,351.125,1546.5,South
-55.125,353.125,690.5,South
-55.125,355.125,-862.5,South
-55.125,357.125,-2317.5,South
-55.125,359.125,-798.0,South
-57.125,1.125,-1706.5,South
-57.125,3.125,166.0,South
-57.125,5.125,-955.5,South
-57.125,7.125,-679.0,South
-57.125,9.125,51.0,South
-57.125,11.125,-3264.0,South
-57.125,13.125,-959.5,South
-57.125,15.125,-1143.5,South
-57.125,17.125,-985.0,South
-57.125,19.125,-973.5,South
-57.125,21.125,-787.5,South
-57.125,23.125,-1196.5,South
-57.125,25.125,-1485.5,South
-57.125,27.125,-1171.5,South
-57.125,29.125,-866.5,South
-57.125,31.125,-1270.5,South
-57.125,33.125,-545.5,South
-57.125,35.125,-994.5,South
-57.125,37.125,-896.5,South
-57.125,39.125,-834.0,South
-57.125,41.125,-498.0,South
-57.125,43.125,-2364.5,South
-57.125,45.125,-1137.5,South
-57.125,47.125,-1118.0,South
-57.125,49.125,-1419.0,South
-57.125,51.125,-582.0,South
-57.125,53.125,-1244.0,South
-57.125,55.125,-1163.5,South
-57.125,57.125,-1425.5,South
-57.125,59.125,-808.5,South
-57.125,61.125,-1198.0,South
-57.125,63.125,-690.5,South
-57.125,65.125,93.0,South
-57.125,67.125,-1581.5,South
-57.125,69.125,-1907.5,South
-57.125,71.125,-2283.0,South
-57.125,73.125,3.0,South
-57.125,75.125,-2152.5,South
-57.125,77.125,-1998.5,South
-57.125,79.125,17.0,South
-57.125,81.125,-336.5,South
-57.125,83.125,-1405.0,South
-57.125,85.125,-245.0,South
-57.125,87.125,-1483.5,South
-57.125,89.125,-441.0,South
-57.125,91.125,544.5,South
-57.125,93.125,352.5,South
-57.125,95.125,1181.5,South
-57.125,97.125,-653.0,South
-57.125,99.125,-1810.5,South
-57.125,101.125,-1912.0,South
-57.125,103.125,-869.0,South
-57.125,105.125,-572.5,South
-57.125,107.125,525.0,South
-57.125,109.125,-1822.5,South
-57.125,111.125,-333.5,South
-57.125,113.125,971.5,South
-57.125,115.125,-2477.0,South
-57.125,117.125,-2501.5,South
-57.125,119.125,-928.5,South
-57.125,121.125,-1364.5,South
-57.125,123.125,887.5,South
-57.125,125.125,1732.0,South
-57.125,127.125,99.0,South
-57.125,129.125,-2102.0,South
-57.125,131.125,-2192.0,South
-57.125,133.125,-2078.0,South
-57.125,135.125,-1751.0,South
-57.125,137.125,-3578.0,South
-57.125,139.125,-2878.0,South
-57.125,141.125,-2864.5,South
-57.125,143.125,-3173.5,South
-57.125,145.125,-1829.5,South
-57.125,147.125,-1506.5,South
-57.125,149.125,-1912.5,South
-57.125,151.125,-1781.5,South
-57.125,153.125,-1410.5,South
-57.125,155.125,-4662.0,South
-57.125,157.125,-5051.0,South
-57.125,159.125,-5031.0,South
-57.125,161.125,-5063.0,South
-57.125,163.125,-5077.0,South
-57.125,165.125,-4965.0,South
-57.125,167.125,-4728.0,South
-57.125,169.125,-4859.5,South
-57.125,171.125,-4889.5,South
-57.125,173.125,-3192.5,South
-57.125,175.125,-6113.0,South
-57.125,177.125,-4678.0,South
-57.125,179.125,-5023.0,South
-57.125,181.125,-4931.0,South
-57.125,183.125,-4899.0,South
-57.125,185.125,-5185.0,South
-57.125,187.125,-5280.5,South
-57.125,189.125,-5229.0,South
-57.125,191.125,-5327.5,South
-57.125,193.125,-5096.5,South
-57.125,195.125,-5069.5,South
-57.125,197.125,-4784.5,South
-57.125,199.125,-5078.0,South
-57.125,201.125,-5286.5,South
-57.125,203.125,-5391.5,South
-57.125,205.125,-5090.5,South
-57.125,207.125,-5098.0,South
-57.125,209.125,-4753.5,South
-57.125,211.125,-4262.5,South
-57.125,213.125,-7654.0,South
-57.125,215.125,-6828.0,South
-57.125,217.125,-4104.5,South
-57.125,219.125,-5052.0,South
-57.125,221.125,-4670.5,South
-57.125,223.125,-3877.0,South
-57.125,225.125,-7017.5,South
-57.125,227.125,-6603.0,South
-57.125,229.125,-3954.5,South
-57.125,231.125,-3883.5,South
-57.125,233.125,-4206.0,South
-57.125,235.125,-5412.5,South
-57.125,237.125,-2756.0,South
-57.125,239.125,-3522.5,South
-57.125,241.125,2035.0,South
-57.125,243.125,-395.0,South
-57.125,245.125,-2157.0,South
-57.125,247.125,-2128.5,South
-57.125,249.125,2242.0,South
-57.125,251.125,3469.0,South
-57.125,253.125,2334.5,South
-57.125,255.125,1773.0,South
-57.125,257.125,2134.5,South
-57.125,259.125,2648.5,South
-57.125,261.125,3214.5,South
-57.125,263.125,1030.0,South
-57.125,265.125,741.0,South
-57.125,267.125,519.5,South
-57.125,269.125,386.5,South
-57.125,271.125,569.5,South
-57.125,273.125,1332.5,South
-57.125,275.125,1188.0,South
-57.125,277.125,1358.0,South
-57.125,279.125,2892.5,South
-57.125,281.125,1795.0,South
-57.125,283.125,2038.5,South
-57.125,285.125,1557.5,South
-57.125,287.125,1195.0,South
-57.125,289.125,2302.5,South
-57.125,291.125,649.0,South
-57.125,293.125,895.0,South
-57.125,295.125,582.5,South
-57.125,297.125,450.0,South
-57.125,299.125,1260.5,South
-57.125,301.125,-187.0,South
-57.125,303.125,-167.5,South
-57.125,305.125,-866.0,South
-57.125,307.125,-1439.5,South
-57.125,309.125,-1336.0,South
-57.125,311.125,-1462.0,South
-57.125,313.125,-1327.5,South
-57.125,315.125,-1531.0,South
-57.125,317.125,-1515.5,South
-57.125,319.125,-1272.5,South
-57.125,321.125,-1914.5,South
-57.125,323.125,-2927.5,South
-57.125,325.125,428.5,South
-57.125,327.125,1398.5,South
-57.125,329.125,-580.5,South
-57.125,331.125,-682.0,South
-57.125,333.125,-297.0,South
-57.125,335.125,-1342.5,South
-57.125,337.125,54.0,South
-57.125,339.125,-256.0,South
-57.125,341.125,-2875.0,South
-57.125,343.125,-2978.0,South
-57.125,345.125,-2858.0,South
-57.125,347.125,-2971.5,South
-57.125,349.125,-2444.5,South
-57.125,351.125,-1006.5,South
-57.125,353.125,743.0,South
-57.125,355.125,50.0,South
-57.125,357.125,-760.5,South
-57.125,359.125,-2332.5,South
-59.125,1.125,-635.0,South
-59.125,3.125,-8.5,South
-59.125,5.125,-21.0,South
-59.125,7.125,-1100.0,South
-59.125,9.125,-403.0,South
-59.125,11.125,215.5,South
-59.125,13.125,-368.0,South
-59.125,15.125,-184.0,South
-59.125,17.125,269.5,South
-59.125,19.125,-264.0,South
-59.125,21.125,-2112.0,South
-59.125,23.125,-857.5,South
-59.125,25.125,-666.0,South
-59.125,27.125,-1110.0,South
-59.125,29.125,-1252.0,South
-59.125,31.125,-3021.0,South
-59.125,33.125,-1236.5,South
-59.125,35.125,-974.5,South
-59.125,37.125,-761.5,South
-59.125,39.125,-2909.5,South
-59.125,41.125,-1024.5,South
-59.125,43.125,-528.5,South
-59.125,45.125,-1451.0,South
-59.125,47.125,-3684.0,South
-59.125,49.125,259.5,South
-59.125,51.125,-676.0,South
-59.125,53.125,-1478.0,South
-59.125,55.125,-1085.5,South
-59.125,57.125,-878.0,South
-59.125,59.125,-572.5,South
-59.125,61.125,-692.5,South
-59.125,63.125,1.0,South
-59.125,65.125,-3939.0,South
-59.125,67.125,-4023.5,South
-59.125,69.125,720.5,South
-59.125,71.125,126.5,South
-59.125,73.125,-106.0,South
-59.125,75.125,-1085.0,South
-59.125,77.125,88.5,South
-59.125,79.125,-234.5,South
-59.125,81.125,-312.5,South
-59.125,83.125,-613.5,South
-59.125,85.125,-915.5,South
-59.125,87.125,-640.0,South
-59.125,89.125,-158.0,South
-59.125,91.125,-251.5,South
-59.125,93.125,176.5,South
-59.125,95.125,-1096.5,South
-59.125,97.125,-1162.5,South
-59.125,99.125,-1274.0,South
-59.125,101.125,-1937.5,South
-59.125,103.125,-2073.0,South
-59.125,105.125,-1824.0,South
-59.125,107.125,-1631.5,South
-59.125,109.125,-431.5,South
-59.125,111.125,-1166.5,South
-59.125,113.125,-1946.5,South
-59.125,115.125,-1525.0,South
-59.125,117.125,-697.5,South
-59.125,119.125,695.5,South
-59.125,121.125,-877.5,South
-59.125,123.125,697.0,South
-59.125,125.125,776.0,South
-59.125,127.125,2317.5,South
-59.125,129.125,-1201.5,South
-59.125,131.125,-605.5,South
-59.125,133.125,-1887.0,South
-59.125,135.125,-1893.5,South
-59.125,137.125,-2434.0,South
-59.125,139.125,-2948.0,South
-59.125,141.125,-4917.0,South
-59.125,143.125,-3412.5,South
-59.125,145.125,-959.0,South
-59.125,147.125,-2137.5,South
-59.125,149.125,-3289.0,South
-59.125,151.125,-2605.0,South
-59.125,153.125,-1946.0,South
-59.125,155.125,-4785.5,South
-59.125,157.125,-5262.5,South
-59.125,159.125,-4906.5,South
-59.125,161.125,-5109.0,South
-59.125,163.125,-4972.5,South
-59.125,165.125,-4883.0,South
-59.125,167.125,-3398.0,South
-59.125,169.125,-4411.0,South
-59.125,171.125,-5131.0,South
-59.125,173.125,-5005.0,South
-59.125,175.125,-3909.0,South
-59.125,177.125,-4759.0,South
-59.125,179.125,-5148.0,South
-59.125,181.125,-5080.0,South
-59.125,183.125,-4997.0,South
-59.125,185.125,-5309.0,South
-59.125,187.125,-5396.5,South
-59.125,189.125,-5481.5,South
-59.125,191.125,-5433.5,South
-59.125,193.125,-5499.0,South
-59.125,195.125,-5052.5,South
-59.125,197.125,-5134.0,South
-59.125,199.125,-5369.0,South
-59.125,201.125,-5467.5,South
-59.125,203.125,-5242.5,South
-59.125,205.125,-5239.5,South
-59.125,207.125,-5132.5,South
-59.125,209.125,-5199.0,South
-59.125,211.125,-4944.5,South
-59.125,213.125,-5333.5,South
-59.125,215.125,-4761.0,South
-59.125,217.125,-4844.0,South
-59.125,219.125,-5197.0,South
-59.125,221.125,-4604.5,South
-59.125,223.125,-3438.0,South
-59.125,225.125,-7077.5,South
-59.125,227.125,-6514.5,South
-59.125,229.125,-3492.5,South
-59.125,231.125,-3172.5,South
-59.125,233.125,-2417.0,South
-59.125,235.125,-6096.0,South
-59.125,237.125,-2641.0,South
-59.125,239.125,-1420.0,South
-59.125,241.125,-801.0,South
-59.125,243.125,341.5,South
-59.125,245.125,746.0,South
-59.125,247.125,543.0,South
-59.125,249.125,216.0,South
-59.125,251.125,2261.5,South
-59.125,253.125,3328.0,South
-59.125,255.125,1229.0,South
-59.125,257.125,1673.5,South
-59.125,259.125,2031.5,South
-59.125,261.125,2018.5,South
-59.125,263.125,2042.0,South
-59.125,265.125,2103.5,South
-59.125,267.125,1771.5,South
-59.125,269.125,1975.0,South
-59.125,271.125,1848.5,South
-59.125,273.125,2808.0,South
-59.125,275.125,4587.0,South
-59.125,277.125,2939.0,South
-59.125,279.125,2298.0,South
-59.125,281.125,1909.5,South
-59.125,283.125,2484.5,South
-59.125,285.125,-654.5,South
-59.125,287.125,-155.5,South
-59.125,289.125,756.5,South
-59.125,291.125,-838.0,South
-59.125,293.125,1102.0,South
-59.125,295.125,723.0,South
-59.125,297.125,668.5,South
-59.125,299.125,1064.5,South
-59.125,301.125,880.0,South
-59.125,303.125,-297.5,South
-59.125,305.125,164.5,South
-59.125,307.125,-1119.0,South
-59.125,309.125,-1552.0,South
-59.125,311.125,-1971.0,South
-59.125,313.125,-1356.0,South
-59.125,315.125,-923.0,South
-59.125,317.125,-2020.5,South
-59.125,319.125,-3064.5,South
-59.125,321.125,-2036.0,South
-59.125,323.125,-1616.5,South
-59.125,325.125,-1528.0,South
-59.125,327.125,-1242.0,South
-59.125,329.125,824.5,South
-59.125,331.125,-1424.0,South
-59.125,333.125,-1082.5,South
-59.125,335.125,1069.0,South
-59.125,337.125,439.0,South
-59.125,339.125,-1464.0,South
-59.125,341.125,-3334.5,South
-59.125,343.125,-3190.0,South
-59.125,345.125,-3011.0,South
-59.125,347.125,-2778.0,South
-59.125,349.125,-3133.5,South
-59.125,351.125,-2808.5,South
-59.125,353.125,1171.0,South
-59.125,355.125,171.5,South
-59.125,357.125,-682.0,South
-59.125,359.125,-1230.5,South
-61.125,1.125,-522.5,South
-61.125,3.125,-664.0,South
-61.125,5.125,-3412.5,South
-61.125,7.125,-1682.5,South
-61.125,9.125,-18.5,South
-61.125,11.125,208.5,South
-61.125,13.125,-8.0,South
-61.125,15.125,-1466.0,South
-61.125,17.125,-802.0,South
-61.125,19.125,-1417.5,South
-61.125,21.125,-42.5,South
-61.125,23.125,346.0,South
-61.125,25.125,-359.5,South
-61.125,27.125,-2193.0,South
-61.125,29.125,-624.0,South
-61.125,31.125,-954.5,South
-61.125,33.125,-451.0,South
-61.125,35.125,-2231.0,South
-61.125,37.125,-756.0,South
-61.125,39.125,-557.5,South
-61.125,41.125,-994.5,South
-61.125,43.125,-810.5,South
-61.125,45.125,124.0,South
-61.125,47.125,951.0,South
-61.125,49.125,699.0,South
-61.125,51.125,213.0,South
-61.125,53.125,351.5,South
-61.125,55.125,-287.5,South
-61.125,57.125,-320.0,South
-61.125,59.125,-359.5,South
-61.125,61.125,-442.5,South
-61.125,63.125,371.5,South
-61.125,65.125,848.5,South
-61.125,67.125,142.5,South
-61.125,69.125,-276.0,South
-61.125,71.125,-162.0,South
-61.125,73.125,-1050.5,South
-61.125,75.125,-39.5,South
-61.125,77.125,-516.0,South
-61.125,79.125,-806.5,South
-61.125,81.125,-988.5,South
-61.125,83.125,268.0,South
-61.125,85.125,-903.0,South
-61.125,87.125,-2190.5,South
-61.125,89.125,-2450.5,South
-61.125,91.125,-1160.0,South
-61.125,93.125,-1233.0,South
-61.125,95.125,622.5,South
-61.125,97.125,-2096.0,South
-61.125,99.125,-1999.5,South
-61.125,101.125,-2410.0,South
-61.125,103.125,-837.5,South
-61.125,105.125,-1066.5,South
-61.125,107.125,-1311.5,South
-61.125,109.125,-232.0,South
-61.125,111.125,338.5,South
-61.125,113.125,2523.5,South
-61.125,115.125,-224.5,South
-61.125,117.125,-1216.0,South
-61.125,119.125,1989.0,South
-61.125,121.125,78.5,South
-61.125,123.125,636.0,South
-61.125,125.125,2139.0,South
-61.125,127.125,1125.0,South
-61.125,129.125,1692.0,South
-61.125,131.125,-991.0,South
-61.125,133.125,-1854.0,South
-61.125,135.125,-2517.5,South
-61.125,137.125,-2573.0,South
-61.125,139.125,-2556.0,South
-61.125,141.125,-1893.0,South
-61.125,143.125,-1686.5,South
-61.125,145.125,-1607.0,South
-61.125,147.125,-3506.0,South
-61.125,149.125,-3217.0,South
-61.125,151.125,-3051.0,South
-61.125,153.125,-2786.0,South
-61.125,155.125,-2266.5,South
-61.125,157.125,-4504.5,South
-61.125,159.125,-4786.5,South
-61.125,161.125,-4678.0,South
-61.125,163.125,-4919.5,South
-61.125,165.125,-5145.0,South
-61.125,167.125,-5217.0,South
-61.125,169.125,-4948.0,South
-61.125,171.125,-5297.5,South
-61.125,173.125,-5368.0,South
-61.125,175.125,-4160.5,South
-61.125,177.125,-4729.0,South
-61.125,179.125,-4970.5,South
-61.125,181.125,-5596.5,South
-61.125,183.125,-5337.5,South
-61.125,185.125,-5312.5,South
-61.125,187.125,-4631.5,South
-61.125,189.125,-7806.0,South
-61.125,191.125,-7799.5,South
-61.125,193.125,-4239.0,South
-61.125,195.125,-7251.0,South
-61.125,197.125,-4845.0,South
-61.125,199.125,-5684.0,South
-61.125,201.125,-5442.0,South
-61.125,203.125,-4933.5,South
-61.125,205.125,-5505.0,South
-61.125,207.125,-5168.0,South
-61.125,209.125,-7639.0,South
-61.125,211.125,-7771.5,South
-61.125,213.125,-4663.0,South
-61.125,215.125,-4338.0,South
-61.125,217.125,-6072.5,South
-61.125,219.125,-6686.5,South
-61.125,221.125,-6489.5,South
-61.125,223.125,-3803.0,South
-61.125,225.125,-4433.0,South
-61.125,227.125,-4560.0,South
-61.125,229.125,-4251.5,South
-61.125,231.125,-4433.0,South
-61.125,233.125,-3430.5,South
-61.125,235.125,-2970.5,South
-61.125,237.125,-1763.0,South
-61.125,239.125,-3099.0,South
-61.125,241.125,-2137.0,South
-61.125,243.125,-686.5,South
-61.125,245.125,-1184.0,South
-61.125,247.125,1195.5,South
-61.125,249.125,1753.0,South
-61.125,251.125,1316.0,South
-61.125,253.125,1615.5,South
-61.125,255.125,906.5,South
-61.125,257.125,479.5,South
-61.125,259.125,2441.0,South
-61.125,261.125,2696.0,South
-61.125,263.125,3364.0,South
-61.125,265.125,4296.5,South
-61.125,267.125,3560.0,South
-61.125,269.125,1134.5,South
-61.125,271.125,3143.0,South
-61.125,273.125,2502.0,South
-61.125,275.125,2996.0,South
-61.125,277.125,3040.0,South
-61.125,279.125,3969.5,South
-61.125,281.125,3758.0,South
-61.125,283.125,4173.0,South
-61.125,285.125,4510.5,South
-61.125,287.125,2968.0,South
-61.125,289.125,3864.0,South
-61.125,291.125,2220.5,South
-61.125,293.125,2733.0,South
-61.125,295.125,2173.5,South
-61.125,297.125,1085.5,South
-61.125,299.125,104.0,South
-61.125,301.125,457.5,South
-61.125,303.125,1051.5,South
-61.125,305.125,337.5,South
-61.125,307.125,1380.5,South
-61.125,309.125,-3102.5,South
-61.125,311.125,-256.0,South
-61.125,313.125,-782.5,South
-61.125,315.125,-1803.5,South
-61.125,317.125,-2055.0,South
-61.125,319.125,-1007.5,South
-61.125,321.125,269.0,South
-61.125,323.125,639.0,South
-61.125,325.125,-109.0,South
-61.125,327.125,-1601.0,South
-61.125,329.125,-788.5,South
-61.125,331.125,-3080.5,South
-61.125,333.125,-3155.5,South
-61.125,335.125,-211.0,South
-61.125,337.125,-665.0,South
-61.125,339.125,101.5,South
-61.125,341.125,-1188.5,South
-61.125,343.125,-2663.0,South
-61.125,345.125,-3031.0,South
-61.125,347.125,-4002.0,South
-61.125,349.125,-2606.5,South
-61.125,351.125,-259.5,South
-61.125,353.125,1604.0,South
-61.125,355.125,-376.0,South
-61.125,357.125,-1408.5,South
-61.125,359.125,-1523.5,South
-63.125,1.125,-283.0,South
-63.125,3.125,-174.0,South
-63.125,5.125,215.0,South
-63.125,7.125,-81.0,South
-63.125,9.125,-252.5,South
-63.125,11.125,-514.5,South
-63.125,13.125,-1380.5,South
-63.125,15.125,-455.5,South
-63.125,17.125,109.5,South
-63.125,19.125,-811.0,South
-63.125,21.125,-548.5,South
-63.125,23.125,-188.5,South
-63.125,25.125,793.0,South
-63.125,27.125,1858.5,South
-63.125,29.125,-1759.5,South
-63.125,31.125,-2805.5,South
-63.125,33.125,1432.0,South
-63.125,35.125,231.5,South
-63.125,37.125,-759.5,South
-63.125,39.125,-1157.5,South
-63.125,41.125,-1043.5,South
-63.125,43.125,-1912.0,South
-63.125,45.125,515.0,South
-63.125,47.125,249.5,South
-63.125,49.125,-1290.5,South
-63.125,51.125,336.5,South
-63.125,53.125,-204.0,South
-63.125,55.125,-497.5,South
-63.125,57.125,-30.0,South
-63.125,59.125,-102.0,South
-63.125,61.125,160.5,South
-63.125,63.125,-471.0,South
-63.125,65.125,-34.0,South
-63.125,67.125,463.5,South
-63.125,69.125,284.5,South
-63.125,71.125,-294.5,South
-63.125,73.125,-205.0,South
-63.125,75.125,-2254.5,South
-63.125,77.125,-1775.0,South
-63.125,79.125,-293.0,South
-63.125,81.125,455.0,South
-63.125,83.125,-1894.0,South
-63.125,85.125,-1964.5,South
-63.125,87.125,-2021.5,South
-63.125,89.125,-1604.0,South
-63.125,91.125,-1445.0,South
-63.125,93.125,550.0,South
-63.125,95.125,-544.0,South
-63.125,97.125,-1617.5,South
-63.125,99.125,-1269.0,South
-63.125,101.125,-2101.5,South
-63.125,103.125,1066.5,South
-63.125,105.125,448.0,South
-63.125,107.125,-475.0,South
-63.125,109.125,-734.5,South
-63.125,111.125,-415.0,South
-63.125,113.125,-383.0,South
-63.125,115.125,-410.5,South
-63.125,117.125,0.0,South
-63.125,119.125,997.0,South
-63.125,121.125,1065.0,South
-63.125,123.125,1736.5,South
-63.125,125.125,2673.0,South
-63.125,127.125,3009.5,South
-63.125,129.125,2954.5,South
-63.125,131.125,2004.5,South
-63.125,133.125,1909.0,South
-63.125,135.125,1250.0,South
-63.125,137.125,1717.0,South
-63.125,139.125,-553.5,South
-63.125,141.125,-621.5,South
-63.125,143.125,-2442.5,South
-63.125,145.125,-2097.5,South
-63.125,147.125,-2672.0,South
-63.125,149.125,-3747.5,South
-63.125,151.125,-4684.0,South
-63.125,153.125,-4513.5,South
-63.125,155.125,-3092.5,South
-63.125,157.125,-3229.0,South
-63.125,159.125,-3132.0,South
-63.125,161.125,-3354.0,South
-63.125,163.125,-2979.5,South
-63.125,165.125,-3952.0,South
-63.125,167.125,-3736.5,South
-63.125,169.125,-4689.0,South
-63.125,171.125,-4119.5,South
-63.125,173.125,-4108.5,South
-63.125,175.125,-4296.5,South
-63.125,177.125,-4234.5,South
-63.125,179.125,-5957.0,South
-63.125,181.125,-6013.5,South
-63.125,183.125,-4629.5,South
-63.125,185.125,-7059.5,South
-63.125,187.125,-5138.5,South
-63.125,189.125,-4442.5,South
-63.125,191.125,-5226.5,South
-63.125,193.125,-4748.5,South
-63.125,195.125,-7108.0,South
-63.125,197.125,-7259.5,South
-63.125,199.125,-6492.5,South
-63.125,201.125,-5950.5,South
-63.125,203.125,-5244.5,South
-63.125,205.125,-4829.0,South
-63.125,207.125,-5622.0,South
-63.125,209.125,-4539.5,South
-63.125,211.125,-4537.5,South
-63.125,213.125,-4689.5,South
-63.125,215.125,-4117.0,South
-63.125,217.125,-7362.5,South
-63.125,219.125,-4958.5,South
-63.125,221.125,-4137.5,South
-63.125,223.125,-4393.0,South
-63.125,225.125,-4352.5,South
-63.125,227.125,-4115.0,South
-63.125,229.125,-5124.0,South
-63.125,231.125,-4697.0,South
-63.125,233.125,-3282.0,South
-63.125,235.125,-4305.0,South
-63.125,237.125,-3688.5,South
-63.125,239.125,-3028.5,South
-63.125,241.125,-1073.0,South
-63.125,243.125,-713.5,South
-63.125,245.125,-210.0,South
-63.125,247.125,-4612.0,South
-63.125,249.125,-3800.0,South
-63.125,251.125,-3146.5,South
-63.125,253.125,972.5,South
-63.125,255.125,-273.0,South
-63.125,257.125,386.5,South
-63.125,259.125,2204.5,South
-63.125,261.125,2226.0,South
-63.125,263.125,2373.5,South
-63.125,265.125,3800.0,South
-63.125,267.125,5360.0,South
-63.125,269.125,2326.0,South
-63.125,271.125,704.0,South
-63.125,273.125,1934.5,South
-63.125,275.125,4129.5,South
-63.125,277.125,2958.0,South
-63.125,279.125,3200.5,South
-63.125,281.125,3907.0,South
-63.125,283.125,2787.5,South
-63.125,285.125,412.0,South
-63.125,287.125,-654.0,South
-63.125,289.125,-845.5,South
-63.125,291.125,-746.5,South
-63.125,293.125,-745.0,South
-63.125,295.125,-1277.0,South
-63.125,297.125,45.0,South
-63.125,299.125,620.5,South
-63.125,301.125,1382.5,South
-63.125,303.125,1446.0,South
-63.125,305.125,1483.0,South
-63.125,307.125,1162.0,South
-63.125,309.125,1602.5,South
-63.125,311.125,1130.5,South
-63.125,313.125,-661.5,South
-63.125,315.125,-2381.5,South
-63.125,317.125,95.0,South
-63.125,319.125,136.5,South
-63.125,321.125,-571.5,South
-63.125,323.125,-697.0,South
-63.125,325.125,-537.0,South
-63.125,327.125,-610.0,South
-63.125,329.125,-704.0,South
-63.125,331.125,-873.5,South
-63.125,333.125,108.5,South
-63.125,335.125,125.0,South
-63.125,337.125,-3626.0,South
-63.125,339.125,-3531.0,South
-63.125,341.125,-466.0,South
-63.125,343.125,-603.0,South
-63.125,345.125,-120.0,South
-63.125,347.125,-230.0,South
-63.125,349.125,663.0,South
-63.125,351.125,1124.5,South
-63.125,353.125,-409.0,South
-63.125,355.125,-1490.5,South
-63.125,357.125,-1587.0,South
-63.125,359.125,-1342.5,South
-65.125,1.125,904.5,South
-65.125,3.125,251.5,South
-65.125,5.125,1269.5,South
-65.125,7.125,-615.5,South
-65.125,9.125,-274.5,South
-65.125,11.125,-1495.5,South
-65.125,13.125,1406.5,South
-65.125,15.125,272.5,South
-65.125,17.125,-1521.0,South
-65.125,19.125,-671.5,South
-65.125,21.125,-687.5,South
-65.125,23.125,-576.0,South
-65.125,25.125,141.0,South
-65.125,27.125,924.0,South
-65.125,29.125,1753.5,South
-65.125,31.125,1378.0,South
-65.125,33.125,920.0,South
-65.125,35.125,-19.0,South
-65.125,37.125,573.0,South
-65.125,39.125,-799.0,South
-65.125,41.125,-883.0,South
-65.125,43.125,-997.5,South
-65.125,45.125,1505.0,South
-65.125,47.125,69.0,South
-65.125,49.125,1802.0,South
-65.125,51.125,-489.0,South
-65.125,53.125,81.0,South
-65.125,55.125,-141.5,South
-65.125,57.125,277.0,South
-65.125,59.125,1185.0,South
-65.125,61.125,8.0,South
-65.125,63.125,684.5,South
-65.125,65.125,-201.0,South
-65.125,67.125,-140.0,South
-65.125,69.125,571.0,South
-65.125,71.125,10.0,South
-65.125,73.125,-585.5,South
-65.125,75.125,-510.0,South
-65.125,77.125,27.0,South
-65.125,79.125,1132.0,South
-65.125,81.125,-1302.0,South
-65.125,83.125,-1683.5,South
-65.125,85.125,-814.0,South
-65.125,87.125,-1660.5,South
-65.125,89.125,-1456.0,South
-65.125,91.125,-1375.5,South
-65.125,93.125,-581.0,South
-65.125,95.125,-1144.5,South
-65.125,97.125,-628.5,South
-65.125,99.125,360.5,South
-65.125,101.125,-591.5,South
-65.125,103.125,-2764.0,South
-65.125,105.125,-2387.0,South
-65.125,107.125,2.5,South
-65.125,109.125,-1038.0,South
-65.125,111.125,-1287.0,South
-65.125,113.125,-1561.5,South
-65.125,115.125,-1356.0,South
-65.125,117.125,-931.0,South
-65.125,119.125,-37.0,South
-65.125,121.125,-277.0,South
-65.125,123.125,-905.0,South
-65.125,125.125,-1782.0,South
-65.125,127.125,-821.0,South
-65.125,129.125,-2045.0,South
-65.125,131.125,-657.0,South
-65.125,133.125,155.5,South
-65.125,135.125,1252.0,South
-65.125,137.125,-133.5,South
-65.125,139.125,-1866.5,South
-65.125,141.125,-3696.0,South
-65.125,143.125,-3939.5,South
-65.125,145.125,-3922.5,South
-65.125,147.125,-2453.0,South
-65.125,149.125,-4119.5,South
-65.125,151.125,-4111.5,South
-65.125,153.125,-4140.5,South
-65.125,155.125,-1786.0,South
-65.125,157.125,-843.5,South
-65.125,159.125,-2094.5,South
-65.125,161.125,-6195.0,South
-65.125,163.125,-6307.5,South
-65.125,165.125,-5145.0,South
-65.125,167.125,-3608.5,South
-65.125,169.125,-4769.0,South
-65.125,171.125,-5057.5,South
-65.125,173.125,-5108.0,South
-65.125,175.125,-4283.0,South
-65.125,177.125,-3633.0,South
-65.125,179.125,-4713.5,South
-65.125,181.125,-3268.0,South
-65.125,183.125,-3893.5,South
-65.125,185.125,-5043.0,South
-65.125,187.125,-4656.0,South
-65.125,189.125,-4337.0,South
-65.125,191.125,-5093.0,South
-65.125,193.125,-5200.0,South
-65.125,195.125,-4940.5,South
-65.125,197.125,-5137.5,South
-65.125,199.125,-5633.0,South
-65.125,201.125,-4972.0,South
-65.125,203.125,-5221.0,South
-65.125,205.125,-5120.5,South
-65.125,207.125,-5122.5,South
-65.125,209.125,-4812.0,South
-65.125,211.125,-5015.0,South
-65.125,213.125,-4882.0,South
-65.125,215.125,-5666.0,South
-65.125,217.125,-4510.5,South
-65.125,219.125,-4702.5,South
-65.125,221.125,-4152.5,South
-65.125,223.125,-4109.5,South
-65.125,225.125,-4176.5,South
-65.125,227.125,-3842.0,South
-65.125,229.125,-4270.0,South
-65.125,231.125,-3836.0,South
-65.125,233.125,-3396.0,South
-65.125,235.125,-3478.0,South
-65.125,237.125,-3304.5,South
-65.125,239.125,-3364.5,South
-65.125,241.125,-3135.5,South
-65.125,243.125,-3275.0,South
-65.125,245.125,-1777.5,South
-65.125,247.125,-1584.0,South
-65.125,249.125,-1356.0,South
-65.125,251.125,-1568.5,South
-65.125,253.125,-1215.0,South
-65.125,255.125,-630.5,South
-65.125,257.125,-602.5,South
-65.125,259.125,-1168.0,South
-65.125,261.125,-1286.5,South
-65.125,263.125,1186.5,South
-65.125,265.125,4169.5,South
-65.125,267.125,-690.5,South
-65.125,269.125,-1160.5,South
-65.125,271.125,-1112.0,South
-65.125,273.125,-976.5,South
-65.125,275.125,-628.5,South
-65.125,277.125,2195.0,South
-65.125,279.125,4014.5,South
-65.125,281.125,1198.0,South
-65.125,283.125,-1009.0,South
-65.125,285.125,-1396.0,South
-65.125,287.125,-2852.0,South
-65.125,289.125,-1074.5,South
-65.125,291.125,-1195.0,South
-65.125,293.125,-984.5,South
-65.125,295.125,-847.0,South
-65.125,297.125,-1186.5,South
-65.125,299.125,-1007.0,South
-65.125,301.125,147.0,South
-65.125,303.125,404.0,South
-65.125,305.125,37.5,South
-65.125,307.125,385.5,South
-65.125,309.125,-26.5,South
-65.125,311.125,-760.5,South
-65.125,313.125,455.0,South
-65.125,315.125,259.0,South
-65.125,317.125,73.0,South
-65.125,319.125,735.5,South
-65.125,321.125,-836.0,South
-65.125,323.125,-1454.5,South
-65.125,325.125,-910.0,South
-65.125,327.125,-1144.0,South
-65.125,329.125,-948.0,South
-65.125,331.125,-781.0,South
-65.125,333.125,-379.5,South
-65.125,335.125,-634.0,South
-65.125,337.125,-1534.5,South
-65.125,339.125,-1192.0,South
-65.125,341.125,556.0,South
-65.125,343.125,-842.5,South
-65.125,345.125,-1079.0,South
-65.125,347.125,-753.5,South
-65.125,349.125,540.0,South
-65.125,351.125,-82.5,South
-65.125,353.125,-770.5,South
-65.125,355.125,-1452.5,South
-65.125,357.125,-1050.5,South
-65.125,359.125,601.5,South
-67.125,1.125,-1151.0,South
-67.125,3.125,-2358.0,South
-67.125,5.125,-2412.5,South
-67.125,7.125,-1917.0,South
-67.125,9.125,-50.0,South
-67.125,11.125,1508.5,South
-67.125,13.125,-1536.0,South
-67.125,15.125,1040.5,South
-67.125,17.125,308.0,South
-67.125,19.125,86.5,South
-67.125,21.125,191.5,South
-67.125,23.125,-583.5,South
-67.125,25.125,-2535.5,South
-67.125,27.125,-2374.0,South
-67.125,29.125,-474.0,South
-67.125,31.125,1734.0,South
-67.125,33.125,1791.0,South
-67.125,35.125,928.0,South
-67.125,37.125,813.0,South
-67.125,39.125,574.0,South
-67.125,41.125,802.0,South
-67.125,43.125,-1001.0,South
-67.125,45.125,-1908.0,South
-67.125,47.125,-1436.5,South
-67.125,49.125,-968.5,South
-67.125,51.125,1676.5,South
-67.125,53.125,2227.5,South
-67.125,55.125,2215.5,South
-67.125,57.125,1457.0,South
-67.125,59.125,1075.5,South
-67.125,61.125,1489.0,South
-67.125,63.125,176.0,South
-67.125,65.125,-1151.5,South
-67.125,67.125,631.0,South
-67.125,69.125,1170.5,South
-67.125,71.125,771.0,South
-67.125,73.125,135.5,South
-67.125,75.125,158.5,South
-67.125,77.125,-461.0,South
-67.125,79.125,548.5,South
-67.125,81.125,-598.5,South
-67.125,83.125,-601.5,South
-67.125,85.125,712.5,South
-67.125,87.125,278.5,South
-67.125,89.125,-5.0,South
-67.125,91.125,214.5,South
-67.125,93.125,-451.5,South
-67.125,95.125,-211.0,South
-67.125,97.125,424.0,South
-67.125,99.125,431.5,South
-67.125,101.125,-448.0,South
-67.125,103.125,-1452.5,South
-67.125,105.125,-757.0,South
-67.125,107.125,76.5,South
-67.125,109.125,-1861.0,South
-67.125,111.125,-1699.0,South
-67.125,113.125,-1099.0,South
-67.125,115.125,-1343.0,South
-67.125,117.125,-1334.0,South
-67.125,119.125,-619.5,South
-67.125,121.125,80.0,South
-67.125,123.125,-236.0,South
-67.125,125.125,-288.0,South
-67.125,127.125,-910.0,South
-67.125,129.125,-1906.0,South
-67.125,131.125,-2936.5,South
-67.125,133.125,-1243.5,South
-67.125,135.125,770.5,South
-67.125,137.125,1303.5,South
-67.125,139.125,-1007.0,South
-67.125,141.125,-1023.5,South
-67.125,143.125,-1301.0,South
-67.125,145.125,-2504.0,South
-67.125,147.125,-3930.5,South
-67.125,149.125,-3831.5,South
-67.125,151.125,-4188.5,South
-67.125,153.125,-3877.0,South
-67.125,155.125,-4096.5,South
-67.125,157.125,-4166.5,South
-67.125,159.125,-1797.0,South
-67.125,161.125,-3922.5,South
-67.125,163.125,-3257.0,South
-67.125,165.125,-4197.0,South
-67.125,167.125,-4540.0,South
-67.125,169.125,-4664.0,South
-67.125,171.125,-4235.5,South
-67.125,173.125,-4290.0,South
-67.125,175.125,-7701.5,South
-67.125,177.125,-7722.5,South
-67.125,179.125,-7326.5,South
-67.125,181.125,-6712.0,South
-67.125,183.125,-4110.0,South
-67.125,185.125,-3614.5,South
-67.125,187.125,-5151.0,South
-67.125,189.125,-4150.5,South
-67.125,191.125,-4125.5,South
-67.125,193.125,-4747.0,South
-67.125,195.125,-5004.0,South
-67.125,197.125,-4653.5,South
-67.125,199.125,-5269.5,South
-67.125,201.125,-4891.0,South
-67.125,203.125,-5081.0,South
-67.125,205.125,-4724.0,South
-67.125,207.125,-4664.0,South
-67.125,209.125,-5779.0,South
-67.125,211.125,-7106.0,South
-67.125,213.125,-6840.0,South
-67.125,215.125,-5407.5,South
-67.125,217.125,-3978.0,South
-67.125,219.125,-3772.0,South
-67.125,221.125,-3713.5,South
-67.125,223.125,-3838.5,South
-67.125,225.125,-5539.0,South
-67.125,227.125,-3880.5,South
-67.125,229.125,-4203.5,South
-67.125,231.125,-3067.0,South
-67.125,233.125,-3314.0,South
-67.125,235.125,-5563.0,South
-67.125,237.125,-3331.0,South
-67.125,239.125,-2623.0,South
-67.125,241.125,-3178.5,South
-67.125,243.125,-1889.0,South
-67.125,245.125,-2448.0,South
-67.125,247.125,-1345.5,South
-67.125,249.125,-1032.5,South
-67.125,251.125,-2038.5,South
-67.125,253.125,-632.5,South
-67.125,255.125,-269.0,South
-67.125,257.125,-1775.0,South
-67.125,259.125,-1200.5,South
-67.125,261.125,-952.0,South
-67.125,263.125,2006.5,South
-67.125,265.125,3092.0,South
-67.125,267.125,3037.0,South
-67.125,269.125,654.5,South
-67.125,271.125,-363.0,South
-67.125,273.125,768.0,South
-67.125,275.125,2555.5,South
-67.125,277.125,4923.0,South
-67.125,279.125,2398.5,South
-67.125,281.125,-832.0,South
-67.125,283.125,-1105.5,South
-67.125,285.125,-1580.5,South
-67.125,287.125,-1532.5,South
-67.125,289.125,-1242.0,South
-67.125,291.125,-1209.5,South
-67.125,293.125,-1563.0,South
-67.125,295.125,-1362.0,South
-67.125,297.125,-1510.5,South
-67.125,299.125,-873.5,South
-67.125,301.125,-821.5,South
-67.125,303.125,1112.5,South
-67.125,305.125,1203.5,South
-67.125,307.125,828.0,South
-67.125,309.125,-270.5,South
-67.125,311.125,1203.0,South
-67.125,313.125,-2250.0,South
-67.125,315.125,-2332.0,South
-67.125,317.125,-247.5,South
-67.125,319.125,-225.5,South
-67.125,321.125,-706.0,South
-67.125,323.125,-1467.5,South
-67.125,325.125,-871.5,South
-67.125,327.125,-707.0,South
-67.125,329.125,-448.0,South
-67.125,331.125,-490.0,South
-67.125,333.125,193.5,South
-67.125,335.125,-175.0,South
-67.125,337.125,-87.0,South
-67.125,339.125,-762.0,South
-67.125,341.125,-625.5,South
-67.125,343.125,-831.0,South
-67.125,345.125,-731.5,South
-67.125,347.125,-2607.5,South
-67.125,349.125,-3859.5,South
-67.125,351.125,-3501.0,South
-67.125,353.125,-428.5,South
-67.125,355.125,-723.5,South
-67.125,357.125,247.0,South
-67.125,359.125,-112.5,South
-69.125,1.125,1013.5,South
-69.125,3.125,1254.5,South
